event_date,dau,base_users,retained_users,d1_retention,dau_90d_roll,d1_90d_roll
2011-06-21,36,36,22,0.6111111111111112,,
2011-06-22,52,52,24,0.4615384615384615,,
2011-06-23,33,33,17,0.5151515151515151,,
2011-06-24,30,30,12,0.4,,
2011-06-25,17,17,10,0.5882352941176471,,
2011-06-26,14,14,8,0.5714285714285714,,
2011-06-27,26,26,13,0.5,,
2011-06-28,38,38,23,0.6052631578947368,,
2011-06-29,61,61,17,0.2786885245901639,,
2011-06-30,25,25,9,0.36,,
2011-07-01,18,18,3,0.1666666666666666,,
2011-07-02,14,14,4,0.2857142857142857,,
2011-07-03,13,13,4,0.3076923076923077,,
2011-07-04,16,16,6,0.375,,
2011-07-05,21,21,6,0.2857142857142857,,
2011-07-06,14,14,5,0.3571428571428571,,
2011-07-07,20,20,6,0.3,,
2011-07-08,14,14,5,0.3571428571428571,,
2011-07-09,13,13,5,0.3846153846153846,,
2011-07-10,17,17,6,0.3529411764705882,,
2011-07-11,26,26,11,0.4230769230769231,,
2011-07-12,21,21,10,0.4761904761904761,,
2011-07-13,19,19,6,0.3157894736842105,,
2011-07-14,12,12,7,0.5833333333333334,,
2011-07-15,17,17,8,0.4705882352941176,,
2011-07-16,13,13,6,0.4615384615384615,,
2011-07-17,11,11,4,0.3636363636363636,,
2011-07-18,21,21,7,0.3333333333333333,,
2011-07-19,14,14,8,0.5714285714285714,,
2011-07-20,19,19,7,0.3684210526315789,22.166666666666668,0.41437942270462697
2011-07-21,13,13,6,0.4615384615384615,21.870967741935484,0.41590068202184743
2011-07-22,14,14,3,0.2142857142857142,21.625,0.4096002142800933
2011-07-23,7,7,4,0.5714285714285714,21.181818181818183,0.41450410389065323
2011-07-24,9,9,5,0.5555555555555556,20.823529411764707,0.41865267599844447
2011-07-25,13,13,5,0.3846153846153846,20.6,0.4176801819589284
2011-07-26,15,15,4,0.2666666666666666,20.444444444444443,0.413485362089699
2011-07-27,11,11,6,0.5454545454545454,20.18918918918919,0.41705209677523536
2011-07-28,18,18,7,0.3888888888888889,20.13157894736842,0.4163109597255947
2011-07-29,14,14,3,0.2142857142857142,19.974358974358974,0.41113082522713623
2011-07-30,7,7,2,0.2857142857142857,19.65,0.4079954117393149
2011-07-31,16,16,10,0.625,19.5609756097561,0.4132882065749414
2011-08-01,31,31,10,0.3225806451612903,19.833333333333332,0.41112850273175927
2011-08-02,24,24,8,0.3333333333333333,19.930232558139537,0.40931931274574934
2011-08-03,15,15,5,0.3333333333333333,19.818181818181817,0.4075923586681944
2011-08-04,13,13,4,0.3076923076923077,19.666666666666668,0.40537235753539697
2011-08-05,13,13,5,0.3846153846153846,19.52173913043478,0.4049211189936575
2011-08-06,20,20,3,0.15,19.53191489361702,0.39949726539804775
2011-08-07,12,12,1,0.0833333333333333,19.375,0.39291051681336625
2011-08-08,18,18,6,0.3333333333333333,19.346938775510203,0.39169465592601865
2011-08-09,15,15,7,0.4666666666666667,19.26,0.39319409614083156
2011-08-10,17,17,3,0.1764705882352941,19.215686274509803,0.3889446155936642
2011-08-11,8,8,1,0.125,19.0,0.38386875760147837
2011-08-12,14,14,5,0.3571428571428571,18.90566037735849,0.3833644953286741
2011-08-13,14,14,6,0.4285714285714285,18.814814814814813,0.38420166075909556
2011-08-14,9,9,4,0.4444444444444444,18.636363636363637,0.3852969840988291
2011-08-15,21,21,6,0.2857142857142857,18.678571428571427,0.38351872162767664
2011-08-16,17,17,6,0.3529411764705882,18.649122807017545,0.3829822734670259
2011-08-17,15,15,4,0.2666666666666666,18.586206896551722,0.380976831970468
2011-08-18,9,9,2,0.2222222222222222,18.423728813559322,0.3782860758730401
2011-08-19,11,11,0,0.0,18.3,0.37198130794182277
2011-08-20,3,3,1,0.3333333333333333,18.049180327868854,0.37134773458758524
2011-08-21,5,5,2,0.4,17.838709677419356,0.3718098679006887
2011-08-22,19,19,9,0.4736842105263157,17.857142857142858,0.3734269209582383
2011-08-23,20,20,9,0.45,17.890625,0.3746233753182659
2011-08-24,25,25,8,0.32,18.0,0.37378301569798483
2011-08-25,23,23,9,0.391304347826087,18.075757575757574,0.37404849042719857
2011-08-26,25,25,10,0.4,18.17910447761194,0.37443582639097167
2011-08-27,15,15,5,0.3333333333333333,18.13235294117647,0.37383137796365346
2011-08-28,12,12,3,0.25,18.043478260869566,0.3720367203120063
2011-08-29,10,10,7,0.7,17.928571428571427,0.3767219100218348
2011-08-30,16,16,7,0.4375,17.901408450704224,0.377577939458147
2011-08-31,18,18,8,0.4444444444444444,17.90277777777778,0.37850664091629
2011-09-01,18,18,7,0.3888888888888889,17.904109589041095,0.3786488634912571
2011-09-02,16,16,2,0.125,17.87837837837838,0.3752211761467807
2011-09-03,4,4,1,0.25,17.69333333333333,0.3735515604648236
2011-09-04,8,8,3,0.375,17.56578947368421,0.3735706188797601
2011-09-05,11,11,6,0.5454545454545454,17.48051948051948,0.37580287766644566
2011-09-06,24,24,5,0.2083333333333333,17.564102564102566,0.3736558322262775
2011-09-07,13,13,5,0.3846153846153846,17.50632911392405,0.37379456073753203
2011-09-08,9,9,3,0.3333333333333333,17.4,0.3732887953949796
2011-09-09,17,17,3,0.1764705882352941,17.395061728395063,0.37085894098560074
2011-09-10,9,9,2,0.2222222222222222,17.29268292682927,0.3690462980738522
2011-09-11,9,9,5,0.5555555555555556,17.19277108433735,0.3712933975615836
2011-09-12,16,16,7,0.4375,17.178571428571427,0.3720815714001362
2011-09-13,14,14,7,0.5,17.141176470588235,0.37358649408954636
2011-09-14,16,16,7,0.4375,17.127906976744185,0.3743296743908307
2011-09-15,15,15,8,0.5333333333333333,17.103448275862068,0.3761573026545376
2011-09-16,20,20,8,0.4,17.136363636363637,0.37642824239709965
2011-09-17,14,14,3,0.2142857142857142,17.10112359550562,0.3746064162385448
2011-09-18,10,10,2,0.2,17.022222222222222,0.3726663449470054
2011-09-19,11,11,4,0.3636363636363636,16.744444444444444,0.36991662553061927
2011-09-20,18,18,9,0.5,16.366666666666667,0.3703439759579697
2011-09-21,14,14,9,0.6428571428571429,16.155555555555555,0.3717629273769211
2011-09-22,28,28,12,0.4285714285714285,16.133333333333333,0.3720803876943814
2011-09-23,18,18,10,0.5555555555555556,16.144444444444446,0.371717279488136
2011-09-24,14,14,4,0.2857142857142857,16.144444444444446,0.36854267631353277
2011-09-25,6,6,3,0.5,15.922222222222222,0.3685426763135328
2011-09-26,24,24,8,0.3333333333333333,15.766666666666667,0.3655212338184061
2011-09-27,21,21,9,0.4285714285714285,15.322222222222223,0.367186599418198
2011-09-28,13,13,5,0.3846153846153846,15.188888888888888,0.3674601036917022
2011-09-29,17,17,6,0.3529411764705882,15.177777777777777,0.36952982046730143
2011-09-30,13,13,5,0.3846153846153846,15.166666666666666,0.37062872156620247
2011-10-01,13,13,6,0.4615384615384615,15.166666666666666,0.37233812327560417
2011-10-02,18,18,8,0.4444444444444444,15.188888888888888,0.3731097282138757
2011-10-03,23,23,9,0.391304347826087,15.21111111111111,0.3742829511262291
2011-10-04,14,14,8,0.5714285714285714,15.21111111111111,0.3766639035071815
2011-10-05,16,16,6,0.375,15.166666666666666,0.37749723684051484
2011-10-06,9,9,6,0.6666666666666666,15.11111111111111,0.3809363902796683
2011-10-07,18,18,1,0.0555555555555555,15.166666666666666,0.3772801699567812
2011-10-08,8,8,3,0.375,15.066666666666666,0.37752526799599695
2011-10-09,16,16,7,0.4375,14.955555555555556,0.37768552440625336
2011-10-10,14,14,3,0.2142857142857142,14.877777777777778,0.3747754714962005
2011-10-11,6,6,3,0.5,14.733333333333333,0.37682225512193146
2011-10-12,9,9,4,0.4444444444444444,14.7,0.3752790452453882
2011-10-13,17,17,5,0.2941176470588235,14.7,0.37331826093166276
2011-10-14,10,10,3,0.3,14.666666666666666,0.37152338913679095
2011-10-15,13,13,6,0.4615384615384615,14.688888888888888,0.37261119022459205
2011-10-16,15,15,6,0.4,14.622222222222222,0.37335193096533276
2011-10-17,16,16,5,0.3125,14.644444444444444,0.3704749468383487
2011-10-18,16,16,5,0.3125,14.61111111111111,0.3698536018091089
2011-10-19,23,23,9,0.391304347826087,14.722222222222221,0.36907322276786025
2011-10-20,20,20,6,0.3,14.78888888888889,0.37002560372024124
2011-10-21,11,11,6,0.5454545454545454,14.833333333333334,0.3697370034316409
2011-10-22,14,14,6,0.4285714285714285,14.88888888888889,0.36832606868737294
2011-10-23,16,16,8,0.5,14.922222222222222,0.36960811996942416
2011-10-24,18,18,5,0.2777777777777778,14.955555555555556,0.36973157675954765
2011-10-25,7,7,3,0.4285714285714285,14.911111111111111,0.3684328754608463
2011-10-26,26,26,9,0.3461538461538461,15.0,0.3679580416526791
2011-10-27,21,21,7,0.3333333333333333,15.077777777777778,0.36928079297543054
2011-10-28,41,41,6,0.1463414634146341,15.455555555555556,0.36773220606099
2011-10-29,17,17,3,0.1764705882352941,15.466666666666667,0.3627485459302709
2011-10-30,8,8,5,0.625,15.21111111111111,0.3661087609840344
2011-10-31,25,25,7,0.28,15.222222222222221,0.36551616839144185
2011-11-01,14,14,7,0.5,15.21111111111111,0.3673680202432937
2011-11-02,20,20,7,0.35,15.28888888888889,0.36783810571337916
2011-11-03,21,21,5,0.238095238095238,15.377777777777778,0.3662101040853776
2011-11-04,16,16,7,0.4375,15.333333333333334,0.369404548529822
2011-11-05,18,18,8,0.4444444444444444,15.4,0.37341689420883434
2011-11-06,16,16,10,0.625,15.377777777777778,0.3766576349495751
2011-11-07,33,33,16,0.4848484848484848,15.577777777777778,0.3768596551515953
2011-11-08,21,21,8,0.3809523809523809,15.622222222222222,0.37913167507067397
2011-11-09,30,30,13,0.4333333333333333,15.866666666666667,0.38255760099659997
2011-11-10,28,28,4,0.1428571428571428,16.022222222222222,0.38017664861564754
2011-11-11,7,7,2,0.2857142857142857,15.944444444444445,0.37858934702834596
2011-11-12,13,13,5,0.3846153846153846,15.988888888888889,0.37792457969691196
2011-11-13,8,8,3,0.375,15.844444444444445,0.3789166431889755
2011-11-14,15,15,7,0.4666666666666667,15.822222222222223,0.3801802597467097
2011-11-15,19,19,6,0.3157894736842105,15.866666666666667,0.3807260687135712
2011-11-16,17,17,8,0.4705882352941176,15.955555555555556,0.38348569108103675
2011-11-17,19,19,8,0.4210526315789473,16.044444444444444,0.38816405365413614
2011-11-18,18,18,5,0.2777777777777778,16.211111111111112,0.3875467697035189
2011-11-19,7,7,5,0.7142857142857143,16.233333333333334,0.39103883319558236
2011-11-20,7,7,5,0.7142857142857143,16.1,0.39371218323735346
2011-11-21,16,16,7,0.4375,16.055555555555557,0.39357329434846466
2011-11-22,18,18,6,0.3333333333333333,15.977777777777778,0.39372144249661273
2011-11-23,20,20,6,0.3,15.944444444444445,0.3927069497429896
2011-11-24,11,11,6,0.5454545454545454,15.78888888888889,0.3943231113591511
2011-11-25,17,17,4,0.2352941176470588,15.811111111111112,0.3932337867404148
2011-11-26,14,14,4,0.2857142857142857,15.833333333333334,0.3936306121372402
2011-11-27,10,10,4,0.4,15.833333333333334,0.39029727880390686
2011-11-28,18,18,9,0.5,15.855555555555556,0.3909917232483513
2011-11-29,32,32,12,0.375,16.011111111111113,0.3902201183100797
2011-11-30,24,24,10,0.4166666666666667,16.07777777777778,0.39052876028538835
2011-12-01,20,20,9,0.45,16.122222222222224,0.3941398713964995
2011-12-02,23,23,4,0.1739130434782608,16.333333333333332,0.3932944607684801
2011-12-03,10,10,2,0.2,16.355555555555554,0.3913500163240357
2011-12-04,12,12,6,0.5,16.366666666666667,0.3908449658189852
2011-12-05,20,20,6,0.3,16.322222222222223,0.3918634843375037
2011-12-06,19,19,9,0.4736842105263157,16.38888888888889,0.3928531379587362
2011-12-07,29,29,9,0.3103448275862069,16.61111111111111,0.3925977101171015
2011-12-08,19,19,8,0.4210526315789473,16.633333333333333,0.39531528837647545
2011-12-09,22,22,5,0.2272727272727272,16.77777777777778,0.39537140509925883
2011-12-10,13,13,2,0.1538461538461538,16.822222222222223,0.39090796730248767
2011-12-11,8,8,3,0.375,16.733333333333334,0.3902135228580432
2011-12-12,23,23,10,0.4347826086956521,16.833333333333332,0.3894888851768838
2011-12-13,22,22,12,0.5454545454545454,16.9,0.39068838012637874
2011-12-14,22,22,11,0.5,16.977777777777778,0.3903180097560084
2011-12-15,19,19,10,0.5263157894736842,16.966666666666665,0.39172151852793824
2011-12-16,22,22,9,0.4090909090909091,17.055555555555557,0.3938860206924404
2011-12-17,15,15,5,0.3333333333333333,17.11111111111111,0.39536750217392186
2011-12-18,12,12,9,0.75,17.122222222222224,0.3996604314668512
2011-12-19,21,21,15,0.7142857142857143,17.155555555555555,0.4020413838478036
2011-12-20,24,24,14,0.5833333333333334,17.266666666666666,0.40138000818642794
2011-12-21,21,21,11,0.5238095238095238,17.18888888888889,0.402438209244629
2011-12-22,22,22,7,0.3181818181818182,17.233333333333334,0.39980072327380967
2011-12-23,14,14,5,0.3571428571428571,17.233333333333334,0.40059437406746046
2011-12-24,11,11,4,0.3636363636363636,17.288888888888888,0.39907922255230893
2011-12-25,10,10,3,0.3,17.133333333333333,0.3987088521819385
2011-12-26,12,12,5,0.4166666666666667,17.033333333333335,0.3985765770496634
2011-12-27,19,19,10,0.5263157894736842,17.1,0.4001510259925335
2011-12-28,24,24,11,0.4583333333333333,17.177777777777777,0.40132204995767495
2011-12-29,23,23,7,0.3043478260869565,17.288888888888888,0.4004301881962481
2011-12-30,16,16,3,0.1875,17.322222222222223,0.39738531640137625
2011-12-31,5,5,3,0.6,17.177777777777777,0.3991137114631046
2012-01-01,10,10,5,0.5,17.033333333333335,0.40032144093170363
2012-01-02,16,16,3,0.1875,17.055555555555557,0.39605556791583063
2012-01-03,13,13,5,0.3846153846153846,17.022222222222222,0.3961624055226683
2012-01-04,23,23,4,0.1739130434782608,17.177777777777777,0.3906873652650193
2012-01-05,14,14,2,0.1428571428571428,17.133333333333333,0.39165738290170365
2012-01-06,4,4,2,0.5,17.08888888888889,0.39304627179059254
2012-01-07,12,12,5,0.4166666666666667,17.044444444444444,0.39281479030911104
2012-01-08,16,16,7,0.4375,17.066666666666666,0.39529494903926976
2012-01-09,18,18,7,0.3888888888888889,17.2,0.3940603811380352
2012-01-10,21,21,12,0.5714285714285714,17.333333333333332,0.3954713158823033
2012-01-11,26,26,10,0.3846153846153846,17.433333333333334,0.3964768462995984
2012-01-12,27,27,12,0.4444444444444444,17.622222222222224,0.39808178457120336
2012-01-13,25,25,4,0.16,17.755555555555556,0.394731357220776
2012-01-14,8,8,2,0.25,17.677777777777777,0.39306469055410936
2012-01-15,10,10,4,0.4,17.61111111111111,0.39403691277633157
2012-01-16,24,24,8,0.3333333333333333,17.7,0.39426839425781296
2012-01-17,24,24,10,0.4166666666666667,17.711111111111112,0.39455019780048617
2012-01-18,27,27,11,0.4074074074074074,17.788888888888888,0.39574361343834624
2012-01-19,24,24,6,0.25,17.933333333333334,0.3924607851555179
2012-01-20,21,21,8,0.3809523809523809,18.011111111111113,0.39193168462641736
2012-01-21,19,19,7,0.3684210526315789,18.044444444444444,0.3904696963223238
2012-01-22,17,17,12,0.7058823529411765,18.033333333333335,0.39522641382413937
2012-01-23,33,33,15,0.4545454545454545,18.322222222222223,0.39551501411273965
2012-01-24,29,29,10,0.3448275862068966,18.355555555555554,0.39550027789110687
2012-01-25,23,23,9,0.391304347826087,18.377777777777776,0.39614440027435965
2012-01-26,25,25,10,0.4,18.2,0.39896282845864156
2012-01-27,20,20,8,0.4,18.233333333333334,0.40144648858936055
2012-01-28,14,14,7,0.5,18.3,0.40005759970047167
2012-01-29,24,24,12,0.5,18.288888888888888,0.4025020441449161
2012-01-30,37,37,18,0.4864864864864865,18.544444444444444,0.4023518939947659
2012-01-31,36,36,11,0.3055555555555556,18.72222222222222,0.4018580668342721
2012-02-01,21,21,9,0.4285714285714285,18.72222222222222,0.4039744689506742
2012-02-02,40,40,8,0.2,18.988888888888887,0.40133558006178527
2012-02-03,17,17,3,0.1764705882352941,18.977777777777778,0.39835809277057255
2012-02-04,12,12,3,0.25,18.933333333333334,0.39419142610390584
2012-02-05,13,13,5,0.3846153846153846,18.711111111111112,0.39307772499020477
2012-02-06,15,15,10,0.6666666666666666,18.644444444444446,0.39625232816480793
2012-02-07,23,23,11,0.4782608695652174,18.566666666666666,0.39675152301182887
2012-02-08,33,33,12,0.3636363636363636,18.622222222222224,0.3992046254649313
2012-02-09,25,25,4,0.16,18.822222222222223,0.39780780006810595
2012-02-10,17,17,3,0.1764705882352941,18.866666666666667,0.3954950801083271
2012-02-11,12,12,5,0.4166666666666667,18.91111111111111,0.3959580430712901
2012-02-12,14,14,10,0.7142857142857143,18.9,0.39870936582261285
2012-02-13,28,28,13,0.4642857142857143,19.0,0.4003593240515185
2012-02-14,22,22,12,0.5454545454545454,19.055555555555557,0.40119117194218984
2012-02-15,21,21,11,0.5238095238095238,19.07777777777778,0.4023329151891963
2012-02-16,26,26,8,0.3076923076923077,19.166666666666668,0.40266529885491326
2012-02-17,14,14,4,0.2857142857142857,19.244444444444444,0.39790339409300846
2012-02-18,10,10,2,0.2,19.27777777777778,0.3921891083787228
2012-02-19,17,17,12,0.7058823529411765,19.288888888888888,0.39517113452251357
2012-02-20,31,31,10,0.3225806451612903,19.433333333333334,0.395051660209491
2012-02-21,27,27,8,0.2962962962962963,19.511111111111113,0.3950105079461164
2012-02-22,24,24,10,0.4166666666666667,19.655555555555555,0.3935795315151401
2012-02-23,20,20,4,0.2,19.68888888888889,0.3931873746523949
2012-02-24,17,17,4,0.2352941176470588,19.72222222222222,0.39262715056275904
2012-02-25,12,12,4,0.3333333333333333,19.744444444444444,0.39188640982201833
2012-02-26,13,13,6,0.4615384615384615,19.68888888888889,0.39145905939466785
2012-02-27,20,20,7,0.35,19.555555555555557,0.39118128161689014
2012-02-28,17,17,10,0.5882352941176471,19.477777777777778,0.39308759969967877
2012-02-29,16,16,9,0.5625,19.433333333333334,0.39433759969967874
2012-03-01,19,19,7,0.3684210526315789,19.38888888888889,0.39649879980138236
2012-03-02,16,16,2,0.125,19.455555555555556,0.395665466468049
2012-03-03,9,9,2,0.2222222222222222,19.42222222222222,0.3925790467149626
2012-03-04,13,13,8,0.6153846153846154,19.344444444444445,0.3960833202192361
2012-03-05,22,22,8,0.3636363636363636,19.377777777777776,0.3948605663649033
2012-03-06,23,23,10,0.4347826086956521,19.31111111111111,0.3962432083772305
2012-03-07,16,16,10,0.625,19.27777777777778,0.39850929024857545
2012-03-08,25,25,7,0.28,19.31111111111111,0.39909514883443403
2012-03-09,14,14,1,0.0714285714285714,19.322222222222223,0.3981793979186831
2012-03-10,9,9,4,0.4444444444444444,19.333333333333332,0.3989510028569548
2012-03-11,16,16,3,0.1875,19.255555555555556,0.396203418315892
2012-03-12,13,13,6,0.4615384615384615,19.155555555555555,0.395271017383491
2012-03-13,21,21,9,0.4285714285714285,19.144444444444446,0.3944773665898403
2012-03-14,22,22,10,0.4545454545454545,19.177777777777777,0.39367991842397104
2012-03-15,26,26,9,0.3461538461538461,19.22222222222222,0.39298061772467036
2012-03-16,21,21,3,0.1428571428571428,19.288888888888888,0.3908642156082682
2012-03-17,10,10,5,0.5,19.266666666666666,0.3880864378304904
2012-03-18,15,15,6,0.4,19.2,0.38459437433842686
2012-03-19,18,18,7,0.3888888888888889,19.133333333333333,0.3824338805112664
2012-03-20,29,29,6,0.2068965517241379,19.22222222222222,0.37891262526587327
2012-03-21,12,12,2,0.1666666666666666,19.11111111111111,0.3772291235823716
2012-03-22,16,16,7,0.4375,19.133333333333333,0.3781219807252288
2012-03-23,21,21,5,0.238095238095238,19.244444444444444,0.3767270793303273
2012-03-24,12,12,5,0.4166666666666667,19.266666666666666,0.3780233756266236
2012-03-25,17,17,7,0.4117647058823529,19.322222222222223,0.3779689093956868
2012-03-26,21,21,6,0.2857142857142857,19.344444444444445,0.3752955593539156
2012-03-27,20,20,9,0.45,19.3,0.37520296676132314
2012-03-28,18,18,11,0.6111111111111112,19.244444444444444,0.37861144770603594
2012-03-29,21,21,8,0.3809523809523809,19.3,0.3807609186055068
2012-03-30,22,22,9,0.4090909090909091,19.488888888888887,0.37863970648429474
2012-03-31,15,15,5,0.3333333333333333,19.544444444444444,0.3767878546324429
2012-04-01,9,9,4,0.4444444444444444,19.466666666666665,0.37964279290404784
2012-04-02,19,19,8,0.4210526315789473,19.533333333333335,0.3800476512036429
2012-04-03,20,20,3,0.15,19.5,0.3797819507205511
2012-04-04,15,15,6,0.4,19.511111111111113,0.38263909357769404
2012-04-05,23,23,5,0.217391304347826,19.72222222222222,0.37949899695933653
2012-04-06,11,11,2,0.1818181818181818,19.711111111111112,0.37688956934990897
2012-04-07,10,10,1,0.1,19.644444444444446,0.37313956934990894
2012-04-08,12,12,2,0.1666666666666666,19.57777777777778,0.3706704335474398
2012-04-09,8,8,0,0.0,19.433333333333334,0.36432122719823345
2012-04-10,15,15,4,0.2666666666666666,19.31111111111111,0.36301068588769214
2012-04-11,18,18,7,0.3888888888888889,19.211111111111112,0.3623934019370748
2012-04-12,16,16,7,0.4375,19.11111111111111,0.36547673527040814
2012-04-13,23,23,10,0.4347826086956521,19.27777777777778,0.3675298753670265
2012-04-14,16,16,5,0.3125,19.344444444444445,0.3665576531448043
2012-04-15,25,25,9,0.36,19.355555555555554,0.36685394944110067
2012-04-16,18,18,7,0.3888888888888889,19.288888888888888,0.3665453074657919
2012-04-17,25,25,7,0.28,19.266666666666666,0.36512966960570964
2012-04-18,16,16,4,0.25,19.177777777777777,0.36512966960570964
2012-04-19,15,15,8,0.5333333333333333,19.11111111111111,0.36682279129883133
2012-04-20,18,18,6,0.3333333333333333,19.1,0.36643292775107306
2012-04-21,9,9,6,0.6666666666666666,19.011111111111113,0.3659971979035785
2012-04-22,17,17,4,0.2352941176470588,18.833333333333332,0.3635610719380408
2012-04-23,21,21,9,0.4285714285714285,18.744444444444444,0.36449155907542446
2012-04-24,21,21,7,0.3333333333333333,18.72222222222222,0.3638474366921717
2012-04-25,18,18,9,0.5,18.644444444444446,0.36495854780328274
2012-04-26,20,20,10,0.5,18.644444444444446,0.36606965891439386
2012-04-27,22,22,4,0.1818181818181818,18.733333333333334,0.3625343053790403
2012-04-28,17,17,2,0.1176470588235294,18.655555555555555,0.3582859393659684
2012-04-29,8,8,3,0.375,18.333333333333332,0.3570472006272297
2012-04-30,21,21,7,0.3333333333333333,18.166666666666668,0.35735584260253833
2012-05-01,17,17,7,0.4117647058823529,18.122222222222224,0.3571691012393264
2012-05-02,20,20,10,0.5,17.9,0.3605024345726597
2012-05-03,24,24,12,0.5,17.977777777777778,0.3640972058144898
2012-05-04,30,30,5,0.1666666666666666,18.177777777777777,0.36317127988856385
2012-05-05,12,12,0,0.0,18.166666666666668,0.3588977756150596
2012-05-06,11,11,3,0.2727272727272727,18.122222222222224,0.3545206712379552
2012-05-07,23,23,9,0.391304347826087,18.122222222222224,0.353554487663076
2012-05-08,25,25,13,0.52,18.033333333333335,0.3552918614004497
2012-05-09,30,30,7,0.2333333333333333,18.08888888888889,0.3561066762152645
2012-05-10,23,23,2,0.0869565217391304,18.155555555555555,0.35511207547641827
2012-05-11,12,12,3,0.25,18.155555555555555,0.35326022362456644
2012-05-12,19,19,7,0.3684210526315789,18.211111111111112,0.34941728293952046
2012-05-13,15,15,9,0.6,18.066666666666666,0.35092521944745697
2012-05-14,31,31,10,0.3225806451612903,18.166666666666668,0.3484488427775319
2012-05-15,26,26,10,0.3846153846153846,18.22222222222222,0.3469022412309304
2012-05-16,22,22,7,0.3181818181818182,18.177777777777777,0.3470187913474805
2012-05-17,18,18,5,0.2777777777777778,18.22222222222222,0.3469306079259637
2012-05-18,13,13,1,0.0769230769230769,18.255555555555556,0.34556308655844237
2012-05-19,9,9,1,0.1111111111111111,18.166666666666668,0.338954517204775
2012-05-20,17,17,5,0.2941176470588235,18.011111111111113,0.3386382616703031
2012-05-21,20,20,7,0.35,17.933333333333334,0.33923496948923315
2012-05-22,25,25,9,0.36,17.944444444444443,0.33860533985960356
2012-05-23,23,23,10,0.4347826086956521,17.977777777777778,0.3412140355117774
2012-05-24,28,28,9,0.3214285714285714,18.1,0.34217108499823873
2012-05-25,22,22,4,0.1818181818181818,18.211111111111112,0.340487583314737
2012-05-26,16,16,7,0.4375,18.244444444444444,0.340220489297643
2012-05-27,21,21,5,0.238095238095238,18.255555555555556,0.33897710305425677
2012-05-28,16,16,10,0.625,18.244444444444444,0.33938559978628285
2012-05-29,22,22,10,0.4545454545454545,18.31111111111111,0.33818610483678796
2012-05-30,25,25,11,0.44,18.377777777777776,0.3389814264742148
2012-05-31,27,27,8,0.2962962962962963,18.5,0.3408847186552848
2012-06-01,23,23,7,0.3043478260869565,18.655555555555555,0.341797225364893
2012-06-02,15,15,6,0.4,18.677777777777777,0.33940406297173054
2012-06-03,16,16,7,0.4375,18.61111111111111,0.3402247700424376
2012-06-04,20,20,5,0.25,18.57777777777778,0.3381716299458193
2012-06-05,15,15,6,0.4,18.566666666666666,0.3356716299458193
2012-06-06,20,20,5,0.25,18.511111111111113,0.335338296612486
2012-06-07,21,21,8,0.3809523809523809,18.58888888888889,0.3387774500516394
2012-06-08,20,20,1,0.05,18.711111111111112,0.3343947340022567
2012-06-09,11,11,4,0.3636363636363636,18.655555555555555,0.3363518047093274
2012-06-10,15,15,8,0.5333333333333333,18.677777777777777,0.3371495255070482
2012-06-11,27,27,13,0.4814814814814814,18.744444444444444,0.3377374149838266
2012-06-12,24,24,9,0.375,18.766666666666666,0.3368535765999882
2012-06-13,22,22,11,0.5,18.72222222222222,0.3385629783093899
2012-06-14,52,52,13,0.25,19.066666666666666,0.3397534544998661
2012-06-15,40,40,5,0.125,19.4,0.33558678783319945
2012-06-16,12,12,2,0.1666666666666666,19.366666666666667,0.3329941952406068
2012-06-17,20,20,6,0.3,19.38888888888889,0.3320065409196191
2012-06-18,25,25,14,0.56,19.344444444444445,0.33592991256712873
2012-06-19,36,36,10,0.2777777777777778,19.61111111111111,0.3371644804683633
2012-06-20,20,20,7,0.35,19.655555555555555,0.3361922582461411
2012-06-21,29,29,13,0.4482758620689655,19.744444444444444,0.33852759851251585
2012-06-22,31,31,15,0.4838709677419355,19.955555555555556,0.3392743129689077
2012-06-23,24,24,10,0.4166666666666667,20.033333333333335,0.33932877919984455
2012-06-24,21,21,10,0.4761904761904761,20.033333333333335,0.3414451813162466
2012-06-25,27,27,9,0.3333333333333333,20.11111111111111,0.34014888501995033
2012-06-26,23,23,5,0.217391304347826,20.166666666666668,0.33577422050035827
2012-06-27,17,17,8,0.4705882352941176,20.122222222222224,0.3367701744374887
2012-06-28,19,19,6,0.3157894736842105,20.08888888888889,0.33573349182185874
2012-06-29,24,24,7,0.2916666666666667,20.18888888888889,0.33527052885889574
2012-06-30,20,20,8,0.4,20.31111111111111,0.3347767016984019
2012-07-01,19,19,9,0.4736842105263157,20.31111111111111,0.33536149702003937
2012-07-02,19,19,7,0.3684210526315789,20.3,0.33778839760483464
2012-07-03,23,23,6,0.2608695652173913,20.38888888888889,0.3362425038850279
2012-07-04,14,14,4,0.2857142857142857,20.288888888888888,0.337001648122433
2012-07-05,21,21,10,0.4761904761904761,20.4,0.3402724513932363
2012-07-06,19,19,2,0.1052631578947368,20.5,0.3403309309254
2012-07-07,7,7,3,0.4285714285714285,20.444444444444443,0.34324098383545293
2012-07-08,14,14,6,0.4285714285714285,20.511111111111113,0.3480028885973577
2012-07-09,17,17,6,0.3529411764705882,20.533333333333335,0.3489614942618457
2012-07-10,27,27,8,0.2962962962962963,20.633333333333333,0.3479326876774836
2012-07-11,22,22,6,0.2727272727272727,20.7,0.3461018795966755
2012-07-12,21,21,3,0.1428571428571428,20.677777777777777,0.3428582633095809
2012-07-13,9,9,1,0.1111111111111111,20.6,0.34062060898859325
2012-07-14,11,11,3,0.2727272727272727,20.444444444444443,0.3396509120188963
2012-07-15,8,8,2,0.25,20.333333333333332,0.3381077021423531
2012-07-16,17,17,9,0.5294117647058824,20.244444444444444,0.34087894397241847
2012-07-17,19,19,8,0.4210526315789473,20.27777777777778,0.3427795287677401
2012-07-18,21,21,6,0.2857142857142857,20.344444444444445,0.34002820601641737
2012-07-19,17,17,5,0.2941176470588235,20.333333333333332,0.33959247616892285
2012-07-20,20,20,5,0.25,20.455555555555556,0.3349628465392932
2012-07-21,9,9,5,0.5555555555555556,20.366666666666667,0.3385213069604987
2012-07-22,17,17,2,0.1176470588235294,20.322222222222223,0.33506659174107756
2012-07-23,12,12,5,0.4166666666666667,20.22222222222222,0.3359925176670035
2012-07-24,34,34,5,0.1470588235294117,20.4,0.33207094903955253
2012-07-25,12,12,3,0.25,20.31111111111111,0.32929317126177476
2012-07-26,16,16,3,0.1875,20.244444444444444,0.3293563025749061
2012-07-27,20,20,4,0.2,20.27777777777778,0.33027133525464464
2012-07-28,6,6,1,0.1666666666666666,20.255555555555556,0.3279565204398298
2012-07-29,9,9,3,0.3333333333333333,20.122222222222224,0.3279565204398298
2012-07-30,21,21,7,0.3333333333333333,20.166666666666668,0.3270850607448407
2012-07-31,17,17,3,0.1764705882352941,20.133333333333333,0.3234902895030106
2012-08-01,6,6,1,0.1666666666666666,19.933333333333334,0.31978658579930697
2012-08-02,17,17,5,0.2941176470588235,19.788888888888888,0.3212027078036642
2012-08-03,18,18,5,0.2777777777777778,19.855555555555554,0.32428912755675066
2012-08-04,9,9,3,0.3333333333333333,19.833333333333332,0.3249625282301513
2012-08-05,9,9,5,0.5555555555555556,19.677777777777777,0.32678754164936763
2012-08-06,21,21,5,0.238095238095238,19.633333333333333,0.32365526651709253
2012-08-07,23,23,5,0.217391304347826,19.555555555555557,0.32347813286169796
2012-08-08,19,19,4,0.2105263157894736,19.511111111111113,0.3248511305733685
2012-08-09,19,19,7,0.3684210526315789,19.58888888888889,0.3261669200470527
2012-08-10,27,27,7,0.2592592592592592,19.677777777777777,0.32495401123180473
2012-08-11,17,17,7,0.4117647058823529,19.7,0.3228625079638308
2012-08-12,22,22,11,0.5,19.6,0.32483383412870537
2012-08-13,24,24,5,0.2083333333333333,19.57777777777778,0.3228751446700159
2012-08-14,16,16,5,0.3125,19.511111111111113,0.3228120133568846
2012-08-15,18,18,6,0.3333333333333333,19.511111111111113,0.3234292973075019
2012-08-16,27,27,13,0.4814814814814814,19.666666666666668,0.32792439069148416
2012-08-17,19,19,4,0.2105263157894736,19.77777777777778,0.3290290040767993
2012-08-18,11,11,6,0.5454545454545454,19.711111111111112,0.33182163628119626
2012-08-19,22,22,9,0.4090909090909091,19.733333333333334,0.3324782019377619
2012-08-20,22,22,9,0.4090909090909091,19.7,0.3330236564832164
2012-08-21,22,22,6,0.2727272727272727,19.68888888888889,0.3312230416391233
2012-08-22,19,19,6,0.3157894736842105,19.58888888888889,0.3311603849975193
2012-08-23,22,22,4,0.1818181818181818,19.58888888888889,0.3311603849975193
2012-08-24,19,19,4,0.2105263157894736,19.622222222222224,0.32863845517295787
2012-08-25,17,17,2,0.1176470588235294,19.57777777777778,0.32730014206993896
2012-08-26,12,12,4,0.3333333333333333,19.533333333333335,0.3240594013291982
2012-08-27,25,25,7,0.28,19.566666666666666,0.32212000738980423
2012-08-28,25,25,7,0.28,19.566666666666666,0.32034222961202646
2012-08-29,21,21,6,0.2857142857142857,19.5,0.32022465171667075
2012-08-30,15,15,3,0.2,19.41111111111111,0.3190652314268157
2012-08-31,17,17,4,0.2352941176470588,19.433333333333334,0.3172351660673386
2012-09-01,11,11,3,0.2727272727272727,19.377777777777776,0.31540435798653055
2012-09-02,10,10,5,0.5,19.266666666666666,0.3181821357643083
2012-09-03,29,29,6,0.2068965517241379,19.42222222222222,0.3160365418945765
2012-09-04,19,19,5,0.2631578947368421,19.41111111111111,0.3161827407249858
2012-09-05,15,15,5,0.3333333333333333,19.344444444444445,0.3156536401958853
2012-09-06,21,21,6,0.2857142857142857,19.355555555555554,0.31827268781493295
2012-09-07,21,21,4,0.1904761904761904,19.466666666666665,0.316348685890931
2012-09-08,10,10,5,0.5,19.41111111111111,0.3159783155205606
2012-09-09,20,20,4,0.2,19.333333333333332,0.3128507435040997
2012-09-10,18,18,10,0.5555555555555556,19.266666666666666,0.3148569163436059
2012-09-11,21,21,9,0.4285714285714285,19.255555555555556,0.31406326554995506
2012-09-12,24,24,9,0.375,18.944444444444443,0.31545215443884395
2012-09-13,24,24,9,0.375,18.766666666666666,0.31822993221662177
2012-09-14,25,25,7,0.28,18.91111111111111,0.31948919147588106
2012-09-15,16,16,7,0.4375,18.866666666666667,0.3210169692536588
2012-09-16,20,20,12,0.6,18.81111111111111,0.32146141369810327
2012-09-17,26,26,13,0.5,18.7,0.32393054950057243
2012-09-18,24,24,9,0.375,18.744444444444444,0.3242083272783502
2012-09-19,23,23,11,0.4782608695652174,18.677777777777777,0.3245414940283085
2012-09-20,33,33,11,0.3333333333333333,18.7,0.3228688536459907
2012-09-21,19,19,4,0.2105263157894736,18.644444444444446,0.3205784053029108
2012-09-22,11,11,3,0.2727272727272727,18.533333333333335,0.3183177030422086
2012-09-23,14,14,4,0.2857142857142857,18.38888888888889,0.31778860251310803
2012-09-24,17,17,5,0.2941176470588235,18.322222222222223,0.3186411174321191
2012-09-25,22,22,5,0.2272727272727272,18.377777777777776,0.31593761178743696
2012-09-26,13,13,6,0.4615384615384615,18.31111111111111,0.31755704498581755
2012-09-27,13,13,5,0.3846153846153846,18.18888888888889,0.3185898085185811
2012-09-28,19,19,5,0.2631578947368421,18.177777777777777,0.3170693406823238
2012-09-29,11,11,5,0.4545454545454545,18.08888888888889,0.31685668783809195
2012-09-30,18,18,6,0.3333333333333333,18.07777777777778,0.3164668242903337
2012-10-01,18,18,6,0.3333333333333333,18.022222222222222,0.3172719772693997
2012-10-02,18,18,3,0.1666666666666666,18.066666666666666,0.31594922594664837
2012-10-03,13,13,5,0.3846153846153846,17.977777777777778,0.3149317249291474
2012-10-04,17,17,7,0.4117647058823529,17.955555555555556,0.31833729768456537
2012-10-05,34,34,5,0.1470588235294117,18.255555555555556,0.31520937985076514
2012-10-06,10,10,1,0.1,18.211111111111112,0.3115585861999715
2012-10-07,16,16,6,0.375,18.2,0.3118036842391872
2012-10-08,20,20,7,0.35,18.122222222222224,0.3124003920581172
2012-10-09,22,22,6,0.2727272727272727,18.122222222222224,0.3124003920581172
2012-10-10,28,28,9,0.3214285714285714,18.2,0.31438451904224424
2012-10-11,22,22,7,0.3181818181818182,18.344444444444445,0.3166853046763632
2012-10-12,16,16,2,0.125,18.4,0.315043890534949
2012-10-13,9,9,3,0.3333333333333333,18.41111111111111,0.3159698164608749
2012-10-14,15,15,5,0.3333333333333333,18.38888888888889,0.3137911672234022
2012-10-15,20,20,5,0.25,18.4,0.31189058242808054
2012-10-16,14,14,5,0.3571428571428571,18.322222222222223,0.3126842332217314
2012-10-17,24,24,8,0.3333333333333333,18.4,0.3131199630692259
2012-10-18,22,22,6,0.2727272727272727,18.42222222222222,0.31337248832175113
2012-10-19,32,32,6,0.1875,18.677777777777777,0.30928298214891164
2012-10-20,13,13,3,0.2307692307692307,18.633333333333333,0.31053989517053054
2012-10-21,13,13,5,0.3846153846153846,18.644444444444446,0.31018376981440515
2012-10-22,16,16,8,0.5,18.444444444444443,0.3141053384418561
2012-10-23,15,15,3,0.2,18.477777777777778,0.31354978288630064
2012-10-24,14,14,4,0.2857142857142857,18.455555555555556,0.3146410527275704
2012-10-25,17,17,3,0.1764705882352941,18.42222222222222,0.3143796148190737
2012-10-26,16,16,2,0.125,18.533333333333335,0.3139166518561108
2012-10-27,4,4,2,0.5,18.477777777777778,0.3157685037079626
2012-10-28,17,17,5,0.2941176470588235,18.433333333333334,0.31533277386046804
2012-10-29,22,22,7,0.3181818181818182,18.488888888888887,0.3169073430820961
2012-10-30,24,24,7,0.2916666666666667,18.68888888888889,0.318296231970985
2012-10-31,22,22,10,0.4545454545454545,18.744444444444444,0.3200787631652809
2012-11-01,19,19,7,0.3684210526315789,18.755555555555556,0.3210859106636565
2012-11-02,17,17,3,0.1764705882352941,18.844444444444445,0.31934299127367827
2012-11-03,11,11,4,0.3636363636363636,18.866666666666667,0.31721055580790947
2012-11-04,11,11,4,0.3636363636363636,18.755555555555556,0.31860545720281086
2012-11-05,13,13,5,0.3846153846153846,18.644444444444446,0.3204635025391171
2012-11-06,16,16,6,0.375,18.61111111111111,0.32229098791923405
2012-11-07,21,21,5,0.238095238095238,18.633333333333333,0.3208429233132747
2012-11-08,10,10,3,0.3,18.444444444444443,0.321295598210394
2012-11-09,13,13,6,0.4615384615384615,18.4,0.3218486399399063
2012-11-10,12,12,3,0.25,18.288888888888888,0.31907086216212854
2012-11-11,10,10,4,0.4,18.133333333333333,0.3212004917917582
2012-11-12,30,30,6,0.2,18.288888888888888,0.3199504917917582
2012-11-13,22,22,4,0.1818181818181818,18.333333333333332,0.3182669901082565
2012-11-14,12,12,1,0.0833333333333333,18.166666666666668,0.3138431217954993
2012-11-15,14,14,3,0.2142857142857142,18.11111111111111,0.31388489288990196
2012-11-16,16,16,2,0.125,18.166666666666668,0.3092131757181848
2012-11-17,11,11,4,0.3636363636363636,18.044444444444444,0.3087081252131343
2012-11-18,10,10,1,0.1,17.91111111111111,0.3052737817787909
2012-11-19,23,23,6,0.2608695652173913,17.92222222222222,0.3051420294731255
2012-11-20,27,27,7,0.2592592592592592,18.011111111111113,0.30451391597951494
2012-11-21,18,18,1,0.0555555555555555,17.966666666666665,0.3031109979099302
2012-11-22,15,15,4,0.2666666666666666,17.92222222222222,0.3037347795863435
2012-11-23,18,18,5,0.2777777777777778,17.933333333333334,0.3055140097969462
2012-11-24,18,18,2,0.1111111111111111,18.0,0.3030448739944771
2012-11-25,17,17,2,0.1176470588235294,17.91111111111111,0.30124095242584964
2012-11-26,20,20,4,0.2,17.855555555555554,0.30035206353696076
2012-11-27,14,14,2,0.1428571428571428,17.77777777777778,0.2987647619496592
2012-11-28,26,26,10,0.3846153846153846,17.9,0.3008160440009412
2012-11-29,19,19,8,0.4210526315789473,17.92222222222222,0.3028800274890733
2012-11-30,16,16,2,0.125,17.977777777777778,0.30123861334765917
2012-12-01,17,17,1,0.0588235294117647,18.055555555555557,0.2963366525633454
2012-12-02,9,9,3,0.3333333333333333,17.833333333333332,0.2977415056923365
2012-12-03,37,37,9,0.2432432432432432,18.033333333333335,0.2975202317868521
2012-12-04,23,23,7,0.3043478260869565,18.122222222222224,0.2971981705952257
2012-12-05,17,17,3,0.1764705882352941,18.07777777777778,0.295984351734348
2012-12-06,21,21,9,0.4285714285714285,18.07777777777778,0.2986298543798506
2012-12-07,21,21,8,0.3809523809523809,18.2,0.29730710305709934
2012-12-08,14,14,4,0.2857142857142857,18.133333333333333,0.29825948400948027
2012-12-09,18,18,10,0.5555555555555556,18.133333333333333,0.2982594840094802
2012-12-10,29,29,11,0.3793103448275862,18.22222222222222,0.29771213863454865
2012-12-11,22,22,12,0.5454545454545454,18.2,0.2996060780284881
2012-12-12,27,27,6,0.2222222222222222,18.233333333333334,0.29790854716429055
2012-12-13,15,15,5,0.3333333333333333,18.122222222222224,0.2985011397568831
2012-12-14,15,15,2,0.1333333333333333,18.11111111111111,0.29512151012725346
2012-12-15,6,6,3,0.5,17.955555555555556,0.29401039901614234
2012-12-16,14,14,8,0.5714285714285714,17.822222222222223,0.29480404980979313
2012-12-17,26,26,12,0.4615384615384615,17.844444444444445,0.2957655882713316
2012-12-18,22,22,7,0.3181818181818182,17.833333333333332,0.29398693214484944
2012-12-19,17,17,9,0.5294117647058824,17.655555555555555,0.29616558138232213
2012-12-20,28,28,6,0.2142857142857142,17.755555555555556,0.29620735247672486
2012-12-21,14,14,6,0.4285714285714285,17.788888888888888,0.29793895420832656
2012-12-22,19,19,7,0.3684210526315789,17.844444444444445,0.29885791828518543
2012-12-23,25,25,8,0.32,17.933333333333334,0.2991454999845318
2012-12-24,23,23,8,0.3478260869565217,17.944444444444443,0.30048498175879623
2012-12-25,12,12,3,0.25,17.933333333333334,0.29813455440836883
2012-12-26,16,16,7,0.4375,17.966666666666665,0.29872216124597567
2012-12-27,13,13,1,0.0769230769230769,17.9,0.2966528854924894
2012-12-28,12,12,1,0.0833333333333333,17.91111111111111,0.2925283063679103
2012-12-29,12,12,3,0.25,17.844444444444445,0.29160238044198433
2012-12-30,13,13,4,0.3076923076923077,17.788888888888888,0.2913174801570841
2012-12-31,20,20,0,0.0,17.81111111111111,0.2894656283052322
2013-01-01,7,7,2,0.2857142857142857,17.744444444444444,0.2883667272063311
2013-01-02,17,17,4,0.2352941176470588,17.744444444444444,0.2864059428926056
2013-01-03,14,14,5,0.3571428571428571,17.522222222222222,0.288740209932755
2013-01-04,20,20,7,0.35,17.633333333333333,0.2915179877105328
2013-01-05,23,23,6,0.2608695652173913,17.711111111111112,0.2902498717685038
2013-01-06,22,22,7,0.3181818181818182,17.733333333333334,0.2898963364149685
2013-01-07,20,20,5,0.25,17.711111111111112,0.2896438111624432
2013-01-08,20,20,7,0.35,17.622222222222224,0.2899612714799035
2013-01-09,29,29,8,0.2758620689655172,17.7,0.28949105204416686
2013-01-10,35,35,11,0.3142857142857143,17.91111111111111,0.2915942266473414
2013-01-11,23,23,3,0.1304347826086956,18.066666666666666,0.2893397983059566
2013-01-12,14,14,3,0.2142857142857142,18.055555555555557,0.28801704698320524
2013-01-13,15,15,4,0.2666666666666666,18.0,0.28820223216839047
2013-01-14,17,17,8,0.4705882352941176,18.033333333333335,0.2894627363700711
2013-01-15,35,35,12,0.3428571428571428,18.155555555555555,0.2895685564758912
2013-01-16,27,27,8,0.2962962962962963,18.211111111111112,0.289830434515547
2013-01-17,19,19,5,0.2631578947368421,18.066666666666666,0.29067107779040086
2013-01-18,14,14,2,0.1428571428571428,18.07777777777778,0.2896942768135999
2013-01-19,7,7,1,0.1428571428571428,18.011111111111113,0.2870080741273972
2013-01-20,16,16,4,0.25,18.011111111111113,0.28423029634961944
2013-01-21,20,20,10,0.5,18.066666666666666,0.28756362968295274
2013-01-22,36,36,13,0.3611111111111111,18.31111111111111,0.2884013721873619
2013-01-23,32,32,12,0.375,18.477777777777778,0.29060725454030306
2013-01-24,31,31,17,0.5483870967741935,18.644444444444446,0.29531155561557193
2013-01-25,41,41,11,0.2682926829268293,19.055555555555557,0.2927370298703144
2013-01-26,18,18,10,0.5555555555555556,19.066666666666666,0.29564189552027814
2013-01-27,29,29,9,0.3103448275862069,19.144444444444446,0.29555481784699356
2013-01-28,38,38,17,0.4473684210526316,19.3,0.29728483734017097
2013-01-29,37,37,11,0.2972972972972973,19.466666666666665,0.2955376355929692
2013-01-30,25,25,8,0.32,19.533333333333335,0.29499962389706275
2013-01-31,27,27,13,0.4814814814814814,19.644444444444446,0.2983886338220204
2013-02-01,26,26,7,0.2692307692307692,19.81111111111111,0.2973396827730694
2013-02-02,19,19,5,0.2631578947368421,19.9,0.2962232553408525
2013-02-03,19,19,5,0.2631578947368421,19.966666666666665,0.2948737276755353
2013-02-04,23,23,7,0.3043478260869565,20.044444444444444,0.29408870352094596
2013-02-05,28,28,9,0.3214285714285714,20.122222222222224,0.29501462944687185
2013-02-06,32,32,10,0.3125,20.366666666666667,0.29515351833576076
2013-02-07,37,37,11,0.2972972972972973,20.633333333333333,0.29332861651085895
2013-02-08,35,35,7,0.2,20.88888888888889,0.29277306095530337
2013-02-09,24,24,9,0.375,21.044444444444444,0.2924952831775256
2013-02-10,31,31,11,0.3548387096774194,21.055555555555557,0.29421571328505247
2013-02-11,36,36,16,0.4444444444444444,21.211111111111112,0.29713378286978875
2013-02-12,38,38,17,0.4473684210526316,21.5,0.301178617177781
2013-02-13,54,54,21,0.3888888888888889,21.944444444444443,0.30311865245114955
2013-02-14,43,43,14,0.3255813953488372,22.244444444444444,0.30534733462169217
2013-02-15,26,26,7,0.2692307692307692,22.41111111111111,0.30429838357274114
2013-02-16,17,17,6,0.3529411764705882,22.488888888888887,0.30710884108908104
2013-02-17,16,16,11,0.6875,22.41111111111111,0.3118491792533322
2013-02-18,42,42,16,0.3809523809523809,22.57777777777778,0.31320132504992243
2013-02-19,38,38,14,0.3684210526315789,22.8,0.3166776083507672
2013-02-20,37,37,16,0.4324324324324324,23.044444444444444,0.31851945019260897
2013-02-21,42,42,13,0.3095238095238095,23.31111111111111,0.31887218387867605
2013-02-22,30,30,5,0.1666666666666666,23.444444444444443,0.3194894678292933
2013-02-23,16,16,5,0.3125,23.433333333333334,0.3216545005090319
2013-02-24,21,21,10,0.4761904761904761,23.444444444444443,0.32472328357781494
2013-02-25,41,41,11,0.2682926829268293,23.744444444444444,0.3261170118008115
2013-02-26,34,34,12,0.3529411764705882,23.833333333333332,0.3257650761547582
2013-02-27,34,34,10,0.2941176470588235,24.0,0.3243546874378679
2013-02-28,27,27,9,0.3333333333333333,24.122222222222224,0.3266695022526827
2013-03-01,33,33,12,0.3636363636363636,24.3,0.33005631152184495
2013-03-02,31,31,13,0.4193548387096774,24.544444444444444,0.33101210602602654
2013-03-03,41,41,20,0.4878048780487805,24.58888888888889,0.3337294575238658
2013-03-04,56,56,20,0.3571428571428571,24.955555555555556,0.33431606898004246
2013-03-05,40,40,17,0.425,25.211111111111112,0.3370775068885392
2013-03-06,37,37,17,0.4594594594594595,25.38888888888889,0.3374207072317396
2013-03-07,42,42,15,0.3571428571428571,25.622222222222224,0.3371561569671893
2013-03-08,39,39,7,0.1794871794871795,25.9,0.33597585578688816
2013-03-09,23,23,12,0.5217391304347826,25.955555555555556,0.33560011772999065
2013-03-10,33,33,10,0.303030303030303,26.0,0.3347525617100209
2013-03-11,35,35,8,0.2285714285714285,26.144444444444446,0.3312316381890973
2013-03-12,27,27,10,0.3703703703703703,26.144444444444446,0.3328777287240767
2013-03-13,31,31,9,0.2903225806451613,26.322222222222223,0.33239983147198593
2013-03-14,31,31,9,0.2903225806451613,26.5,0.33414415644211737
2013-03-15,25,25,5,0.2,26.711111111111112,0.33081082310878407
2013-03-16,23,23,9,0.391304347826087,26.81111111111111,0.3288094428465342
2013-03-17,28,28,11,0.3928571428571428,26.833333333333332,0.3280463170834084
2013-03-18,29,29,12,0.4137931034482758,26.91111111111111,0.3291086646974802
2013-03-19,33,33,16,0.4848484848484848,27.08888888888889,0.3286135171435091
2013-03-20,36,36,11,0.3055555555555556,27.177777777777777,0.3296276264909518
2013-03-21,32,32,12,0.375,27.377777777777776,0.3290323883957137
2013-03-22,28,28,3,0.1071428571428571,27.477777777777778,0.3261292973347279
2013-03-23,15,15,2,0.1333333333333333,27.366666666666667,0.32405522326065384
2013-03-24,27,27,9,0.3333333333333333,27.41111111111111,0.32389419266484065
2013-03-25,35,35,19,0.5428571428571428,27.666666666666668,0.3271481609188089
2013-03-26,42,42,18,0.4285714285714285,27.955555555555556,0.3270489545696025
2013-03-27,42,42,12,0.2857142857142857,28.27777777777778,0.32936885688950485
2013-03-28,32,32,4,0.125,28.5,0.32983181985246784
2013-03-29,15,15,5,0.3333333333333333,28.533333333333335,0.33075774577839373
2013-03-30,19,19,3,0.1578947368421052,28.6,0.3290933283245026
2013-03-31,17,17,8,0.4705882352941176,28.566666666666666,0.33432208649443723
2013-04-01,29,29,12,0.4137931034482758,28.81111111111111,0.33574518446925933
2013-04-02,30,30,16,0.5333333333333333,28.955555555555556,0.33905673131021796
2013-04-03,34,34,13,0.3823529411764705,29.177777777777777,0.3393368433550359
2013-04-04,28,28,10,0.3571428571428571,29.266666666666666,0.33941620843440096
2013-04-05,20,20,9,0.45,29.233333333333334,0.3415176577097633
2013-04-06,27,27,11,0.4074074074074074,29.288888888888888,0.34250905314560315
2013-04-07,27,27,14,0.5185185185185185,29.366666666666667,0.34549259224025336
2013-04-08,35,35,15,0.4285714285714285,29.533333333333335,0.3463656081132692
2013-04-09,33,33,8,0.2424242424242424,29.57777777777778,0.34599407670725507
2013-04-10,22,22,3,0.1363636363636363,29.433333333333334,0.3440171647303431
2013-04-11,14,14,6,0.4285714285714285,29.333333333333332,0.34732979412992904
2013-04-12,27,27,6,0.2222222222222222,29.477777777777778,0.34741797755144577
2013-04-13,17,17,4,0.2352941176470588,29.5,0.3470693936734501
2013-04-14,24,24,6,0.25,29.57777777777778,0.3446184132812933
2013-04-15,29,29,9,0.3103448275862069,29.511111111111113,0.34425716533383843
2013-04-16,31,31,9,0.2903225806451613,29.555555555555557,0.34419079071549247
2013-04-17,32,32,8,0.25,29.7,0.3440445918850831
2013-04-18,41,41,12,0.2926829268292683,30.0,0.34570932281810673
2013-04-19,32,32,6,0.1875,30.27777777777778,0.3462053545641385
2013-04-20,23,23,7,0.3043478260869565,30.355555555555554,0.346809219298438
2013-04-21,27,27,4,0.1481481481481481,30.433333333333334,0.34289975427786185
2013-04-22,33,33,8,0.2424242424242424,30.4,0.3415810112924522
2013-04-23,24,24,14,0.5833333333333334,30.31111111111111,0.343895826107267
2013-04-24,31,31,11,0.3548387096774194,30.31111111111111,0.3417452884728584
2013-04-25,30,30,14,0.4666666666666667,30.18888888888889,0.3439494438477455
2013-04-26,31,31,7,0.2258064516129032,30.333333333333332,0.34028556491504935
2013-04-27,23,23,7,0.3043478260869565,30.266666666666666,0.34021893156505767
2013-04-28,18,18,5,0.2777777777777778,30.044444444444444,0.338334591084226
2013-04-29,27,27,5,0.1851851851851851,29.933333333333334,0.337088900949647
2013-04-30,27,27,7,0.2592592592592592,29.955555555555556,0.3364140038303054
2013-05-01,27,27,9,0.3333333333333333,29.955555555555556,0.33476791329532596
2013-05-02,30,30,11,0.3666666666666666,30.0,0.33585053437794704
2013-05-03,25,25,7,0.28,30.066666666666666,0.336037668880871
2013-05-04,19,19,6,0.3157894736842105,30.066666666666666,0.33662246420250846
2013-05-05,19,19,8,0.4210526315789473,30.022222222222222,0.33791918426353057
2013-05-06,36,36,11,0.3055555555555556,30.11111111111111,0.33774281742049705
2013-05-07,34,34,6,0.1764705882352941,30.133333333333333,0.33623137951200033
2013-05-08,28,28,11,0.3928571428571428,30.033333333333335,0.33729315557377637
2013-05-09,35,35,12,0.3428571428571428,30.033333333333335,0.338880457161078
2013-05-10,31,31,10,0.3225806451612903,30.11111111111111,0.33829801988509234
2013-05-11,18,18,3,0.1666666666666666,29.966666666666665,0.33620721940719506
2013-05-12,15,15,7,0.4666666666666667,29.733333333333334,0.336454132987442
2013-05-13,23,23,10,0.4347826086956521,29.566666666666666,0.33631429062791995
2013-05-14,38,38,12,0.3157894736842105,29.38888888888889,0.33550207490342354
2013-05-15,29,29,10,0.3448275862068966,29.233333333333334,0.33571592146851315
2013-05-16,31,31,11,0.3548387096774194,29.288888888888888,0.3366671208068093
2013-05-17,40,40,8,0.2,29.544444444444444,0.3349677744015805
2013-05-18,18,18,5,0.2777777777777778,29.566666666666666,0.330415305265778
2013-05-19,28,28,2,0.0714285714285714,29.41111111111111,0.32697615182662454
2013-05-20,18,18,4,0.2222222222222222,29.18888888888889,0.3253517203776317
2013-05-21,28,28,8,0.2857142857142857,29.08888888888889,0.3237215187474301
2013-05-22,23,23,9,0.391304347826087,28.877777777777776,0.3246301913952332
2013-05-23,25,25,5,0.2,28.822222222222223,0.3250005617656035
2013-05-24,22,22,6,0.2727272727272727,28.88888888888889,0.32455864257368433
2013-05-25,16,16,4,0.25,28.833333333333332,0.32204541506045686
2013-05-26,15,15,5,0.3333333333333333,28.544444444444444,0.3227680889538624
2013-05-27,23,23,7,0.3043478260869565,28.42222222222222,0.32222816283848876
2013-05-28,31,31,13,0.4193548387096774,28.38888888888889,0.3236196871901649
2013-05-29,31,31,15,0.4838709677419355,28.433333333333334,0.32529232757248266
2013-05-30,32,32,10,0.3125,28.42222222222222,0.32472414575430086
2013-05-31,22,22,3,0.1363636363636363,28.322222222222223,0.3215797990615671
2013-06-01,18,18,6,0.3333333333333333,28.066666666666666,0.3198634485647288
2013-06-02,28,28,12,0.4285714285714285,27.755555555555556,0.3206570993583796
2013-06-03,26,26,7,0.2692307692307692,27.6,0.31892633012761035
2013-06-04,13,13,5,0.3846153846153846,27.333333333333332,0.3180947292960095
2013-06-05,20,20,6,0.3,27.08888888888889,0.31745980866108886
2013-06-06,20,20,7,0.35,26.877777777777776,0.31935439555567574
2013-06-07,23,23,5,0.217391304347826,26.877777777777776,0.3159727530435985
2013-06-08,11,11,3,0.2727272727272727,26.633333333333333,0.31563605270689815
2013-06-09,17,17,6,0.3529411764705882,26.433333333333334,0.31701793879466655
2013-06-10,34,34,7,0.2058823529411764,26.511111111111113,0.3151902941565644
2013-06-11,29,29,9,0.3103448275862069,26.488888888888887,0.3154127635670205
2013-06-12,27,27,10,0.3703703703703703,26.444444444444443,0.31630218345285616
2013-06-13,37,37,8,0.2162162162162162,26.57777777777778,0.31648236363303633
2013-06-14,21,21,5,0.238095238095238,26.555555555555557,0.31478004019158246
2013-06-15,21,21,12,0.5714285714285714,26.477777777777778,0.31676416717570943
2013-06-16,38,38,17,0.4473684210526316,26.57777777777778,0.3171372262602023
2013-06-17,44,44,13,0.2954545454545454,26.7,0.31503284915582513
2013-06-18,35,35,9,0.2571428571428571,26.68888888888889,0.314494930284573
2013-06-19,23,23,9,0.391304347826087,26.58888888888889,0.3146760897048628
2013-06-20,35,35,11,0.3142857142857143,26.666666666666668,0.31697767700645013
2013-06-21,28,28,6,0.2142857142857142,26.81111111111111,0.31787714790592103
2013-06-22,17,17,8,0.4705882352941176,26.7,0.31940220237215194
2013-06-23,27,27,8,0.2962962962962963,26.61111111111111,0.31666263741036477
2013-06-24,19,19,9,0.4736842105263157,26.355555555555554,0.3171638905431969
2013-06-25,31,31,13,0.4193548387096774,26.233333333333334,0.31864878557647897
2013-06-26,39,39,14,0.358974358974359,26.31111111111111,0.3212485006761941
2013-06-27,36,36,8,0.2222222222222222,26.544444444444444,0.32001393277495954
2013-06-28,21,21,3,0.1428571428571428,26.566666666666666,0.31984684839734884
2013-06-29,11,11,7,0.6363636363636364,26.5,0.3216887972981213
2013-06-30,17,17,4,0.2352941176470588,26.366666666666667,0.31970547523366327
2013-07-01,21,21,6,0.2857142857142857,26.266666666666666,0.31695415248234055
2013-07-02,17,17,6,0.3529411764705882,26.07777777777778,0.31662735509671963
2013-07-03,27,27,5,0.1851851851851851,26.066666666666666,0.31471671429718995
2013-07-04,23,23,9,0.391304347826087,26.1,0.3140645403841465
2013-07-05,24,24,4,0.1666666666666666,26.066666666666666,0.3113896432648049
2013-07-06,10,10,5,0.5,25.877777777777776,0.31118388194793245
2013-07-07,19,19,9,0.4736842105263157,25.7,0.31168513508076456
2013-07-08,33,33,9,0.2727272727272727,25.7,0.31202183541746487
2013-07-09,23,23,7,0.3043478260869565,25.711111111111112,0.3138883264143907
2013-07-10,26,26,8,0.3076923076923077,25.844444444444445,0.31254522507128935
2013-07-11,24,24,8,0.3333333333333333,25.81111111111111,0.3137797929725239
2013-07-12,20,20,2,0.1,25.844444444444445,0.31227652499866765
2013-07-13,12,12,4,0.3333333333333333,25.711111111111112,0.3132024509245936
2013-07-14,20,20,8,0.4,25.61111111111111,0.3141986195069691
2013-07-15,32,32,12,0.375,25.622222222222224,0.3151394797220229
2013-07-16,32,32,11,0.34375,25.622222222222224,0.31618114638868955
2013-07-17,24,24,10,0.4166666666666667,25.433333333333334,0.31755874349799396
2013-07-18,33,33,12,0.3636363636363636,25.444444444444443,0.31951581420506464
2013-07-19,28,28,8,0.2857142857142857,25.5,0.3193087748675905
2013-07-20,21,21,5,0.238095238095238,25.433333333333334,0.32030818697811375
2013-07-21,18,18,9,0.5,25.266666666666666,0.3231701398400666
2013-07-22,35,35,14,0.4,25.38888888888889,0.3211331028030296
2013-07-23,31,31,9,0.2903225806451613,25.38888888888889,0.3204162569248934
2013-07-24,25,25,5,0.2,25.333333333333332,0.3174532939619304
2013-07-25,31,31,11,0.3548387096774194,25.333333333333332,0.3188869857182028
2013-07-26,20,20,5,0.25,25.3,0.3182831209839033
2013-07-27,15,15,0,0.0,25.266666666666666,0.3151967012308169
2013-07-28,17,17,6,0.3529411764705882,25.155555555555555,0.3170606566895436
2013-07-29,32,32,11,0.34375,25.211111111111112,0.317999442697774
2013-07-30,32,32,9,0.28125,25.266666666666666,0.31742073899407036
2013-07-31,39,39,10,0.2564102564102564,25.366666666666667,0.3161956677689991
2013-08-01,30,30,8,0.2666666666666666,25.42222222222222,0.316047519620851
2013-08-02,16,16,6,0.375,25.38888888888889,0.31670541435769306
2013-08-03,19,19,7,0.3684210526315789,25.38888888888889,0.31612061903605565
2013-08-04,25,25,8,0.32,25.266666666666666,0.31628111286321614
2013-08-05,23,23,7,0.3043478260869565,25.144444444444446,0.31770197106156794
2013-08-06,27,27,7,0.2592592592592592,25.133333333333333,0.3162175501327026
2013-08-07,23,23,8,0.3478260869565217,25.0,0.31627276062269566
2013-08-08,22,22,9,0.4090909090909091,24.9,0.3172339857774692
2013-08-09,30,30,10,0.3333333333333333,25.033333333333335,0.319085837629321
2013-08-10,20,20,7,0.35,25.08888888888889,0.3177895413330248
2013-08-11,26,26,12,0.4615384615384615,25.122222222222224,0.31808682858683374
2013-08-12,29,29,12,0.4137931034482758,25.022222222222222,0.3191757578064345
2013-08-13,28,28,9,0.3214285714285714,25.011111111111113,0.318915768753342
2013-08-14,34,34,5,0.1470588235294117,25.044444444444444,0.3166071033516974
2013-08-15,28,28,6,0.2142857142857142,24.91111111111111,0.3167658335104276
2013-08-16,35,35,6,0.1714285714285714,25.1,0.31558417566210306
2013-08-17,18,18,5,0.2777777777777778,24.988888888888887,0.3178769446215387
2013-08-18,28,28,12,0.4285714285714285,25.1,0.32016971358097435
2013-08-19,38,38,22,0.5789473684210527,25.211111111111112,0.32342785894438286
2013-08-20,38,38,13,0.3421052631578947,25.377777777777776,0.3228812024480696
2013-08-21,21,21,7,0.3333333333333333,25.333333333333332,0.3243626839295511
2013-08-22,32,32,12,0.375,25.444444444444443,0.32549904756591475
2013-08-23,36,36,6,0.1666666666666666,25.666666666666668,0.3245731216399888
2013-08-24,13,13,5,0.3846153846153846,25.644444444444446,0.32514292220978935
2013-08-25,16,16,8,0.5,25.566666666666666,0.32731683525326766
2013-08-26,22,22,6,0.2727272727272727,25.466666666666665,0.3256876400756854
2013-08-27,17,17,9,0.5294117647058824,25.31111111111111,0.3261936489308403
2013-08-28,27,27,9,0.3333333333333333,25.255555555555556,0.32642513041232185
2013-08-29,19,19,5,0.2631578947368421,25.22222222222222,0.32783395550535743
2013-08-30,21,21,4,0.1904761904761904,25.255555555555556,0.32624665391805585
2013-08-31,18,18,6,0.3333333333333333,25.144444444444446,0.32518845285985476
2013-09-01,18,18,11,0.6111111111111112,25.055555555555557,0.32898712332519187
2013-09-02,44,44,18,0.4090909090909091,25.4,0.3292590735971422
2013-09-03,43,43,11,0.2558139534883721,25.655555555555555,0.32876811752479074
2013-09-04,24,24,9,0.375,25.7,0.32904589530256856
2013-09-05,20,20,7,0.35,25.666666666666668,0.33051932525425937
2013-09-06,22,22,4,0.1818181818181818,25.788888888888888,0.32950922424415835
2013-09-07,14,14,8,0.5714285714285714,25.755555555555556,0.3319368619659137
2013-09-08,29,29,10,0.3448275862068966,25.7,0.33348069789108836
2013-09-09,27,27,13,0.4814814814814814,25.677777777777777,0.33538221626770254
2013-09-10,38,38,14,0.3684210526315789,25.8,0.335360557181716
2013-09-11,32,32,13,0.40625,25.744444444444444,0.33747204366820244
2013-09-12,30,30,12,0.4,25.844444444444445,0.3392709854671443
2013-09-13,31,31,6,0.1935483870967742,25.955555555555556,0.3350723167523465
2013-09-14,14,14,4,0.2857142857142857,25.68888888888889,0.3332761596930316
2013-09-15,9,9,5,0.5555555555555556,25.3,0.33616617091637613
2013-09-16,26,26,11,0.4230769230769231,25.2,0.338009882760088
2013-09-17,33,33,11,0.3333333333333333,25.31111111111111,0.33736576037683513
2013-09-18,30,30,9,0.3,25.255555555555556,0.337207030218105
2013-09-19,25,25,8,0.32,25.22222222222222,0.33838163339270816
2013-09-20,25,25,1,0.04,25.31111111111111,0.33359731966721795
2013-09-21,7,7,0,0.0,25.08888888888889,0.33030513859725913
2013-09-22,20,20,8,0.4,25.1,0.32948642514696674
2013-09-23,29,29,13,0.4482758620689655,25.07777777777778,0.32980776985095883
2013-09-24,32,32,12,0.375,25.0,0.32998583252902147
2013-09-25,26,26,12,0.4615384615384615,24.88888888888889,0.3326449018547575
2013-09-26,31,31,13,0.4193548387096774,25.0,0.3357170984753412
2013-09-27,42,42,7,0.1666666666666666,25.344444444444445,0.33049824325648597
2013-09-28,23,23,4,0.1739130434782608,25.41111111111111,0.32981623132127713
2013-09-29,20,20,7,0.35,25.4,0.33053051703556285
2013-09-30,28,28,10,0.3571428571428571,25.522222222222222,0.33057720237636584
2013-10-01,26,26,10,0.3846153846153846,25.511111111111113,0.33279309348114583
2013-10-02,44,44,9,0.2045454545454545,25.744444444444444,0.33071799466691654
2013-10-03,28,28,7,0.25,25.788888888888888,0.3316439205928425
2013-10-04,24,24,7,0.2916666666666667,25.944444444444443,0.3293291057780277
2013-10-05,17,17,7,0.4117647058823529,25.92222222222222,0.3286411112819836
2013-10-06,23,23,14,0.6086956521739131,25.81111111111111,0.3323740932758352
2013-10-07,31,31,13,0.4193548387096774,25.9,0.33365194897164324
2013-10-08,35,35,13,0.3714285714285714,26.0,0.3343601296798239
2013-10-09,33,33,11,0.3333333333333333,26.1,0.3343601296798239
2013-10-10,30,30,7,0.2333333333333333,26.211111111111112,0.33584161116130545
2013-10-11,21,21,4,0.1904761904761904,26.31111111111111,0.3342543095740038
2013-10-12,18,18,2,0.1111111111111111,26.288888888888888,0.33104443303079395
2013-10-13,6,6,2,0.3333333333333333,26.0,0.330581470067831
2013-10-14,19,19,7,0.3684210526315789,25.855555555555554,0.33085559287484856
2013-10-15,30,30,12,0.4,25.92222222222222,0.3306704076896633
2013-10-16,28,28,8,0.2857142857142857,25.866666666666667,0.3298046068238625
2013-10-17,18,18,8,0.4444444444444444,25.755555555555556,0.3315682752541976
2013-10-18,19,19,4,0.2105263157894736,25.733333333333334,0.33126195389524465
2013-10-19,12,12,5,0.4166666666666667,25.666666666666668,0.3303360279693187
2013-10-20,21,21,10,0.4761904761904761,25.511111111111113,0.33118258881587953
2013-10-21,31,31,13,0.4193548387096774,25.511111111111113,0.3326162805721519
2013-10-22,40,40,8,0.2,25.677777777777777,0.332616280572152
2013-10-23,18,18,9,0.5,25.533333333333335,0.3342291837979584
2013-10-24,24,24,7,0.2916666666666667,25.57777777777778,0.33469214676092135
2013-10-25,23,23,7,0.3043478260869565,25.666666666666668,0.33807378927299864
2013-10-26,15,15,5,0.3333333333333333,25.644444444444446,0.3378559243492514
2013-10-27,15,15,7,0.4666666666666667,25.455555555555556,0.33922166508999213
2013-10-28,23,23,8,0.3478260869565217,25.355555555555554,0.33996139938950903
2013-10-29,18,18,5,0.2777777777777778,25.122222222222224,0.3401988162935926
2013-10-30,24,24,11,0.4583333333333333,25.055555555555557,0.34232844592322226
2013-10-31,24,24,7,0.2916666666666667,25.144444444444446,0.3414025199972963
2013-11-01,23,23,5,0.217391304347826,25.18888888888889,0.3397244116830324
2013-11-02,14,14,8,0.5714285714285714,25.066666666666666,0.34251806247668315
2013-11-03,17,17,5,0.2941176470588235,25.0,0.34240439382081506
2013-11-04,28,28,7,0.25,25.011111111111113,0.34230151316237883
2013-11-05,27,27,8,0.2962962962962963,25.055555555555557,0.34172895993282076
2013-11-06,25,25,7,0.28,25.08888888888889,0.3402946164984773
2013-11-07,22,22,7,0.3181818181818182,25.0,0.34012626633012716
2013-11-08,23,23,6,0.2608695652173913,25.033333333333335,0.33913592816587596
2013-11-09,14,14,4,0.2857142857142857,24.9,0.337182326212274
2013-11-10,12,12,4,0.3333333333333333,24.711111111111112,0.3362883287665524
2013-11-11,32,32,6,0.1875,24.755555555555556,0.33480023352845717
2013-11-12,21,21,5,0.238095238095238,24.61111111111111,0.3358117492458552
2013-11-13,26,26,4,0.1538461538461538,24.58888888888889,0.3351401985743046
2013-11-14,24,24,5,0.2083333333333333,24.466666666666665,0.33555025148435746
2013-11-15,25,25,3,0.12,24.544444444444444,0.3337971650646044
2013-11-16,9,9,4,0.4444444444444444,24.333333333333332,0.3339735319076379
2013-11-17,21,21,3,0.1428571428571428,24.144444444444446,0.3291280849569278
2013-11-18,23,23,11,0.4782608695652174,23.977777777777778,0.33064092502812026
2013-11-19,31,31,9,0.2903225806451613,24.08888888888889,0.33016302777602946
2013-11-20,21,21,11,0.5238095238095238,23.966666666666665,0.33181646692946865
2013-11-21,34,34,8,0.2352941176470588,23.944444444444443,0.3325789941625841
2013-11-22,21,21,3,0.1428571428571428,24.033333333333335,0.3298927914763814
2013-11-23,14,14,7,0.5,24.011111111111113,0.3298927914763814
2013-11-24,19,19,9,0.4736842105263157,23.977777777777778,0.3321256463408152
2013-11-25,29,29,12,0.4137931034482758,24.11111111111111,0.330840994549064
2013-11-26,30,30,13,0.4333333333333333,24.144444444444446,0.33195210566017513
2013-11-27,25,25,8,0.32,24.211111111111112,0.33258368460754356
2013-11-28,29,29,10,0.3448275862068966,24.3,0.33429870011566254
2013-11-29,21,21,5,0.238095238095238,24.333333333333332,0.3332404990574615
2013-11-30,12,12,3,0.25,24.266666666666666,0.32922815337844913
2013-12-01,13,13,7,0.5384615384615384,23.92222222222222,0.33066560481590057
2013-12-02,28,28,7,0.25,23.755555555555556,0.33060100533269643
2013-12-03,18,18,9,0.5,23.68888888888889,0.3319898942215853
2013-12-04,27,27,8,0.2962962962962963,23.766666666666666,0.3313931864026553
2013-12-05,30,30,13,0.4333333333333333,23.855555555555554,0.33418779919726804
2013-12-06,37,37,11,0.2972972972972973,24.11111111111111,0.331141896151365
2013-12-07,20,20,9,0.45,24.011111111111113,0.332310478526844
2013-12-08,18,18,7,0.3888888888888889,23.91111111111111,0.3312816719424818
2013-12-09,18,18,7,0.3888888888888889,23.68888888888889,0.3315090923453408
2013-12-10,30,30,8,0.2666666666666666,23.666666666666668,0.3299581664194149
2013-12-11,34,34,7,0.2058823529411764,23.711111111111112,0.3278013036743168
2013-12-12,25,25,7,0.28,23.644444444444446,0.32876187715101934
2013-12-13,20,20,4,0.2,23.711111111111112,0.32780949619863836
2013-12-14,16,16,6,0.375,23.788888888888888,0.3258033233591322
2013-12-15,24,24,14,0.5833333333333334,23.766666666666666,0.327583950139759
2013-12-16,38,38,14,0.3684210526315789,23.822222222222223,0.3279738136875173
2013-12-17,41,41,14,0.3414634146341463,23.944444444444443,0.3284345182945634
2013-12-18,37,37,10,0.2702702702702703,24.07777777777778,0.3278819657420108
2013-12-19,32,32,6,0.1875,24.155555555555555,0.3295208546308997
2013-12-20,18,18,4,0.2222222222222222,24.27777777777778,0.33198999043336885
2013-12-21,12,12,5,0.4166666666666667,24.18888888888889,0.33217517561855403
2013-12-22,16,16,6,0.375,24.044444444444444,0.3313609993733433
2013-12-23,27,27,7,0.2592592592592592,23.988888888888887,0.33007499114289063
2013-12-24,17,17,10,0.5882352941176471,23.88888888888889,0.33148273372710385
2013-12-25,25,25,11,0.44,23.822222222222223,0.3317121244081074
2013-12-26,26,26,11,0.4230769230769231,23.644444444444446,0.33456112725711024
2013-12-27,33,33,14,0.4242424242424242,23.755555555555556,0.3373425648211565
2013-12-28,33,33,12,0.3636363636363636,23.9,0.3374940799726716
2013-12-29,27,27,12,0.4444444444444444,23.88888888888889,0.3384640976093559
2013-12-30,39,39,8,0.2051282051282051,24.033333333333335,0.3364697956150539
2013-12-31,19,19,2,0.1052631578947368,23.755555555555556,0.3353666589856016
2014-01-01,19,19,4,0.2105263157894736,23.655555555555555,0.33492806249437346
2014-01-02,28,28,10,0.3571428571428571,23.7,0.3356555757218867
2014-01-03,23,23,8,0.3478260869565217,23.766666666666666,0.3349451466227108
2014-01-04,21,21,5,0.238095238095238,23.744444444444444,0.33082736424405884
2014-01-05,20,20,11,0.55,23.622222222222224,0.3322789771472846
2014-01-06,31,31,9,0.2903225806451613,23.57777777777778,0.3313777994719134
2014-01-07,36,36,12,0.3333333333333333,23.61111111111111,0.3313777994719134
2014-01-08,26,26,13,0.5,23.566666666666666,0.33434076243487637
2014-01-09,35,35,8,0.2285714285714285,23.72222222222222,0.3347640428581568
2014-01-10,15,15,8,0.5333333333333333,23.68888888888889,0.3394554008828482
2014-01-11,21,21,6,0.2857142857142857,23.855555555555554,0.3389263003537476
2014-01-12,22,22,7,0.3181818181818182,23.88888888888889,0.3383680866376392
2014-01-13,32,32,11,0.34375,23.91111111111111,0.3377430866376392
2014-01-14,34,34,13,0.3823529411764705,23.977777777777778,0.3388168494761079
2014-01-15,32,32,12,0.375,24.133333333333333,0.3380452445378363
2014-01-16,31,31,12,0.3870967741935484,24.266666666666666,0.3400071385201038
2014-01-17,25,25,6,0.24,24.41111111111111,0.33804417555714084
2014-01-18,24,24,9,0.375,24.444444444444443,0.3369198369328022
2014-01-19,22,22,11,0.5,24.344444444444445,0.3378158942804725
2014-01-20,51,51,15,0.2941176470588235,24.466666666666665,0.3388616459144594
2014-01-21,41,41,15,0.3658536585365853,24.72222222222222,0.3373711310093103
2014-01-22,35,35,14,0.4,24.844444444444445,0.33857483471301403
2014-01-23,32,32,16,0.5,24.944444444444443,0.3407487477564923
2014-01-24,31,31,9,0.2903225806451613,25.122222222222224,0.3402708505044015
2014-01-25,21,21,10,0.4761904761904761,25.18888888888889,0.3403766706102216
2014-01-26,27,27,8,0.2962962962962963,25.233333333333334,0.3398041173806635
2014-01-27,31,31,14,0.4516129032258064,25.377777777777776,0.3417356187745305
2014-01-28,38,38,7,0.1842105263157894,25.533333333333335,0.33868980980766894
2014-01-29,21,21,8,0.3809523809523809,25.5,0.33968187329973243
2014-01-30,28,28,9,0.3214285714285714,25.555555555555557,0.3408378429339629
2014-01-31,34,34,10,0.2941176470588235,25.77777777777778,0.3377566104409657
2014-02-01,18,18,6,0.3333333333333333,25.788888888888888,0.33819234028846024
2014-02-02,21,21,7,0.3333333333333333,25.711111111111112,0.33911826621438623
2014-02-03,34,34,12,0.3529411764705882,25.788888888888888,0.3397476537718784
2014-02-04,34,34,11,0.3235294117647059,25.88888888888889,0.3402313139025973
2014-02-05,38,38,11,0.2894736842105263,26.066666666666666,0.3399123346362496
2014-02-06,30,30,9,0.3,26.144444444444446,0.3403471172449452
2014-02-07,37,37,9,0.2432432432432432,26.4,0.3398752167730448
2014-02-08,33,33,7,0.2121212121212121,26.633333333333333,0.33852841542624346
2014-02-09,23,23,3,0.1304347826086956,26.533333333333335,0.33789435745522894
2014-02-10,22,22,9,0.4090909090909091,26.544444444444444,0.3397943093551809
2014-02-11,34,34,8,0.2352941176470588,26.633333333333333,0.34069928673074645
2014-02-12,23,23,8,0.3478260869565217,26.622222222222224,0.3422492062154485
2014-02-13,38,38,10,0.2631578947368421,26.766666666666666,0.34383984949030233
2014-02-14,22,22,7,0.3181818181818182,26.91111111111111,0.3424369314207176
2014-02-15,16,16,5,0.3125,26.855555555555554,0.34432185205563826
2014-02-16,23,23,4,0.1739130434782608,26.855555555555554,0.3409402095435609
2014-02-17,31,31,11,0.3548387096774194,26.855555555555554,0.34165705542169716
2014-02-18,31,31,13,0.4193548387096774,26.966666666666665,0.34049644780947663
2014-02-19,36,36,9,0.25,26.988888888888887,0.3406598465022871
2014-02-20,27,27,8,0.2962962962962963,27.055555555555557,0.34236472598494433
2014-02-21,22,22,6,0.2727272727272727,27.144444444444446,0.33983947345969184
2014-02-22,21,21,10,0.4761904761904761,27.166666666666668,0.33986732085596033
2014-02-23,35,35,12,0.3428571428571428,27.233333333333334,0.3390791435160588
2014-02-24,44,44,18,0.4090909090909091,27.38888888888889,0.3388097832466985
2014-02-25,41,41,8,0.1951219512195122,27.566666666666666,0.3374222493713598
2014-02-26,28,28,8,0.2857142857142857,27.555555555555557,0.3367654349214419
2014-02-27,52,52,13,0.25,27.9,0.336897710053717
2014-02-28,47,47,8,0.1702127659574468,28.288888888888888,0.33601118523102197
2014-03-01,25,25,5,0.2,28.42222222222222,0.33225050147033824
2014-03-02,26,26,13,0.5,28.4,0.335028279248116
2014-03-03,46,46,16,0.3478260869565217,28.711111111111112,0.33333745799207737
2014-03-04,46,46,18,0.391304347826087,28.92222222222222,0.33439310300907504
2014-03-05,49,49,19,0.3877551020408163,29.133333333333333,0.3338866782169359
2014-03-06,49,49,12,0.2448979591836734,29.266666666666666,0.33330446334900676
2014-03-07,34,34,9,0.2647058823529412,29.42222222222222,0.33124563981959504
2014-03-08,25,25,10,0.4,29.5,0.33136909660971847
2014-03-09,23,23,9,0.391304347826087,29.555555555555557,0.331395935042354
2014-03-10,36,36,17,0.4722222222222222,29.622222222222224,0.33367988565963796
2014-03-11,50,50,21,0.42,29.8,0.3360589706269582
2014-03-12,59,59,23,0.3898305084745763,30.177777777777777,0.33727930961000907
2014-03-13,41,41,11,0.2682926829268293,30.41111111111111,0.33803811719808496
2014-03-14,29,29,4,0.1379310344827586,30.555555555555557,0.33540401758122673
2014-03-15,12,12,7,0.5833333333333334,30.42222222222222,0.33540401758122673
2014-03-16,28,28,9,0.3214285714285714,30.31111111111111,0.33488187890119325
2014-03-17,55,55,19,0.3454545454545454,30.466666666666665,0.33492622479919776
2014-03-18,54,54,21,0.3888888888888889,30.655555555555555,0.33624420945051575
2014-03-19,50,50,14,0.28,30.855555555555554,0.3372719872282935
2014-03-20,34,34,12,0.3529411764705882,31.033333333333335,0.33872442005327535
2014-03-21,49,49,8,0.1632653061224489,31.444444444444443,0.3359088493805618
2014-03-22,32,32,9,0.28125,31.622222222222224,0.33486718271389515
2014-03-23,29,29,14,0.4827586206896552,31.644444444444446,0.33735050895201063
2014-03-24,57,57,15,0.2631578947368421,32.08888888888889,0.33373853784777946
2014-03-25,46,46,16,0.3478260869565217,32.32222222222222,0.3327143832584075
2014-03-26,45,45,16,0.3555555555555555,32.53333333333333,0.3319641458415034
2014-03-27,44,44,15,0.3409090909090909,32.65555555555556,0.33103821991557747
2014-03-28,45,45,12,0.2666666666666666,32.78888888888889,0.3299607788381364
2014-03-29,35,35,11,0.3142857142857143,32.87777777777778,0.32851457072526163
2014-03-30,27,27,10,0.3703703703703703,32.74444444444445,0.3303505947835079
2014-03-31,46,46,21,0.4565217391304347,33.044444444444444,0.334253467908349
2014-04-01,60,60,11,0.1833333333333333,33.5,0.33395132365883634
2014-04-02,32,32,11,0.34375,33.544444444444444,0.3338025141350268
2014-04-03,55,55,21,0.3818181818181818,33.9,0.33418020407793414
2014-04-04,49,49,9,0.1836734693877551,34.21111111111111,0.33357551775896216
2014-04-05,29,29,12,0.4137931034482758,34.31111111111111,0.3320621077972763
2014-04-06,42,42,13,0.3095238095238095,34.43333333333333,0.3322754547848168
2014-04-07,48,48,14,0.2916666666666667,34.56666666666667,0.3318124918218539
2014-04-08,36,36,17,0.4722222222222222,34.67777777777778,0.33150384984654524
2014-04-09,48,48,13,0.2708333333333333,34.82222222222222,0.33197342656612194
2014-04-10,38,38,20,0.5263157894736842,35.077777777777776,0.33189545385657027
2014-04-11,44,44,13,0.2954545454545454,35.333333333333336,0.33200367896479543
2014-04-12,23,23,9,0.391304347826087,35.34444444444444,0.33281615151639843
2014-04-13,20,20,8,0.4,35.21111111111111,0.3334411515163984
2014-04-14,40,40,10,0.25,35.27777777777778,0.33197056328110425
2014-04-15,38,38,12,0.3157894736842105,35.34444444444444,0.33131266854426217
2014-04-16,50,50,15,0.3,35.55555555555556,0.33034492660877834
2014-04-17,39,39,9,0.2307692307692307,35.71111111111111,0.3302423625062142
2014-04-18,27,27,5,0.1851851851851851,35.74444444444445,0.32813330900827176
2014-04-19,25,25,8,0.32,35.77777777777778,0.3261333090082718
2014-04-20,28,28,8,0.2857142857142857,35.522222222222226,0.32603993832666583
2014-04-21,31,31,10,0.3225806451612903,35.41111111111111,0.3255591270669403
2014-04-22,39,39,11,0.282051282051282,35.455555555555556,0.32424858575639903
2014-04-23,42,42,22,0.5238095238095238,35.56666666666667,0.3245131360209493
2014-04-24,55,55,17,0.3090909090909091,35.833333333333336,0.3247216730036798
2014-04-25,38,38,6,0.1578947368421052,36.022222222222226,0.3211850536775868
2014-04-26,25,25,11,0.44,36.0,0.32278176149651683
2014-04-27,39,39,20,0.5128205128205128,36.08888888888889,0.32346184604756917
2014-04-28,53,53,15,0.2830188679245283,36.25555555555555,0.32455971650988846
2014-04-29,41,41,13,0.3170731707317073,36.477777777777774,0.3238499475074365
2014-04-30,47,47,20,0.425531914893617,36.68888888888889,0.3250066513237148
2014-05-01,40,40,14,0.35,36.75555555555555,0.32562756635639456
2014-05-02,45,45,10,0.2222222222222222,37.05555555555556,0.32439299845515995
2014-05-03,31,31,9,0.2903225806451613,37.166666666666664,0.32391510120306916
2014-05-04,38,38,15,0.3947368421052631,37.21111111111111,0.3243794974878989
2014-05-05,42,42,14,0.3333333333333333,37.3,0.32448842994977256
2014-05-06,61,61,28,0.4590163934426229,37.55555555555556,0.32637223783012914
2014-05-07,63,63,19,0.3015873015873015,37.922222222222224,0.3263898745144325
2014-05-08,44,44,13,0.2954545454545454,38.0,0.3269700000945581
2014-05-09,40,40,13,0.325,38.077777777777776,0.32822420884876685
2014-05-10,34,34,10,0.2941176470588235,38.2,0.3300429073426572
2014-05-11,28,28,11,0.3928571428571428,38.266666666666666,0.32986253216228195
2014-05-12,58,58,16,0.2758620689655172,38.53333333333333,0.3303132871769315
2014-05-13,42,42,13,0.3095238095238095,38.74444444444445,0.32988770631656805
2014-05-14,47,47,16,0.3404255319148936,38.84444444444444,0.3307462356185464
2014-05-15,36,36,11,0.3055555555555556,39.0,0.3306059438115879
2014-05-16,31,31,9,0.2903225806451613,39.166666666666664,0.33035952804097857
2014-05-17,24,24,7,0.2916666666666667,39.17777777777778,0.3316679016319609
2014-05-18,20,20,11,0.55,39.05555555555556,0.33383636041332293
2014-05-19,84,84,28,0.3333333333333333,39.644444444444446,0.3328805659091413
2014-05-20,92,92,26,0.2826086956521739,40.266666666666666,0.333242884749721
2014-05-21,58,58,20,0.3448275862068966,40.611111111111114,0.33378212130428325
2014-05-22,47,47,24,0.5106382978723404,40.888888888888886,0.33642557713922844
2014-05-23,52,52,8,0.1538461538461538,41.233333333333334,0.33284397355762485
2014-05-24,20,20,6,0.3,41.06666666666667,0.3323677830814344
2014-05-25,38,38,13,0.3421052631578947,41.0,0.3316234981266231
2014-05-26,45,45,13,0.2888888888888888,41.044444444444444,0.33266535298961614
2014-05-27,40,40,16,0.4,41.17777777777778,0.33393519425945745
2014-05-28,60,60,18,0.3,41.266666666666666,0.334490749815013
2014-05-29,52,52,16,0.3076923076923077,41.32222222222222,0.3360183002787337
2014-05-30,51,51,11,0.2156862745098039,41.611111111111114,0.3361925922177315
2014-05-31,34,34,7,0.2058823529411764,41.7,0.3329246183615223
2014-06-01,32,32,14,0.4375,41.544444444444444,0.3339209951731166
2014-06-02,44,44,19,0.4318181818181818,41.522222222222226,0.3343711488841398
2014-06-03,43,43,16,0.3720930232558139,41.455555555555556,0.3341971257865287
2014-06-04,52,52,15,0.2884615384615384,41.48888888888889,0.33468116555628274
2014-06-05,42,42,18,0.4285714285714285,41.577777777777776,0.33650189384759926
2014-06-06,54,54,4,0.074074074074074,41.9,0.33288049467064457
2014-06-07,22,22,4,0.1818181818181818,41.888888888888886,0.33055287060389005
2014-06-08,32,32,12,0.375,41.84444444444444,0.3294726236903098
2014-06-09,50,50,19,0.38,41.84444444444444,0.32902817924586536
2014-06-10,64,64,26,0.40625,41.9,0.32921061804059226
2014-06-11,55,55,16,0.2909090909090909,42.05555555555556,0.3294619114626174
2014-06-12,49,49,15,0.3061224489795918,42.27777777777778,0.33133070495702666
2014-06-13,52,52,10,0.1923076923076923,42.72222222222222,0.3269859756122973
2014-06-14,25,25,11,0.44,42.68888888888889,0.32830343592975764
2014-06-15,44,44,13,0.2954545454545454,42.56666666666667,0.3277478803742021
2014-06-16,59,59,16,0.2711864406779661,42.62222222222222,0.3264400753940807
2014-06-17,56,56,25,0.4464285714285714,42.68888888888889,0.3282892817432871
2014-06-18,75,75,29,0.3866666666666666,43.144444444444446,0.32866400941213236
2014-06-19,86,86,24,0.2790697674418604,43.55555555555556,0.3299507256490148
2014-06-20,60,60,12,0.2,43.86666666666667,0.329047947871237
2014-06-21,32,32,6,0.1875,43.9,0.32576729653024084
2014-06-22,35,35,8,0.2285714285714285,43.65555555555556,0.3253830024617362
2014-06-23,55,55,21,0.3818181818181818,43.75555555555555,0.32576069240464356
2014-06-24,66,66,22,0.3333333333333333,43.98888888888889,0.32551377882439664
2014-06-25,52,52,18,0.3461538461538461,44.077777777777776,0.3255720538826717
2014-06-26,43,43,10,0.2325581395348837,44.05555555555556,0.3251930702478741
2014-06-27,53,53,10,0.1886792452830188,44.25555555555555,0.32379744281451084
2014-06-28,37,37,7,0.1891891891891892,44.36666666666667,0.32178431857916434
2014-06-29,26,26,9,0.3461538461538461,44.144444444444446,0.32055800865720224
2014-06-30,47,47,13,0.2765957446808511,44.0,0.32159425767217464
2014-07-01,43,43,12,0.2790697674418604,44.12222222222222,0.3208755884215287
2014-07-02,61,61,23,0.3770491803278688,44.18888888888889,0.3208225995160807
2014-07-03,65,65,16,0.2461538461538461,44.36666666666667,0.32151682592459285
2014-07-04,54,54,6,0.1111111111111111,44.644444444444446,0.31815369267640214
2014-07-05,29,29,11,0.3793103448275862,44.5,0.31892909862422186
2014-07-06,38,38,11,0.2894736842105263,44.388888888888886,0.318904732152487
2014-07-07,54,54,21,0.3888888888888889,44.58888888888889,0.3179788062265611
2014-07-08,53,53,14,0.2641509433962264,44.644444444444446,0.3179045574494821
2014-07-09,48,48,11,0.2291666666666666,44.75555555555555,0.31460290052940415
2014-07-10,37,37,15,0.4054054054054054,44.67777777777778,0.3158245767510804
2014-07-11,52,52,10,0.1923076923076923,45.0,0.31361350280087597
2014-07-12,29,29,10,0.3448275862068966,45.1,0.3130004759809526
2014-07-13,51,51,9,0.1764705882352941,45.22222222222222,0.3121834825169003
2014-07-14,40,40,10,0.25,45.24444444444445,0.3114524883648535
2014-07-15,58,58,21,0.3620689655172414,45.333333333333336,0.3121421435372673
2014-07-16,63,63,17,0.2698412698412698,45.6,0.3125762773047344
2014-07-17,61,61,19,0.3114754098360656,45.977777777777774,0.31397950202307756
2014-07-18,50,50,12,0.24,46.25555555555555,0.3130906131341886
2014-07-19,35,35,5,0.1428571428571428,46.333333333333336,0.3115033115468871
2014-07-20,25,25,8,0.32,46.266666666666666,0.3114746377117616
2014-07-21,40,40,16,0.4,46.27777777777778,0.31278517902230296
2014-07-22,52,52,16,0.3076923076923077,46.388888888888886,0.31038387662100053
2014-07-23,47,47,12,0.2553191489361702,46.3,0.3097864126192812
2014-07-24,50,50,16,0.32,46.43333333333333,0.31158758220992444
2014-07-25,41,41,12,0.2926829268292683,46.611111111111114,0.3099507258413608
2014-07-26,25,25,6,0.24,46.455555555555556,0.3069193868100218
2014-07-27,45,45,10,0.2222222222222222,46.36666666666667,0.3062438685244406
2014-07-28,53,53,15,0.2830188679245283,46.5,0.3058654873821386
2014-07-29,66,66,18,0.2727272727272727,46.71111111111111,0.3041676580247347
2014-07-30,57,57,22,0.3859649122807017,46.9,0.304567268161187
2014-07-31,62,62,17,0.2741935483870967,47.08888888888889,0.30514472734079673
2014-08-01,47,47,13,0.2765957446808511,47.266666666666666,0.3049922069411933
2014-08-02,31,31,7,0.2258064516129032,47.18888888888889,0.3031152026023893
2014-08-03,29,29,10,0.3448275862068966,47.044444444444444,0.3032429165232066
2014-08-04,58,58,17,0.293103448275862,47.01111111111111,0.3013994393546871
2014-08-05,62,62,15,0.2419354838709677,47.0,0.3007366413800611
2014-08-06,55,55,14,0.2545454545454545,47.12222222222222,0.30028209592551575
2014-08-07,49,49,11,0.2244897959183673,47.22222222222222,0.2991653158801642
2014-08-08,41,41,11,0.2682926829268293,47.3,0.2988783718342532
2014-08-09,36,36,14,0.3888888888888889,47.388888888888886,0.29883428012349483
2014-08-10,32,32,17,0.53125,47.1,0.30167192380165575
2014-08-11,65,65,26,0.4,47.355555555555554,0.30267721480694676
2014-08-12,78,78,19,0.2435897435897435,47.7,0.301601261603334
2014-08-13,43,43,12,0.2790697674418604,47.77777777777778,0.3013069750687373
2014-08-14,43,43,10,0.2325581395348837,47.91111111111111,0.3006651479452898
2014-08-15,27,27,6,0.2222222222222222,47.94444444444444,0.2998935430070182
2014-08-16,19,19,6,0.3157894736842105,47.93333333333333,0.29729120382573165
2014-08-17,39,39,13,0.3333333333333333,47.43333333333333,0.29729120382573165
2014-08-18,62,62,25,0.4032258064516129,47.1,0.2986313939457254
2014-08-19,80,80,21,0.2625,47.34444444444444,0.297716642987871
2014-08-20,49,49,20,0.4081632653061224,47.36666666666667,0.296578031514913
2014-08-21,61,61,17,0.2786885245901639,47.46666666666667,0.29796516896762426
2014-08-22,53,53,8,0.1509433962264151,47.833333333333336,0.2963089844812511
2014-08-23,32,32,8,0.25,47.766666666666666,0.2952855926683856
2014-08-24,30,30,10,0.3333333333333333,47.6,0.2957794198288794
2014-08-25,50,50,19,0.38,47.71111111111111,0.2955571976066572
2014-08-26,67,67,25,0.373134328358209,47.78888888888889,0.2963698012550818
2014-08-27,66,66,23,0.3484848484848485,47.94444444444444,0.2968230517083322
2014-08-28,66,66,28,0.4242424242424242,48.111111111111114,0.29914034226091685
2014-08-29,64,64,12,0.1875,48.44444444444444,0.2989360938949038
2014-08-30,30,30,8,0.2666666666666666,48.422222222222224,0.2970379457467557
2014-08-31,37,37,11,0.2972972972972973,48.34444444444444,0.29554326925207913
2014-09-01,63,63,11,0.1746031746031746,48.56666666666667,0.29334893760038316
2014-09-02,54,54,18,0.3333333333333333,48.58888888888889,0.2938475130989587
2014-09-03,51,51,13,0.2549019607843137,48.68888888888889,0.2919178523457685
2014-09-04,50,50,10,0.2,48.644444444444446,0.293317029300501
2014-09-05,34,34,3,0.088235294117647,48.77777777777778,0.29227721943716173
2014-09-06,19,19,6,0.3157894736842105,48.63333333333333,0.2916193247003196
2014-09-07,19,19,6,0.3157894736842105,48.28888888888889,0.290905874407922
2014-09-08,55,55,14,0.2545454545454545,48.18888888888889,0.2892202683473159
2014-09-09,55,55,15,0.2727272727272727,48.18888888888889,0.28901824814529575
2014-09-10,47,47,15,0.3191489361702128,48.166666666666664,0.28916298689185815
2014-09-11,55,55,18,0.3272727272727272,48.2,0.29066259839146963
2014-09-12,43,43,10,0.2325581395348837,48.4,0.28835768883074614
2014-09-13,32,32,4,0.125,48.266666666666666,0.28646374943680675
2014-09-14,33,33,11,0.3333333333333333,47.977777777777774,0.2871542704663108
2014-09-15,58,58,14,0.2413793103448276,48.0,0.28487594534315813
2014-09-16,52,52,13,0.25,47.74444444444445,0.2833574268246396
2014-09-17,40,40,14,0.35,47.233333333333334,0.28414554051973
2014-09-18,37,37,16,0.4324324324324324,46.977777777777774,0.2867281231023126
2014-09-19,41,41,8,0.1951219512195122,47.077777777777776,0.28681281144919607
2014-09-20,22,22,3,0.1363636363636363,46.93333333333333,0.28578828042466503
2014-09-21,30,30,5,0.1666666666666666,46.65555555555556,0.28339770803409264
2014-09-22,39,39,13,0.3333333333333333,46.355555555555554,0.28339770803409264
2014-09-23,47,47,12,0.2553191489361702,46.3,0.28238843362056293
2014-09-24,49,49,16,0.3265306122448979,46.36666666666667,0.28343257220622975
2014-09-25,45,45,16,0.3555555555555555,46.27777777777778,0.2852867534314802
2014-09-26,40,40,7,0.175,46.31111111111111,0.2851290957738225
2014-09-27,16,16,8,0.5,46.2,0.2868384974832242
2014-09-28,28,28,6,0.2142857142857142,45.98888888888889,0.2861461638121672
2014-09-29,46,46,17,0.3695652173913043,46.022222222222226,0.2871516688116054
2014-09-30,61,61,20,0.3278688524590163,46.022222222222226,0.2866052207241737
2014-10-01,55,55,23,0.4181818181818181,45.91111111111111,0.2885166426355956
2014-10-02,48,48,10,0.2083333333333333,45.84444444444444,0.2895968895491759
2014-10-03,43,43,2,0.0465116279069767,46.0,0.2858991260278358
2014-10-04,21,21,4,0.1904761904761904,45.81111111111111,0.2847991538752321
2014-10-05,26,26,8,0.3076923076923077,45.5,0.28389696963971445
2014-10-06,46,46,9,0.1956521739130435,45.422222222222224,0.28313587220101244
2014-10-07,33,33,8,0.2424242424242424,45.25555555555555,0.28328317859831886
2014-10-08,38,38,16,0.4210526315789473,45.266666666666666,0.28345703666691374
2014-10-09,53,53,10,0.1886792452830188,45.27777777777778,0.28341672058886186
2014-10-10,40,40,7,0.175,45.4,0.28152974740878517
2014-10-11,25,25,4,0.16,45.111111111111114,0.2813467408728375
2014-10-12,24,24,10,0.4166666666666667,44.93333333333333,0.28319859272468934
2014-10-13,46,46,15,0.3260869565217391,44.8,0.28279879262473934
2014-10-14,48,48,13,0.2708333333333333,44.63333333333333,0.2828098155524289
2014-10-15,55,55,16,0.2909090909090909,44.56666666666667,0.28258130089768474
2014-10-16,46,46,12,0.2608695652173913,44.522222222222226,0.28281318495565577
2014-10-17,53,53,14,0.2641509433962264,44.72222222222222,0.28416089385053445
2014-10-18,37,37,10,0.2702702702702703,44.855555555555554,0.2836083412979819
2014-10-19,29,29,10,0.3448275862068966,44.733333333333334,0.28299531447805854
2014-10-20,47,47,15,0.3191489361702128,44.67777777777778,0.2831226103500353
2014-10-21,55,55,14,0.2545454545454545,44.766666666666666,0.283114013745694
2014-10-22,44,44,13,0.2954545454545454,44.7,0.2828412864729667
2014-10-23,39,39,15,0.3846153846153846,44.67777777777778,0.28386275822614576
2014-10-24,46,46,9,0.1956521739130435,44.91111111111111,0.28337000460295736
2014-10-25,30,30,8,0.2666666666666666,44.74444444444445,0.2838638317634512
2014-10-26,31,31,14,0.4516129032258064,44.5,0.28573709882235426
2014-10-27,39,39,15,0.3846153846153846,44.2,0.2869803000655556
2014-10-28,46,46,18,0.391304347826087,44.077777777777776,0.28703962712717096
2014-10-29,57,57,18,0.3157894736842105,44.022222222222226,0.28750180407491666
2014-10-30,57,57,17,0.2982456140350877,44.13333333333333,0.2877423581788526
2014-10-31,51,51,9,0.1764705882352941,44.355555555555554,0.2871941819191014
2014-11-01,33,33,7,0.2121212121212121,44.4,0.2857196666514827
2014-11-02,26,26,9,0.3461538461538461,44.044444444444444,0.2863091155167936
2014-11-03,44,44,15,0.3409090909090909,43.84444444444444,0.28740882226166165
2014-11-04,61,61,18,0.2950819672131147,43.91111111111111,0.2878592279579689
2014-11-05,65,65,17,0.2615384615384615,44.08888888888889,0.28827087979819227
2014-11-06,51,51,15,0.2941176470588235,44.2,0.2885578238441033
2014-11-07,40,40,9,0.225,44.24444444444445,0.2867368361897823
2014-11-08,21,21,7,0.3333333333333333,44.12222222222222,0.2845377621157082
2014-11-09,29,29,11,0.3793103448275862,43.72222222222222,0.28430787705823696
2014-11-10,61,61,17,0.2786885245901639,43.53333333333333,0.28469786351379717
2014-11-11,38,38,15,0.3947368421052631,43.477777777777774,0.28598305323227946
2014-11-12,55,55,21,0.3818181818181818,43.611111111111114,0.28764149814653833
2014-11-13,45,45,11,0.2444444444444444,43.81111111111111,0.2878884117267852
2014-11-14,32,32,11,0.34375,43.955555555555556,0.2881990842414051
2014-11-15,25,25,7,0.28,43.8,0.2876064916488125
2014-11-16,22,22,9,0.4090909090909091,43.355555555555554,0.2876716594559158
2014-11-17,46,46,15,0.3260869565217391,42.977777777777774,0.28837818119504627
2014-11-18,43,43,16,0.3720930232558139,42.91111111111111,0.2879774007278206
2014-11-19,36,36,12,0.3333333333333333,42.63333333333333,0.2885845652694114
2014-11-20,38,38,14,0.3684210526315789,42.46666666666667,0.2910009836739132
2014-11-21,30,30,10,0.3333333333333333,42.44444444444444,0.2919269095998391
2014-11-22,36,36,9,0.25,42.51111111111111,0.2910009836739132
2014-11-23,37,37,15,0.4054054054054054,42.36666666666667,0.29128326595619547
2014-11-24,61,61,18,0.2950819672131147,42.3,0.29041601749902773
2014-11-25,45,45,20,0.4444444444444444,42.06666666666667,0.29148223523191213
2014-11-26,59,59,23,0.3898305084745763,41.98888888888889,0.29109988061226943
2014-11-27,69,69,18,0.2608695652173913,42.044444444444444,0.29191509800357374
2014-11-28,42,42,17,0.4047619047619047,42.17777777777778,0.2934494895379653
2014-11-29,38,38,18,0.4736842105263157,42.18888888888889,0.29540934412939884
2014-11-30,39,39,17,0.4358974358974359,41.922222222222224,0.29831261369933504
2014-12-01,52,52,20,0.3846153846153846,41.9,0.29888241426913564
2014-12-02,58,58,17,0.293103448275862,41.977777777777774,0.2993068752412639
2014-12-03,63,63,16,0.2539682539682539,42.12222222222222,0.2999065225075779
2014-12-04,55,55,13,0.2363636363636363,42.355555555555554,0.3015523929769778
2014-12-05,39,39,13,0.3333333333333333,42.577777777777776,0.3017473247508569
2014-12-06,37,37,14,0.3783783783783784,42.77777777777778,0.30244275702523654
2014-12-07,44,44,16,0.3636363636363636,42.65555555555556,0.30365487823735776
2014-12-08,45,45,16,0.3555555555555555,42.544444444444444,0.3045751924910053
2014-12-09,53,53,17,0.320754716981132,42.611111111111114,0.3045930345000155
2014-12-10,60,60,18,0.3,42.666666666666664,0.3042900041969852
2014-12-11,42,42,9,0.2142857142857142,42.65555555555556,0.30408697724977224
2014-12-12,31,31,5,0.1612903225806451,42.644444444444446,0.3044902030562238
2014-12-13,23,23,9,0.391304347826087,42.53333333333333,0.30513432543947666
2014-12-14,44,44,15,0.3409090909090909,42.37777777777778,0.3062402118901907
2014-12-15,75,75,27,0.36,42.63333333333333,0.3074624341124129
2014-12-16,72,72,24,0.3333333333333333,42.98888888888889,0.30727724892722774
2014-12-17,67,67,25,0.373134328358209,43.32222222222222,0.3066183811041808
2014-12-18,65,65,21,0.3230769230769231,43.58888888888889,0.30804010301370766
2014-12-19,48,48,8,0.1666666666666666,43.87777777777778,0.30837680335040796
2014-12-20,28,28,9,0.3214285714285714,43.855555555555554,0.3100963800699847
2014-12-21,32,32,16,0.5,43.77777777777778,0.3119482319218365
2014-12-22,67,67,18,0.2686567164179104,44.0,0.31209642711607805
2014-12-23,52,52,12,0.2307692307692307,44.03333333333333,0.31103241176634844
2014-12-24,33,33,12,0.3636363636363636,43.9,0.3111221985228019
2014-12-25,36,36,11,0.3055555555555556,43.855555555555554,0.3125728158067525
2014-12-26,47,47,10,0.2127659574468085,44.2,0.30938132644505034
2014-12-27,36,36,7,0.1944444444444444,44.28888888888889,0.30916086789125846
2014-12-28,36,36,15,0.4166666666666667,44.17777777777778,0.3096842173276514
2014-12-29,45,45,15,0.3333333333333333,44.0,0.30974493378181045
2014-12-30,45,45,11,0.2444444444444444,43.888888888888886,0.30781451851806185
2014-12-31,31,31,6,0.1935483870967742,43.7,0.30765024133765567
2015-01-01,35,35,13,0.3714285714285714,43.611111111111114,0.31126042959900674
2015-01-02,56,56,13,0.2321428571428571,44.0,0.3117233925619697
2015-01-03,38,38,16,0.4210526315789473,44.13333333333333,0.31298295171626567
2015-01-04,51,51,17,0.3333333333333333,44.18888888888889,0.3145127423764911
2015-01-05,53,53,18,0.3396226415094339,44.41111111111111,0.3155927245885488
2015-01-06,47,47,12,0.2553191489361702,44.51111111111111,0.3137512414480735
2015-01-07,55,55,16,0.2909090909090909,44.53333333333333,0.3148871286216965
2015-01-08,61,61,14,0.2295081967213114,44.766666666666666,0.3154927752519333
2015-01-09,49,49,10,0.2040816326530612,45.03333333333333,0.31598257117030065
2015-01-10,31,31,12,0.3870967741935484,45.111111111111114,0.31565401680948824
2015-01-11,35,35,15,0.4285714285714285,44.98888888888889,0.3167927331655959
2015-01-12,64,64,15,0.234375,45.166666666666664,0.31638764057300334
2015-01-13,65,65,25,0.3846153846153846,45.27777777777778,0.31742882161418434
2015-01-14,73,73,14,0.1917808219178082,45.577777777777776,0.31666116891085566
2015-01-15,44,44,11,0.25,45.477777777777774,0.3165039362064531
2015-01-16,42,42,16,0.3809523809523809,45.53333333333333,0.3177337374362543
2015-01-17,45,45,17,0.3777777777777777,45.71111111111111,0.3180998506759308
2015-01-18,38,38,14,0.3684210526315789,45.611111111111114,0.3186473186366126
2015-01-19,54,54,16,0.2962962962962963,45.6,0.3191112168782887
2015-01-20,56,56,15,0.2678571428571428,45.733333333333334,0.31880457907165083
2015-01-21,46,46,12,0.2608695652173913,45.81111111111111,0.31742962552278425
2015-01-22,38,38,17,0.4473684210526316,45.72222222222222,0.32022647271322413
2015-01-23,44,44,9,0.2045454545454545,45.87777777777778,0.31953623702298845
2015-01-24,34,34,6,0.1764705882352941,45.91111111111111,0.31647910018976055
2015-01-25,43,43,16,0.3720930232558139,45.955555555555556,0.3163399628413208
2015-01-26,58,58,14,0.2413793103448276,46.08888888888889,0.3146741290915291
2015-01-27,48,48,13,0.2708333333333333,45.98888888888889,0.3141746164209638
2015-01-28,45,45,16,0.3555555555555555,45.855555555555554,0.314811393548969
2015-01-29,64,64,18,0.28125,46.0,0.3159756092352435
2015-01-30,61,61,11,0.180327868852459,46.31111111111111,0.3156223498655907
2015-01-31,32,32,11,0.34375,46.37777777777778,0.3155956404638813
2015-02-01,53,53,22,0.4150943396226415,46.477777777777774,0.316419921005143
2015-02-02,58,58,18,0.3103448275862069,46.44444444444444,0.3165895083426218
2015-02-03,54,54,14,0.2592592592592592,46.32222222222222,0.31656418387285284
2015-02-04,45,45,19,0.4222222222222222,46.25555555555555,0.31798756804133504
2015-02-05,45,45,15,0.3333333333333333,46.31111111111111,0.3191912717450387
2015-02-06,34,34,9,0.2647058823529412,46.455555555555556,0.31842874451192327
2015-02-07,31,31,10,0.3225806451612903,46.477777777777774,0.3177984145156311
2015-02-08,44,44,14,0.3181818181818182,46.28888888888889,0.3182372288888717
2015-02-09,47,47,15,0.3191489361702128,46.388888888888886,0.3173973632673711
2015-02-10,42,42,13,0.3095238095238095,46.24444444444445,0.3165940924641003
2015-02-11,51,51,20,0.392156862745098,46.31111111111111,0.3182353415563298
2015-02-12,48,48,17,0.3541666666666667,46.48888888888889,0.31835108229707054
2015-02-13,37,37,9,0.2432432432432432,46.62222222222222,0.31794267388866215
2015-02-14,22,22,9,0.4090909090909091,46.62222222222222,0.31794267388866215
2015-02-15,33,33,13,0.3939393939393939,46.477777777777774,0.3186965898599694
2015-02-16,43,43,16,0.3720930232558139,46.477777777777774,0.31869658985996946
2015-02-17,72,72,24,0.3333333333333333,46.87777777777778,0.3186965898599694
2015-02-18,62,62,15,0.2419354838709677,47.144444444444446,0.31729119465151817
2015-02-19,49,49,16,0.3265306122448979,47.355555555555554,0.3172156088616467
2015-02-20,63,63,12,0.1904761904761904,47.65555555555556,0.31655423320027104
2015-02-21,64,64,18,0.28125,47.955555555555556,0.3151747286957665
2015-02-22,61,61,13,0.2131147540983606,47.955555555555556,0.31426398188338034
2015-02-23,62,62,13,0.2096774193548387,48.144444444444446,0.31165545938238476
2015-02-24,59,59,12,0.2033898305084746,48.144444444444446,0.3095838962938725
2015-02-25,49,49,13,0.2653061224489796,47.922222222222224,0.30963319137422346
2015-02-26,45,45,10,0.2222222222222222,47.955555555555556,0.3076049726793381
2015-02-27,39,39,6,0.1538461538461538,47.96666666666667,0.304051216494003
2015-02-28,16,16,5,0.3125,47.71111111111111,0.3026801338729204
2015-03-01,36,36,10,0.2777777777777778,47.53333333333333,0.3014930493525025
2015-03-02,52,52,16,0.3076923076923077,47.46666666666667,0.30165514779046304
2015-03-03,52,52,18,0.3461538461538461,47.34444444444444,0.30267943214808074
2015-03-04,56,56,15,0.2678571428571428,47.355555555555554,0.30302935999800856
2015-03-05,73,73,21,0.2876712328767123,47.733333333333334,0.30252200332626833
2015-03-06,60,60,11,0.1833333333333333,47.98888888888889,0.3003548361591012
2015-03-07,31,31,5,0.1612903225806451,47.84444444444444,0.29810654681403764
2015-03-08,44,44,19,0.4318181818181818,47.833333333333336,0.2989539093280668
2015-03-09,80,80,26,0.325,48.13333333333333,0.2990010791393876
2015-03-10,66,66,20,0.303030303030303,48.2,0.2990347491730576
2015-03-11,60,60,17,0.2833333333333333,48.4,0.29980194494025336
2015-03-12,47,47,13,0.2765957446808511,48.577777777777776,0.3010831162969223
2015-03-13,47,47,14,0.2978723404255319,48.84444444444444,0.3000449828813606
2015-03-14,40,40,13,0.325,48.8,0.2998682152045929
2015-03-15,46,46,19,0.4130434782608695,48.477777777777774,0.30045758718526927
2015-03-16,85,85,24,0.2823529411764706,48.62222222222222,0.2998911383835263
2015-03-17,60,60,21,0.35,48.544444444444444,0.29963409029065735
2015-03-18,68,68,17,0.25,48.577777777777776,0.2988221244786915
2015-03-19,52,52,19,0.3653846153846153,48.62222222222222,0.30103010168666877
2015-03-20,59,59,12,0.2033898305084746,48.96666666666667,0.2997185601208899
2015-03-21,47,47,11,0.2340425531914893,49.13333333333333,0.2967634773785731
2015-03-22,45,45,14,0.3111111111111111,48.888888888888886,0.29723519287516426
2015-03-23,65,65,22,0.3384615384615385,49.03333333333333,0.29843177407174537
2015-03-24,60,60,15,0.25,49.333333333333336,0.2971691478091191
2015-03-25,60,60,23,0.3833333333333333,49.6,0.2980333453399834
2015-03-26,62,62,22,0.3548387096774194,49.766666666666666,0.29961193147587906
2015-03-27,53,53,16,0.3018867924528302,49.955555555555556,0.3008057353426388
2015-03-28,41,41,12,0.2926829268292683,50.01111111111111,0.2994281382333345
2015-03-29,30,30,15,0.5,49.84444444444444,0.3012799900851863
2015-03-30,45,45,16,0.3555555555555555,49.84444444444444,0.3025145579864209
2015-03-31,40,40,14,0.35,49.94444444444444,0.30425290924090115
2015-04-01,66,66,21,0.3181818181818182,50.28888888888889,0.30366127864927056
2015-04-02,62,62,18,0.2903225806451613,50.355555555555554,0.3043077200215184
2015-04-03,42,42,12,0.2857142857142857,50.4,0.3028039606230222
2015-04-04,33,33,12,0.3636363636363636,50.2,0.3031406609597225
2015-04-05,30,30,14,0.4666666666666667,49.94444444444444,0.3045522612392473
2015-04-06,51,51,18,0.3529411764705882,49.98888888888889,0.30563695043407413
2015-04-07,44,44,12,0.2727272727272727,49.86666666666667,0.305434930232054
2015-04-08,53,53,14,0.2641509433962264,49.77777777777778,0.30581984963955305
2015-04-09,50,50,19,0.38,49.78888888888889,0.30777449816563013
2015-04-10,61,61,10,0.1639344262295081,50.12222222222222,0.3052949165215852
2015-04-11,42,42,8,0.1904761904761904,50.2,0.3026494138760826
2015-04-12,39,39,13,0.3333333333333333,49.922222222222224,0.3037489509131196
2015-04-13,59,59,21,0.3559322033898305,49.855555555555554,0.3034302488995024
2015-04-14,50,50,23,0.46,49.6,0.3064104619893045
2015-04-15,72,72,19,0.2638888888888889,49.91111111111111,0.30656478297695877
2015-04-16,53,53,13,0.2452830188679245,50.03333333333333,0.3050573456204648
2015-04-17,43,43,12,0.2790697674418604,50.01111111111111,0.30396058995006575
2015-04-18,37,37,12,0.3243243243243243,50.0,0.3034706263022074
2015-04-19,38,38,12,0.3157894736842105,49.82222222222222,0.3036872171620731
2015-04-20,53,53,17,0.320754716981132,49.78888888888889,0.304274967985673
2015-04-21,74,74,23,0.3108108108108108,50.1,0.30482987071448875
2015-04-22,65,65,21,0.3230769230769231,50.4,0.3034488540703142
2015-04-23,63,63,21,0.3333333333333333,50.611111111111114,0.30487983050129064
2015-04-24,58,58,13,0.2241379310344827,50.87777777777778,0.30540946764350385
2015-04-25,58,58,13,0.2241379310344827,51.044444444444444,0.3037655221743779
2015-04-26,40,40,19,0.475,50.84444444444444,0.3063613076149909
2015-04-27,77,77,30,0.3896103896103896,51.166666666666664,0.30768105268473606
2015-04-28,66,66,23,0.3484848484848485,51.4,0.3076024892728393
2015-04-29,67,67,23,0.3432835820895522,51.43333333333333,0.3082917512960565
2015-04-30,57,57,23,0.4035087719298245,51.388888888888886,0.3107715391080273
2015-05-01,51,51,15,0.2941176470588235,51.6,0.310220068519792
2015-05-02,38,38,8,0.2105263157894736,51.43333333333333,0.3079470904772012
2015-05-03,34,34,9,0.2647058823529412,51.166666666666664,0.30743999108572045
2015-05-04,52,52,18,0.3461538461538461,51.144444444444446,0.3084054864956603
2015-05-05,52,52,16,0.3076923076923077,51.22222222222222,0.30713293188977236
2015-05-06,107,107,24,0.2242990654205607,51.91111111111111,0.3059214400240749
2015-05-07,57,57,17,0.2982456140350877,52.166666666666664,0.3062941037094321
2015-05-08,59,59,11,0.1864406779661017,52.477777777777774,0.3047814374072633
2015-05-09,30,30,6,0.2,52.32222222222222,0.30346830609413206
2015-05-10,41,41,16,0.3902439024390244,52.25555555555555,0.30425825016378555
2015-05-11,62,62,24,0.3870967741935484,52.477777777777774,0.30512017199344926
2015-05-12,88,88,24,0.2727272727272727,52.888888888888886,0.3037931765488067
2015-05-13,79,79,25,0.3164556962025316,53.233333333333334,0.3033741657658719
2015-05-14,68,68,22,0.3235294117647059,53.577777777777776,0.3042662343049993
2015-05-15,66,66,11,0.1666666666666666,54.06666666666667,0.3015726316113966
2015-05-16,52,52,25,0.4807692307692308,54.27777777777778,0.30253740757617253
2015-05-17,67,67,25,0.373134328358209,54.544444444444444,0.3025489776328658
2015-05-18,115,115,40,0.3478260869565217,55.022222222222226,0.30271000822867905
2015-05-19,102,102,29,0.284313725490196,55.46666666666667,0.30318087758000384
2015-05-20,87,87,25,0.2873563218390804,55.888888888888886,0.30274560768660586
2015-05-21,70,70,19,0.2714285714285714,55.96666666666667,0.3036450785860767
2015-05-22,74,74,22,0.2972972972972973,56.077777777777776,0.30382338188938
2015-05-23,57,57,16,0.2807017543859649,56.03333333333333,0.3045743485592423
2015-05-24,57,57,21,0.3684210526315789,55.977777777777774,0.3063381667067616
2015-05-25,70,70,22,0.3142857142857143,56.1,0.3075703431931754
2015-05-26,66,66,18,0.2727272727272727,56.28888888888889,0.3076528004184898
2015-05-27,65,65,27,0.4153846153846154,56.51111111111111,0.3097990492314053
2015-05-28,82,82,31,0.3780487804878049,56.98888888888889,0.3122901895274236
2015-05-29,69,69,13,0.1884057971014492,57.577777777777776,0.310911365050773
2015-05-30,32,32,11,0.34375,57.53333333333333,0.31164438974213104
2015-05-31,44,44,20,0.4545454545454545,57.44444444444444,0.3132760913738327
2015-06-01,99,99,26,0.2626262626262626,57.96666666666667,0.31234800711241506
2015-06-02,70,70,23,0.3285714285714285,58.12222222222222,0.3130226102870183
2015-06-03,60,60,19,0.3166666666666666,57.977777777777774,0.31334478177357333
2015-06-04,57,57,20,0.3508771929824561,57.94444444444444,0.3152063802141191
2015-06-05,81,81,19,0.2345679012345679,58.5,0.3160205755324961
2015-06-06,54,54,12,0.2222222222222222,58.611111111111114,0.3136917315369854
2015-06-07,64,64,23,0.359375,58.43333333333333,0.3140736759814298
2015-06-08,100,100,26,0.26,58.81111111111111,0.31359556150331536
2015-06-09,76,76,29,0.3815789473684211,58.98888888888889,0.31468717943703856
2015-06-10,91,91,28,0.3076923076923077,59.477777777777774,0.3150326968038325
2015-06-11,73,73,15,0.2054794520547945,59.766666666666666,0.3140061091552688
2015-06-12,67,67,13,0.1940298507462686,60.06666666666667,0.3125508852746718
2015-06-13,53,53,17,0.320754716981132,60.144444444444446,0.3115254545937858
2015-06-14,64,64,26,0.40625,59.91111111111111,0.3129020885807139
2015-06-15,97,97,26,0.268041237113402,60.32222222222222,0.3119914356597517
2015-06-16,75,75,27,0.36,60.4,0.3132136578819739
2015-06-17,82,82,33,0.4024390243902439,60.733333333333334,0.31362537353759196
2015-06-18,82,82,31,0.3780487804878049,60.98888888888889,0.3155660285373623
2015-06-19,88,88,23,0.2613636363636363,61.44444444444444,0.31586959612816395
2015-06-20,62,62,24,0.3870967741935484,61.63333333333333,0.3167138812735244
2015-06-21,77,77,27,0.3506493506493506,61.766666666666666,0.3168493014089445
2015-06-22,85,85,34,0.4,62.044444444444444,0.3185159680756112
2015-06-23,96,96,37,0.3854166666666667,62.44444444444444,0.31853911622375936
2015-06-24,97,97,33,0.3402061855670103,62.833333333333336,0.31837653262253257
2015-06-25,97,97,32,0.3298969072164948,63.32222222222222,0.31868775611990663
2015-06-26,81,81,27,0.3333333333333333,63.766666666666666,0.31913942730328515
2015-06-27,57,57,22,0.3859649122807017,64.06666666666666,0.31787237077307073
2015-06-28,56,56,29,0.5178571428571429,64.18888888888888,0.31967572174308834
2015-06-29,90,90,35,0.3888888888888889,64.74444444444444,0.32010782050852044
2015-06-30,79,79,25,0.3164556962025316,64.88888888888889,0.32008864137541726
2015-07-01,68,68,23,0.3382352941176471,64.95555555555555,0.32062100485844486
2015-07-02,63,63,21,0.3333333333333333,65.18888888888888,0.3211501053875454
2015-07-03,65,65,16,0.2461538461538461,65.54444444444445,0.3198447440821841
2015-07-04,45,45,19,0.4222222222222222,65.71111111111111,0.31935091692169026
2015-07-05,56,56,20,0.3571428571428571,65.76666666666667,0.31939760226249325
2015-07-06,78,78,21,0.2692307692307692,66.14444444444445,0.31935875222364324
2015-07-07,69,69,28,0.4057971014492754,66.32222222222222,0.3209325984242326
2015-07-08,91,91,25,0.2747252747252747,66.77777777777777,0.31976287925451347
2015-07-09,78,78,24,0.3076923076923077,66.96666666666667,0.3213601890485446
2015-07-10,59,59,13,0.2203389830508474,67.15555555555555,0.32169199785492963
2015-07-11,40,40,14,0.35,67.16666666666667,0.3218771830401148
2015-07-12,41,41,17,0.4146341463414634,66.96666666666667,0.3225294268506885
2015-07-13,66,66,22,0.3333333333333333,67.14444444444445,0.3211220194432811
2015-07-14,59,59,24,0.4067796610169492,67.0,0.32270969468914845
2015-07-15,60,60,29,0.4833333333333333,67.07777777777778,0.32535469818320856
2015-07-16,89,89,28,0.3146067415730337,67.58888888888889,0.3257495534513327
2015-07-17,69,69,12,0.1739130434782608,67.94444444444444,0.32407831699748757
2015-07-18,31,31,11,0.3548387096774194,67.86666666666666,0.3245121973974121
2015-07-19,45,45,16,0.3555555555555555,67.77777777777777,0.32489887338157236
2015-07-20,62,62,19,0.3064516129032258,67.64444444444445,0.32485043784926587
2015-07-21,66,66,19,0.2878787878787879,67.65555555555555,0.3244593474581755
2015-07-22,56,56,13,0.2321428571428571,67.57777777777778,0.32333500883383687
2015-07-23,54,54,19,0.3518518518518518,67.53333333333333,0.3247540523984743
2015-07-24,68,68,19,0.2794117647058823,67.64444444444445,0.3253682061059343
2015-07-25,43,43,13,0.3023255813953488,67.67777777777778,0.3234496014547715
2015-07-26,42,42,14,0.3333333333333333,67.28888888888889,0.32282430082947083
2015-07-27,59,59,23,0.3898305084745763,67.21111111111111,0.32328369705157894
2015-07-28,53,53,16,0.3018867924528302,67.05555555555556,0.32282373272228204
2015-07-29,45,45,14,0.3111111111111111,66.92222222222222,0.3217970920465186
2015-07-30,70,70,25,0.3571428571428571,67.13333333333334,0.3224973721585634
2015-07-31,64,64,13,0.203125,67.42222222222222,0.32241513531645816
2015-08-01,36,36,9,0.25,67.44444444444444,0.32225173662364764
2015-08-02,44,44,11,0.25,67.35555555555555,0.3211833605552716
2015-08-03,43,43,20,0.4651162790697674,67.25555555555556,0.32293251579279897
2015-08-04,69,69,18,0.2608695652173913,66.83333333333333,0.3233388546794304
2015-08-05,51,51,22,0.4313725490196078,66.76666666666667,0.324818042845925
2015-08-06,56,56,18,0.3214285714285714,66.73333333333333,0.3263179083288414
2015-08-07,38,38,11,0.2894736842105263,66.82222222222222,0.327312060375625
2015-08-08,36,36,12,0.3333333333333333,66.76666666666667,0.32667972071889506
2015-08-09,34,34,16,0.4705882352941176,66.45555555555555,0.3276074036200125
2015-08-10,67,67,20,0.2985074626865671,66.22222222222223,0.32789385017511585
2015-08-11,65,65,17,0.2615384615384615,66.06666666666666,0.3272836586788484
2015-08-12,73,73,21,0.2876712328767123,66.12222222222222,0.32688523446898177
2015-08-13,62,62,19,0.3064516129032258,66.07777777777778,0.3284384005382769
2015-08-14,77,77,11,0.1428571428571428,66.35555555555555,0.32468382178369815
2015-08-15,32,32,10,0.3125,65.96666666666667,0.32401010702416244
2015-08-16,47,47,17,0.3617021276595745,65.21111111111111,0.3241642852541963
2015-08-17,63,63,25,0.3968253968253968,64.77777777777777,0.3254144149356986
2015-08-18,61,61,22,0.360655737704918,64.4888888888889,0.32622885288976344
2015-08-19,70,70,27,0.3857142857142857,64.4888888888889,0.32749869415960475
2015-08-20,65,65,21,0.3230769230769231,64.38888888888889,0.327785134446045
2015-08-21,57,57,13,0.2280701754385964,64.38888888888889,0.32720033912440755
2015-08-22,44,44,15,0.3409090909090909,64.24444444444444,0.3268946506608244
2015-08-23,60,60,19,0.3166666666666666,64.13333333333334,0.32692110568727945
2015-08-24,71,71,22,0.3098591549295774,64.18888888888888,0.3273336821561939
2015-08-25,67,67,19,0.2835820895522388,64.21111111111111,0.3258692096469453
2015-08-26,64,64,17,0.265625,64.0111111111111,0.32462005653041415
2015-08-27,63,63,25,0.3968253968253968,63.94444444444444,0.3269358298606802
2015-08-28,89,89,15,0.1685393258426966,64.57777777777778,0.32498904459226574
2015-08-29,47,47,17,0.3617021276595745,64.61111111111111,0.3239574520713115
2015-08-30,70,70,19,0.2714285714285714,64.28888888888889,0.3240552555024483
2015-08-31,86,86,29,0.3372093023255814,64.46666666666667,0.32415123187749445
2015-09-01,76,76,26,0.3421052631578947,64.64444444444445,0.32443388294961917
2015-09-02,70,70,28,0.4,64.78888888888889,0.3249796919164808
2015-09-03,93,93,27,0.2903225806451613,64.92222222222222,0.32559918835437623
2015-09-04,71,71,18,0.2535211267605634,65.11111111111111,0.32594695396035783
2015-09-05,63,63,25,0.3968253968253968,65.1,0.32636306948064003
2015-09-06,66,66,25,0.3787878787878788,64.72222222222223,0.3276829348005053
2015-09-07,69,69,27,0.391304347826087,64.64444444444445,0.3277909948055905
2015-09-08,82,82,28,0.3414634146341463,64.54444444444445,0.3281662293271665
2015-09-09,76,76,23,0.3026315789473684,64.57777777777778,0.32924569740375065
2015-09-10,57,57,27,0.4736842105263157,64.46666666666667,0.3323529680679734
2015-09-11,75,75,14,0.1866666666666666,64.71111111111111,0.3308631008422571
2015-09-12,50,50,13,0.26,64.55555555555556,0.3292381008422571
2015-09-13,46,46,16,0.3478260869565217,63.98888888888889,0.33012459917384734
2015-09-14,82,82,22,0.2682926829268293,64.06666666666666,0.32910562898414547
2015-09-15,67,67,18,0.2686567164179104,63.9,0.3276191588955639
2015-09-16,53,53,17,0.320754716981132,63.577777777777776,0.32698255818993427
2015-09-17,50,50,19,0.38,63.15555555555556,0.32830074000811604
2015-09-18,69,69,16,0.2318840579710145,63.233333333333334,0.3265761542723101
2015-09-19,42,42,10,0.238095238095238,62.84444444444444,0.32532555302170885
2015-09-20,58,58,20,0.3448275862068966,62.544444444444444,0.32471252620178553
2015-09-21,66,66,30,0.4545454545454545,62.21111111111111,0.32548062384488313
2015-09-22,73,73,28,0.3835616438356164,61.94444444444444,0.32596235115897876
2015-09-23,78,78,15,0.1923076923076923,61.733333333333334,0.32443358210443657
2015-09-24,50,50,23,0.46,61.388888888888886,0.3258409895118439
2015-09-25,62,62,16,0.2580645161290322,61.44444444444444,0.3244198739990476
2015-09-26,37,37,9,0.2432432432432432,61.233333333333334,0.32136860844778203
2015-09-27,54,54,19,0.3518518518518518,60.833333333333336,0.3209570858140372
2015-09-28,66,66,20,0.303030303030303,60.68888888888889,0.3208079147787902
2015-09-29,44,44,17,0.3863636363636363,60.422222222222224,0.32134267413707895
2015-09-30,49,49,16,0.3265306122448979,60.266666666666666,0.32126708834720746
2015-10-01,30,30,13,0.4333333333333333,59.87777777777778,0.3233468604269795
2015-10-02,71,71,7,0.0985915492957746,60.166666666666664,0.3197509640611301
2015-10-03,34,34,14,0.4117647058823529,59.922222222222224,0.32035787349156897
2015-10-04,48,48,15,0.3125,59.58888888888889,0.3208386427223382
2015-10-05,49,49,12,0.2448979591836734,59.36666666666667,0.3190508744749426
2015-10-06,29,29,7,0.2413793103448276,58.67777777777778,0.31868036375960435
2015-10-07,50,50,14,0.28,58.36666666666667,0.318372671451912
2015-10-08,71,71,14,0.1971830985915492,58.5,0.3181153838468087
2015-10-09,43,43,11,0.2558139534883721,58.53333333333333,0.31706887221890173
2015-10-10,26,26,8,0.3076923076923077,58.36666666666667,0.31588062956724444
2015-10-11,26,26,11,0.4230769230769231,57.922222222222224,0.3168777805643954
2015-10-12,44,44,15,0.3409090909090909,57.75555555555555,0.31614588534097476
2015-10-13,53,53,22,0.4150943396226415,57.67777777777778,0.3153876742997449
2015-10-14,69,69,16,0.2318840579710145,57.455555555555556,0.3144685333708335
2015-10-15,63,63,20,0.3174603174603174,57.388888888888886,0.3160635030817453
2015-10-16,49,49,7,0.1428571428571428,57.58888888888889,0.3137081523392978
2015-10-17,19,19,6,0.3157894736842105,57.3,0.3132663069851717
2015-10-18,37,37,12,0.3243243243243243,57.022222222222226,0.3134648926676284
2015-10-19,61,61,20,0.3278688524590163,56.96666666666667,0.31390922671851984
2015-10-20,57,57,15,0.2631578947368421,56.977777777777774,0.3142538382473419
2015-10-21,51,51,19,0.3725490196078431,56.94444444444444,0.314483806777964
2015-10-22,67,67,23,0.3432835820895522,56.93333333333333,0.31519349363778254
2015-10-23,65,65,13,0.2,57.17777777777778,0.31405654273338973
2015-10-24,45,45,10,0.2222222222222222,57.21111111111111,0.31282197483215524
2015-10-25,39,39,6,0.1538461538461538,56.98888888888889,0.31019992644739497
2015-10-26,35,35,13,0.3714285714285714,56.78888888888889,0.31097261288045874
2015-10-27,51,51,16,0.3137254901960784,56.855555555555554,0.31100166153695835
2015-10-28,42,42,15,0.3571428571428571,56.544444444444444,0.31100166153695835
2015-10-29,43,43,16,0.3720930232558139,56.31111111111111,0.3128790840175785
2015-10-30,63,63,11,0.1746031746031746,56.611111111111114,0.31204134151316937
2015-10-31,32,32,9,0.28125,56.477777777777774,0.3123885637353916
2015-11-01,25,25,14,0.56,56.27777777777778,0.3134428273012831
2015-11-02,63,63,19,0.3015873015873015,56.21111111111111,0.3138952465942821
2015-11-03,64,64,13,0.203125,56.355555555555554,0.31135916271628644
2015-11-04,61,61,20,0.3278688524590163,56.41111111111111,0.3114307213944025
2015-11-05,70,70,10,0.1428571428571428,56.766666666666666,0.3098016487126982
2015-11-06,39,39,7,0.1794871794871795,56.8,0.3080922470032965
2015-11-07,36,36,12,0.3333333333333333,56.82222222222222,0.3065671925370656
2015-11-08,41,41,14,0.3414634146341463,56.53333333333333,0.3070444808920387
2015-11-09,57,57,14,0.2456140350877192,56.44444444444444,0.30686754282036377
2015-11-10,61,61,19,0.3114754098360656,56.31111111111111,0.3071320336754677
2015-11-11,57,57,29,0.5087719298245614,56.25555555555555,0.3093800371968159
2015-11-12,85,85,23,0.2705882352941176,56.34444444444444,0.3107992715572267
2015-11-13,61,61,15,0.2459016393442623,56.666666666666664,0.3100592897721629
2015-11-14,42,42,18,0.4285714285714285,56.611111111111114,0.3108022820045169
2015-11-15,53,53,21,0.3962264150943396,56.5,0.3107956266519496
2015-11-16,93,93,18,0.1935483870967742,56.855555555555554,0.30893887831185907
2015-11-17,63,63,16,0.2539682539682539,56.77777777777778,0.3074750335146809
2015-11-18,56,56,17,0.3035714285714285,56.67777777777778,0.30725830579795327
2015-11-19,64,64,18,0.28125,56.75555555555555,0.3078491927375244
2015-11-20,53,53,10,0.1886792452830188,56.855555555555554,0.30615775000834583
2015-11-21,34,34,11,0.3235294117647059,56.56666666666667,0.30623400273165735
2015-11-22,61,61,15,0.2459016393442623,56.455555555555556,0.3055233636695983
2015-11-23,70,70,15,0.2142857142857142,56.48888888888889,0.30475340394441464
2015-11-24,78,78,17,0.2179487179487179,56.644444444444446,0.3042236674771782
2015-11-25,47,47,12,0.2553191489361702,56.46666666666667,0.30265137583396456
2015-11-26,48,48,17,0.3541666666666667,56.01111111111111,0.3047139018431198
2015-11-27,57,57,10,0.175438596491228,56.12222222222222,0.3026443070523604
2015-11-28,35,35,6,0.1714285714285714,55.733333333333334,0.30153319594124933
2015-11-29,36,36,10,0.2777777777777778,55.17777777777778,0.30087284566849587
2015-11-30,49,49,16,0.3265306122448979,54.87777777777778,0.30069979399168484
2015-12-01,46,46,20,0.4347826086956521,54.611111111111114,0.3010862674216365
2015-12-02,62,62,16,0.2580645161290322,54.266666666666666,0.30072784448256845
2015-12-03,38,38,13,0.3421052631578947,53.9,0.30171211266476106
2015-12-04,38,38,10,0.2631578947368421,53.62222222222222,0.3002269181971104
2015-12-05,33,33,12,0.3636363636363636,53.25555555555555,0.3000585680287602
2015-12-06,37,37,9,0.2432432432432432,52.9,0.2984134446445064
2015-12-07,41,41,7,0.1707317073170731,52.44444444444444,0.2965164256743167
2015-12-08,42,42,15,0.3571428571428571,52.06666666666667,0.29712210654315546
2015-12-09,51,51,23,0.4509803921568627,52.0,0.296869841894606
2015-12-10,55,55,21,0.3818181818181818,51.77777777777778,0.2990381920629562
2015-12-11,58,58,12,0.2068965517241379,51.86666666666667,0.2984481537487799
2015-12-12,37,37,11,0.2972972972972973,51.766666666666666,0.29788672275256634
2015-12-13,29,29,8,0.2758620689655172,51.17777777777778,0.29797082704188504
2015-12-14,71,71,20,0.2816901408450704,51.22222222222222,0.2981156428688535
2015-12-15,69,69,27,0.391304347826087,51.4,0.2988995276560197
2015-12-16,82,82,30,0.3658536585365853,51.75555555555555,0.29874234608420397
2015-12-17,78,78,22,0.282051282051282,51.855555555555554,0.2992997596850958
2015-12-18,65,65,17,0.2615384615384615,52.111111111111114,0.29956023994557607
2015-12-19,50,50,26,0.52,52.022222222222226,0.30150660009883273
2015-12-20,54,54,15,0.2777777777777778,51.888888888888886,0.29954251480141414
2015-12-21,59,59,24,0.4067796610169492,51.733333333333334,0.29980049277009563
2015-12-22,64,64,26,0.40625,51.577777777777776,0.30217762952223237
2015-12-23,75,75,26,0.3466666666666667,51.855555555555554,0.3009183702629731
2015-12-24,58,58,17,0.293103448275862,51.81111111111111,0.30130769173127125
2015-12-25,52,52,13,0.25,51.977777777777774,0.30138276680634635
2015-12-26,37,37,12,0.3243243243243243,51.78888888888889,0.30107690538937376
2015-12-27,41,41,16,0.3902439024390244,51.51111111111111,0.302045945382804
2015-12-28,63,63,27,0.4285714285714285,51.72222222222222,0.30251492085177945
2015-12-29,71,71,26,0.3661971830985915,51.96666666666667,0.30295566052793166
2015-12-30,63,63,21,0.3333333333333333,52.333333333333336,0.30184454941682054
2015-12-31,70,70,14,0.2,52.32222222222222,0.30297130998020083
2016-01-01,38,38,7,0.1842105263157894,52.36666666666667,0.300442930207239
2016-01-02,48,48,14,0.2916666666666667,52.36666666666667,0.30021144872575756
2016-01-03,58,58,19,0.3275862068965517,52.46666666666667,0.3011302070336784
2016-01-04,79,79,34,0.430379746835443,53.022222222222226,0.3032302118835741
2016-01-05,82,82,24,0.2926829268292683,53.37777777777778,0.3033711332927882
2016-01-06,53,53,12,0.2264150943396226,53.17777777777778,0.30369593324554456
2016-01-07,66,66,19,0.2878787878787879,53.43333333333333,0.30405220918321585
2016-01-08,56,56,14,0.25,53.766666666666666,0.3034111835421902
2016-01-09,54,54,23,0.4259259259259259,54.077777777777776,0.3034428391294014
2016-01-10,48,48,23,0.4791666666666667,54.12222222222222,0.30497903441559665
2016-01-11,69,69,19,0.2753623188405797,54.3,0.3034264564069071
2016-01-12,51,51,16,0.3137254901960784,54.1,0.3043358056538522
2016-01-13,59,59,18,0.3050847457627119,54.05555555555556,0.3041982993016566
2016-01-14,59,59,18,0.3050847457627119,54.166666666666664,0.3060008282228296
2016-01-15,59,59,15,0.2542372881355932,54.611111111111114,0.3053169150500672
2016-01-16,31,31,7,0.2258064516129032,54.544444444444444,0.3042222720199403
2016-01-17,41,41,12,0.2926829268292683,54.32222222222222,0.3038313172907209
2016-01-18,67,67,19,0.2835820895522388,54.43333333333333,0.3040582527886697
2016-01-19,61,61,22,0.360655737704918,54.544444444444444,0.3039261052119705
2016-01-20,69,69,25,0.3623188405797101,54.56666666666667,0.3041376080840834
2016-01-21,64,64,22,0.34375,54.55555555555556,0.30573483030630566
2016-01-22,56,56,13,0.2321428571428571,54.67777777777778,0.3058450595832016
2016-01-23,44,44,11,0.25,54.733333333333334,0.30691343565157764
2016-01-24,36,36,13,0.3611111111111111,54.74444444444445,0.30679879720360587
2016-01-25,70,70,26,0.3714285714285714,54.955555555555556,0.3074399425506336
2016-01-26,73,73,29,0.3972602739726027,55.3,0.30788569162651963
2016-01-27,95,95,36,0.3789473684210526,55.87777777777778,0.3079618510172445
2016-01-28,95,95,22,0.231578947368421,56.233333333333334,0.30859491515908055
2016-01-29,70,70,17,0.2428571428571428,56.65555555555556,0.30816832785749326
2016-01-30,43,43,10,0.2325581395348837,56.855555555555554,0.3045300849634364
2016-01-31,36,36,18,0.5,56.55555555555556,0.3067346705013553
2016-02-01,60,60,24,0.4,56.51111111111111,0.3089221705013553
2016-02-02,63,63,23,0.365079365079365,56.53333333333333,0.3093356206415814
2016-02-03,72,72,27,0.375,56.55555555555556,0.3119149857209465
2016-02-04,62,62,17,0.2741935483870967,56.81111111111111,0.3129672787087233
2016-02-05,53,53,14,0.2641509433962264,57.0,0.3121985854871999
2016-02-06,52,52,15,0.2884615384615384,57.12222222222222,0.3116096757519487
2016-02-07,39,39,13,0.3333333333333333,56.922222222222224,0.31258433462134444
2016-02-08,53,53,22,0.4150943396226415,56.833333333333336,0.3137356560634175
2016-02-09,84,84,23,0.2738095238095238,57.13333333333333,0.3111249626632504
2016-02-10,63,63,24,0.3809523809523809,56.888888888888886,0.3123512309483422
2016-02-11,59,59,25,0.423728813559322,56.86666666666667,0.3143270884396207
2016-02-12,55,55,17,0.3090909090909091,57.01111111111111,0.31299952711205936
2016-02-13,39,39,11,0.282051282051282,56.855555555555554,0.311730914522692
2016-02-14,42,42,15,0.3571428571428571,56.28888888888889,0.3135486308565374
2016-02-15,58,58,24,0.4137931034482758,56.233333333333334,0.3153244625174265
2016-02-16,73,73,25,0.3424657534246575,56.422222222222224,0.3157566216824624
2016-02-17,94,94,16,0.1702127659574468,56.75555555555555,0.31452287463754514
2016-02-18,66,66,14,0.2121212121212121,56.9,0.3147833409357473
2016-02-19,45,45,6,0.1333333333333333,57.022222222222226,0.31267005117539876
2016-02-20,34,34,11,0.3235294117647059,56.72222222222222,0.31353258198007034
2016-02-21,41,41,12,0.2926829268292683,56.4,0.31440366211944315
2016-02-22,64,64,28,0.4375,56.24444444444445,0.31684312080890187
2016-02-23,80,80,21,0.2625,56.611111111111114,0.3169229080429444
2016-02-24,66,66,17,0.2575757575757575,56.81111111111111,0.31584967571971206
2016-02-25,62,62,15,0.2419354838709677,56.86666666666667,0.3165885300239314
2016-02-26,48,48,12,0.25,57.01111111111111,0.31746154589694725
2016-02-27,61,61,15,0.2459016393442623,57.28888888888889,0.3171073665810193
2016-02-28,41,41,16,0.3902439024390244,57.2,0.3178152920276207
2016-02-29,58,58,15,0.2586206896551724,57.333333333333336,0.3158579373716154
2016-03-01,57,57,27,0.4736842105263157,57.27777777777778,0.31825371175380746
2016-03-02,88,88,36,0.4090909090909091,57.833333333333336,0.31899799670861867
2016-03-03,85,85,25,0.2941176470588235,58.355555555555554,0.31934199395664076
2016-03-04,71,71,15,0.2112676056338028,58.77777777777778,0.31764900775661226
2016-03-05,44,44,9,0.2045454545454545,58.855555555555554,0.31721903232663684
2016-03-06,56,56,20,0.3571428571428571,59.022222222222226,0.3192902673247011
2016-03-07,88,88,25,0.2840909090909091,59.53333333333333,0.3184785790130128
2016-03-08,68,68,19,0.2794117647058823,59.72222222222222,0.3165722609302241
2016-03-09,60,60,21,0.35,59.77777777777778,0.3162187255766888
2016-03-10,56,56,24,0.4285714285714285,59.75555555555555,0.3186817797638809
2016-03-11,66,66,12,0.1818181818181818,60.077777777777776,0.3173986784807796
2016-03-12,36,36,13,0.3611111111111111,60.15555555555556,0.3183458900601751
2016-03-13,44,44,16,0.3636363636363636,59.855555555555554,0.319256403646745
2016-03-14,50,50,15,0.3,59.644444444444446,0.3182419108931218
2016-03-15,52,52,13,0.25,59.31111111111111,0.31695464802049306
2016-03-16,37,37,10,0.2702702702702703,58.855555555555554,0.316823747889593
2016-03-17,43,43,16,0.3720930232558139,58.611111111111114,0.31805213190867465
2016-03-18,48,48,14,0.2916666666666667,58.58888888888889,0.31551509487163765
2016-03-19,33,33,11,0.3333333333333333,58.355555555555554,0.3161323788222549
2016-03-20,59,59,22,0.3728813559322034,58.355555555555554,0.31575573098797993
2016-03-21,71,71,27,0.380281690140845,58.43333333333333,0.3154671942117671
2016-03-22,61,61,25,0.4098360655737705,58.27777777777778,0.31616907642184605
2016-03-23,70,70,24,0.3428571428571428,58.41111111111111,0.31672189525052696
2016-03-24,72,72,19,0.2638888888888889,58.63333333333333,0.31687621623818124
2016-03-25,45,45,10,0.2222222222222222,58.72222222222222,0.31574174843704683
2016-03-26,31,31,12,0.3870967741935484,58.611111111111114,0.3157067803454304
2016-03-27,66,66,15,0.2272727272727272,58.644444444444446,0.31347012810877817
2016-03-28,44,44,11,0.25,58.34444444444444,0.3121790482965716
2016-03-29,56,56,17,0.3035714285714285,58.266666666666666,0.31184836046588377
2016-03-30,58,58,16,0.2758620689655172,58.13333333333333,0.31269127234327837
2016-03-31,67,67,16,0.2388059701492537,58.455555555555556,0.31329788838587247
2016-04-01,40,40,11,0.275,58.36666666666667,0.31311270320068724
2016-04-02,39,39,12,0.3076923076923077,58.15555555555556,0.31289165987619566
2016-04-03,39,39,20,0.5128205128205128,57.71111111111111,0.3138076683871409
2016-04-04,64,64,18,0.28125,57.51111111111111,0.3136806358668157
2016-04-05,61,61,19,0.3114754098360656,57.6,0.3146257504834428
2016-04-06,54,54,22,0.4074074074074074,57.46666666666667,0.31595384625598305
2016-04-07,64,64,29,0.453125,57.55555555555556,0.31821079070042746
2016-04-08,66,66,19,0.2878787878787879,57.68888888888889,0.31667693361101484
2016-04-09,52,52,15,0.2884615384615384,57.733333333333334,0.31455798774206895
2016-04-10,44,44,20,0.4545454545454545,57.455555555555556,0.3165489114721231
2016-04-11,83,83,23,0.2771084337349397,57.81111111111111,0.31614205528922157
2016-04-12,55,55,23,0.4181818181818181,57.766666666666666,0.31739868942721167
2016-04-13,73,73,22,0.3013698630136986,57.922222222222224,0.31735741295222264
2016-04-14,71,71,21,0.2957746478873239,58.05555555555556,0.3178189391716863
2016-04-15,54,54,15,0.2777777777777778,58.31111111111111,0.31839639835129596
2016-04-16,57,57,23,0.4035087719298245,58.48888888888889,0.3196277966301911
2016-04-17,61,61,23,0.3770491803278688,58.422222222222224,0.32066631986103145
2016-04-18,72,72,22,0.3055555555555556,58.544444444444444,0.32005409561492737
2016-04-19,79,79,27,0.3417721518987341,58.65555555555556,0.31982579907402764
2016-04-20,78,78,23,0.2948717948717949,58.81111111111111,0.3192827079059365
2016-04-21,64,64,25,0.390625,58.9,0.32104362060434916
2016-04-22,87,87,17,0.1954022988505747,59.37777777777778,0.3204369794804667
2016-04-23,63,63,16,0.2539682539682539,59.67777777777778,0.3192465032899905
2016-04-24,65,65,21,0.3230769230769231,59.62222222222222,0.31870926275274997
2016-04-25,83,83,36,0.4337349397590361,59.733333333333334,0.31911453681704366
2016-04-26,88,88,27,0.3068181818181818,59.65555555555556,0.3183131014103451
2016-04-27,76,76,23,0.3026315789473684,59.44444444444444,0.31910257509455564
2016-04-28,73,73,24,0.3287671232876712,59.477777777777774,0.3200571304326726
2016-04-29,75,75,15,0.2,59.833333333333336,0.3196953733267294
2016-04-30,47,47,13,0.2765957446808511,59.955555555555556,0.31721310382318335
2016-05-01,53,53,24,0.4528301886792453,59.87777777777778,0.31780010591961944
2016-05-02,74,74,25,0.3378378378378378,60.0,0.31749742228360245
2016-05-03,68,68,20,0.2941176470588235,59.955555555555556,0.31659872947314494
2016-05-04,52,52,26,0.5,59.84444444444444,0.31910769004662165
2016-05-05,69,69,29,0.4202898550724637,60.022222222222226,0.32084256684302426
2016-05-06,71,71,13,0.1830985915492957,60.233333333333334,0.3196718674328883
2016-05-07,45,45,14,0.3111111111111111,60.3,0.31942495385264136
2016-05-08,44,44,17,0.3863636363636363,60.2,0.31910572381643015
2016-05-09,84,84,29,0.3452380952380952,60.2,0.31989937461008094
2016-05-10,101,101,34,0.3366336633663366,60.62222222222222,0.3194069444146805
2016-05-11,78,78,30,0.3846153846153846,60.833333333333336,0.31897235075974784
2016-05-12,95,95,32,0.3368421052631579,61.27777777777778,0.31928069738388387
2016-05-13,81,81,16,0.1975308641975308,61.74444444444445,0.31834158162995335
2016-05-14,54,54,11,0.2037037037037037,61.87777777777778,0.3166367021472961
2016-05-15,67,67,21,0.3134328358208955,61.977777777777774,0.31552158806254743
2016-05-16,70,70,22,0.3142857142857143,61.94444444444444,0.31520847651655914
2016-05-17,80,80,24,0.3,61.78888888888889,0.31665055689480975
2016-05-18,78,78,22,0.282051282051282,61.922222222222224,0.3174275576718105
2016-05-19,72,72,34,0.4722222222222222,62.22222222222222,0.321192989770576
2016-05-20,92,92,21,0.2282608695652173,62.86666666666667,0.32013445041280386
2016-05-21,50,50,18,0.36,62.96666666666667,0.3208824178924786
2016-05-22,53,53,20,0.3773584905660377,62.84444444444444,0.32021417889876796
2016-05-23,83,83,26,0.3132530120481928,62.87777777777778,0.320778101254859
2016-05-24,66,66,24,0.3636363636363636,62.87777777777778,0.3219565524333102
2016-05-25,69,69,28,0.4057971014492754,62.955555555555556,0.32377723707306916
2016-05-26,93,93,29,0.3118279569892473,63.455555555555556,0.32446421437294964
2016-05-27,109,109,25,0.2293577981651376,63.98888888888889,0.32428039391540386
2016-05-28,69,69,19,0.2753623188405797,64.3,0.32300393187542115
2016-05-29,77,77,19,0.2467532467532467,64.5111111111111,0.32287207139873303
2016-05-30,79,79,30,0.379746835443038,64.75555555555556,0.32182832278669665
2016-05-31,123,123,36,0.2926829268292683,65.14444444444445,0.32053490076156727
2016-06-01,101,101,28,0.2772277227722772,65.32222222222222,0.3203472349361612
2016-06-02,94,94,29,0.3085106382978723,65.57777777777778,0.3214277130768731
2016-06-03,102,102,25,0.2450980392156862,66.22222222222223,0.3218782973509868
2016-06-04,66,66,29,0.4393939393939394,66.33333333333333,0.3227921982648877
2016-06-05,73,73,34,0.4657534246575342,66.16666666666667,0.32481067066007246
2016-06-06,148,148,40,0.2702702702702703,67.05555555555556,0.3247090984996768
2016-06-07,99,99,36,0.3636363636363636,67.4888888888889,0.3248606136511919
2016-06-08,102,102,30,0.2941176470588235,68.0,0.3233666827454963
2016-06-09,79,79,28,0.3544303797468354,68.14444444444445,0.32528459605581467
2016-06-10,89,89,29,0.3258426966292135,68.73333333333333,0.32489272478379355
2016-06-11,65,65,27,0.4153846153846154,68.96666666666667,0.3254677053587741
2016-06-12,71,71,25,0.352112676056338,69.2,0.3260467350927335
2016-06-13,91,91,39,0.4285714285714285,69.63333333333334,0.3280308620768605
2016-06-14,127,127,33,0.2598425196850393,70.63333333333334,0.32791499818146896
2016-06-15,90,90,28,0.3111111111111111,71.15555555555555,0.3272374213798612
2016-06-16,93,93,32,0.3440860215053763,71.65555555555555,0.32781985865584684
2016-06-17,69,69,26,0.3768115942028985,72.05555555555556,0.3283029504432865
2016-06-18,61,61,21,0.3442622950819672,72.07777777777778,0.3279849608782838
2016-06-19,67,67,27,0.4029850746268656,72.03333333333333,0.32823722070590633
2016-06-20,96,96,33,0.34375,72.42222222222222,0.32750293108842
2016-06-21,105,105,26,0.2476190476190476,72.81111111111112,0.3264447300302189
2016-06-22,75,75,26,0.3466666666666667,72.84444444444445,0.3273644831166387
2016-06-23,83,83,31,0.3734939759036144,73.26666666666667,0.3290452803797652
2016-06-24,96,96,26,0.2708333333333333,73.9888888888889,0.32775346437020725
2016-06-25,60,60,21,0.35,73.92222222222222,0.32911710073384365
2016-06-26,67,67,23,0.3432835820895522,74.17777777777778,0.3301535849792831
2016-06-27,90,90,37,0.4111111111111111,74.55555555555556,0.33134847034083514
2016-06-28,123,123,41,0.3333333333333333,75.27777777777777,0.33198703994492196
2016-06-29,122,122,34,0.2786885245901639,75.88888888888889,0.3324301794387099
2016-06-30,81,81,38,0.4691358024691358,76.34444444444445,0.3345872439105892
2016-07-01,116,116,28,0.2413793103448276,77.2,0.3338504328289505
2016-07-02,67,67,27,0.4029850746268656,77.5111111111111,0.3326300390712433
2016-07-03,67,67,19,0.2835820895522388,77.54444444444445,0.3326559511773793
2016-07-04,90,90,27,0.3,77.86666666666666,0.3325284466236452
2016-07-05,82,82,21,0.2560975609756097,78.17777777777778,0.33084722610773637
2016-07-06,69,69,25,0.3623188405797101,78.23333333333333,0.32983826878084427
2016-07-07,93,93,31,0.3333333333333333,78.53333333333333,0.3303433192858947
2016-07-08,81,81,28,0.345679012345679,78.85555555555555,0.33097906899571855
2016-07-09,82,82,23,0.2804878048780488,79.27777777777777,0.32904509511052515
2016-07-10,67,67,23,0.3432835820895522,79.1,0.3297803745366875
2016-07-11,103,103,36,0.3495145631067961,79.63333333333334,0.3290174050358539
2016-07-12,112,112,29,0.2589285714285714,80.06666666666666,0.3285458351293525
2016-07-13,101,101,38,0.3762376237623762,80.4,0.32943986819463084
2016-07-14,104,104,26,0.25,80.95555555555555,0.3291312262193222
2016-07-15,71,71,16,0.2253521126760563,81.11111111111111,0.32715170778316927
2016-07-16,63,63,22,0.3492063492063492,81.13333333333334,0.32684234299293013
2016-07-17,70,70,29,0.4142857142857143,81.11111111111111,0.3280504558677097
2016-07-18,100,100,32,0.32,81.34444444444445,0.3278085430688349
2016-07-19,101,101,36,0.3564356435643564,81.6,0.3284925858320855
2016-07-20,107,107,28,0.2616822429906542,82.07777777777778,0.3270598885319817
2016-07-21,85,85,29,0.3411764705882353,82.05555555555556,0.32867960155128906
2016-07-22,122,122,25,0.2049180327868852,82.71111111111111,0.3281345990937182
2016-07-23,82,82,28,0.3414634146341463,82.9,0.32833889344435413
2016-07-24,71,71,23,0.323943661971831,82.76666666666667,0.32711899035782965
2016-07-25,101,101,36,0.3564356435643564,82.91111111111111,0.32767029548834264
2016-07-26,102,102,34,0.3333333333333333,83.2,0.3280114260926311
2016-07-27,112,112,37,0.3303571428571428,83.63333333333334,0.3280290929767364
2016-07-28,118,118,39,0.3305084745762712,84.11111111111111,0.32947918713869495
2016-07-29,112,112,33,0.2946428571428571,84.83333333333333,0.32967971061049506
2016-07-30,79,79,25,0.3164556962025316,85.12222222222222,0.3281644384718649
2016-07-31,72,72,26,0.3611111111111111,85.1,0.32842303039712345
2016-08-01,102,102,34,0.3333333333333333,85.47777777777777,0.328858760244618
2016-08-02,98,98,31,0.3163265306122449,85.9888888888889,0.32681794391808744
2016-08-03,94,94,29,0.3085106382978723,86.26666666666667,0.3255759526205919
2016-08-04,111,111,29,0.2612612612612612,86.71111111111111,0.32644442672850266
2016-08-05,79,79,19,0.240506329113924,87.08888888888889,0.32565992915075614
2016-08-06,58,58,22,0.3793103448275862,87.24444444444444,0.32558155924480003
2016-08-07,75,75,29,0.3866666666666666,87.14444444444445,0.3260418767051175
2016-08-08,113,113,32,0.2831858407079646,87.27777777777777,0.3254480120089134
2016-08-09,102,102,38,0.3725490196078431,87.54444444444445,0.32531394128660734
2016-08-10,133,133,46,0.3458646616541353,87.96666666666667,0.3254141919131738
2016-08-11,129,129,49,0.3798449612403101,88.5,0.327439904102538
2016-08-12,127,127,30,0.2362204724409448,89.31111111111112,0.3278012015329517
2016-08-13,68,68,18,0.2647058823529412,89.32222222222222,0.32725979093886337
2016-08-14,72,72,27,0.375,89.34444444444445,0.3279343941134666
2016-08-15,108,108,32,0.2962962962962963,89.65555555555555,0.3278932418500921
2016-08-16,80,80,29,0.3625,89.67777777777778,0.3287871164939667
2016-08-17,104,104,34,0.3269230769230769,90.03333333333333,0.3271726815461984
2016-08-18,72,72,24,0.3333333333333333,89.81111111111112,0.3283401533658442
2016-08-19,74,74,21,0.2837837837837837,90.07777777777778,0.32749330651899733
2016-08-20,67,67,28,0.417910447761194,90.23333333333333,0.32794388382116574
2016-08-21,84,84,31,0.369047619047619,90.24444444444444,0.3285638238989371
2016-08-22,89,89,29,0.3258426966292135,90.5,0.32814389426552437
2016-08-23,93,93,35,0.3763440860215054,90.76666666666667,0.3278166385385491
2016-08-24,136,136,42,0.3088235294117647,91.24444444444444,0.32778325600991043
2016-08-25,109,109,30,0.2752293577981651,91.24444444444444,0.328292940005833
2016-08-26,77,77,20,0.2597402597402597,91.33333333333333,0.328119361571385
2016-08-27,57,57,21,0.3684210526315789,91.11111111111111,0.3294712260811442
2016-08-28,62,62,23,0.3709677419354839,90.92222222222222,0.3293736805977269
2016-08-29,111,111,38,0.3423423423423423,90.78888888888889,0.32992545188120553
2016-08-30,101,101,38,0.3762376237623762,90.78888888888889,0.33102556189220667
2016-08-31,122,122,32,0.2622950819672131,91.1,0.33051205571075487
2016-09-01,109,109,31,0.2844036697247706,91.17777777777778,0.33094878493863356
2016-09-02,101,101,34,0.3366336633663366,91.56666666666666,0.3298070040938824
2016-09-03,84,84,30,0.3571428571428571,91.68888888888888,0.328600220010386
2016-09-04,70,70,23,0.3285714285714285,90.82222222222222,0.32924801065817666
2016-09-05,101,101,34,0.3366336633663366,90.84444444444445,0.3289479806551764
2016-09-06,101,101,35,0.3465346534653465,90.83333333333333,0.32953039183747107
2016-09-07,103,103,32,0.3106796116504854,91.1,0.3290442721919561
2016-09-08,89,89,35,0.3932584269662921,91.1,0.32979333586236803
2016-09-09,98,98,27,0.2755102040816326,91.46666666666667,0.32823917573677935
2016-09-10,56,56,15,0.2678571428571428,91.3,0.3273030031456772
2016-09-11,53,53,19,0.3584905660377358,90.87777777777778,0.3265243268953028
2016-09-12,92,92,32,0.3478260869565217,90.4888888888889,0.3275019220872082
2016-09-13,64,64,27,0.421875,90.2,0.3287326319637514
2016-09-14,66,66,30,0.4545454545454545,89.9,0.32995995899753006
2016-09-15,99,99,28,0.2828282828282828,90.23333333333333,0.32891569998225656
2016-09-16,71,71,26,0.3661971830985915,90.34444444444445,0.32915942096021905
2016-09-17,70,70,28,0.4,90.37777777777778,0.32912625346436497
2016-09-18,88,88,34,0.3863636363636363,90.28888888888889,0.32959973831284983
2016-09-19,128,128,48,0.375,90.54444444444445,0.33101508222819376
2016-09-20,138,138,39,0.2826086956521739,91.24444444444444,0.3303033269946994
2016-09-21,89,89,40,0.449438202247191,91.31111111111112,0.3311471517318502
2016-09-22,100,100,33,0.33,91.35555555555555,0.3318045591392576
2016-09-23,98,98,27,0.2755102040816326,91.77777777777777,0.3309768947401647
2016-09-24,66,66,25,0.3787878787878788,91.76666666666667,0.3313713869257016
2016-09-25,83,83,31,0.3734939759036144,91.68888888888888,0.33095341875672946
2016-09-26,107,107,41,0.3831775700934579,91.5111111111111,0.33150724360961975
2016-09-27,102,102,33,0.3235294117647059,91.28888888888889,0.33200547568933686
2016-09-28,101,101,32,0.3168316831683168,91.5111111111111,0.3303132076971055
2016-09-29,95,95,33,0.3473684210526316,91.27777777777777,0.3314908644827478
2016-09-30,115,115,28,0.2434782608695652,91.81111111111112,0.3297185665521111
2016-10-01,66,66,26,0.3939393939393939,91.8,0.3309447588230795
2016-10-02,59,59,26,0.4406779661016949,91.45555555555555,0.33250784733532057
2016-10-03,85,85,40,0.4705882352941176,91.4888888888889,0.3348910770499706
2016-10-04,103,103,40,0.3883495145631068,91.86666666666666,0.3351803067608973
2016-10-05,67,67,26,0.3880597014925373,91.57777777777778,0.33578837751822177
2016-10-06,84,84,22,0.2619047619047619,91.61111111111111,0.33485755251332266
2016-10-07,72,72,21,0.2916666666666667,91.5,0.33498176208875174
2016-10-08,57,57,24,0.4210526315789473,91.38888888888889,0.3358458626386339
2016-10-09,66,66,27,0.4090909090909091,90.97777777777777,0.3365078220384574
2016-10-10,97,97,31,0.3195876288659793,90.81111111111112,0.3371818115655397
2016-10-11,97,97,36,0.3711340206185567,90.76666666666667,0.33712510486394176
2016-10-12,99,99,29,0.2929292929292929,90.71111111111111,0.3376020970076006
2016-10-13,88,88,25,0.2840909090909091,90.9,0.3382547503010989
2016-10-14,65,65,17,0.2615384615384615,90.92222222222222,0.3372806626603446
2016-10-15,47,47,19,0.4042553191489361,90.66666666666667,0.3371692138254915
2016-10-16,63,63,31,0.492063492063492,90.25555555555556,0.33908103040397475
2016-10-17,110,110,30,0.2727272727272727,90.35555555555555,0.33815093739467383
2016-10-18,110,110,36,0.3272727272727272,90.38888888888889,0.3388797205533635
2016-10-19,99,99,23,0.2323232323232323,90.54444444444445,0.33767024012819685
2016-10-20,87,87,22,0.2528735632183908,90.15555555555555,0.33820307935521354
2016-10-21,72,72,15,0.2083333333333333,90.04444444444445,0.33672385622964895
2016-10-22,56,56,17,0.3035714285714285,89.87777777777778,0.33649749808075563
2016-10-23,46,46,20,0.4347826086956521,89.26666666666667,0.33736801991554777
2016-10-24,100,100,39,0.39,89.24444444444444,0.3379976495451774
2016-10-25,107,107,33,0.308411214953271,89.18888888888888,0.33775380590180104
2016-10-26,110,110,36,0.3272727272727272,89.1,0.3377178531539839
2016-10-27,81,81,25,0.3086419753086419,88.75555555555556,0.3378733989113815
2016-10-28,74,74,15,0.2027027027027027,88.7,0.3366094767613834
2016-10-29,62,62,25,0.4032258064516129,88.58888888888889,0.3370774178207223
2016-10-30,59,59,21,0.3559322033898305,88.11111111111111,0.3373285163769056
2016-10-31,76,76,20,0.2631578947368421,87.86666666666666,0.3367377537560678
2016-11-01,76,76,23,0.3026315789473684,87.66666666666667,0.3366724308743956
2016-11-02,83,83,24,0.2891566265060241,87.35555555555555,0.33698237937711517
2016-11-03,61,61,15,0.2459016393442623,87.15555555555555,0.33704232726856337
2016-11-04,60,60,15,0.25,87.17777777777778,0.33560554565936795
2016-11-05,49,49,17,0.3469387755102041,86.88888888888889,0.33516412464651835
2016-11-06,38,38,14,0.3684210526315789,86.05555555555556,0.33611118255678074
2016-11-07,59,59,24,0.4067796610169492,85.57777777777778,0.3364915230168819
2016-11-08,81,81,27,0.3333333333333333,85.0,0.3363522860355397
2016-11-09,59,59,21,0.3559322033898305,84.22222222222223,0.33608658872608993
2016-11-10,53,53,15,0.2830188679245283,83.4,0.33660657089812973
2016-11-11,50,50,19,0.38,83.2,0.3378876166497637
2016-11-12,44,44,14,0.3181818181818182,82.88888888888889,0.33725630351845054
2016-11-13,56,56,18,0.3214285714285714,82.31111111111112,0.3375355510199203
2016-11-14,91,91,21,0.2307692307692307,82.43333333333334,0.3360718758062451
2016-11-15,94,94,26,0.2765957446808511,82.32222222222222,0.33551268322577593
2016-11-16,87,87,31,0.3563218390804598,82.4888888888889,0.3357681110674106
2016-11-17,81,81,22,0.2716049382716049,82.56666666666666,0.3356327905617198
2016-11-18,55,55,18,0.3272727272727272,82.43333333333334,0.3346257047785146
2016-11-19,56,56,14,0.25,82.12222222222222,0.3333029534557633
2016-11-20,47,47,18,0.3829787234042553,81.65555555555555,0.33393779819770814
2016-11-21,84,84,31,0.369047619047619,81.55555555555556,0.3338567263424428
2016-11-22,90,90,25,0.2777777777777778,81.04444444444445,0.33351177354650957
2016-11-23,79,79,25,0.3164556962025316,80.71111111111111,0.33396984397322477
2016-11-24,71,71,28,0.3943661971830985,80.64444444444445,0.3354656877225896
2016-11-25,83,83,21,0.253012048192771,80.93333333333334,0.3341833654510473
2016-11-26,63,63,10,0.1587301587301587,80.94444444444444,0.3318251700820993
2016-11-27,38,38,12,0.3157894736842105,80.13333333333334,0.33153013820812005
2016-11-28,62,62,15,0.2419354838709677,79.7,0.33003789220932656
2016-11-29,62,62,25,0.4032258064516129,79.03333333333333,0.3316037891480421
2016-11-30,80,80,26,0.325,78.71111111111111,0.3320548594844336
2016-12-01,80,80,19,0.2375,78.47777777777777,0.33095337433591876
2016-12-02,76,76,18,0.2368421052631578,78.38888888888889,0.3296166993150332
2016-12-03,53,53,19,0.3584905660377358,78.2,0.32994913417576993
2016-12-04,70,70,22,0.3142857142857143,77.85555555555555,0.3297008236304297
2016-12-05,70,70,20,0.2857142857142857,77.5111111111111,0.32902504176652897
2016-12-06,61,61,17,0.2786885245901639,77.04444444444445,0.32866958524363654
2016-12-07,72,72,30,0.4166666666666667,76.85555555555555,0.32892967679586294
2016-12-08,99,99,35,0.3535353535353535,76.86666666666666,0.3297966229009043
2016-12-09,92,92,25,0.2717391304347826,77.26666666666667,0.3298397560962114
2016-12-10,59,59,27,0.4576271186440678,77.33333333333333,0.3309412733473929
2016-12-11,66,66,21,0.3181818181818182,77.04444444444445,0.3306118925832295
2016-12-12,69,69,23,0.3333333333333333,77.1,0.3296280962869332
2016-12-13,62,62,28,0.4516129032258064,77.05555555555556,0.32959551238338153
2016-12-14,88,88,36,0.4090909090909091,76.93333333333334,0.33099843045296623
2016-12-15,99,99,31,0.3131313131313131,77.24444444444444,0.3304088096755521
2016-12-16,87,87,25,0.2873563218390804,77.43333333333334,0.32915721325154185
2016-12-17,55,55,18,0.3272727272727272,77.06666666666666,0.32850064759497616
2016-12-18,55,55,22,0.4,76.25555555555556,0.328778425372754
2016-12-19,86,86,27,0.313953488372093,75.67777777777778,0.32912670084741974
2016-12-20,78,78,31,0.3974358974358974,75.55555555555556,0.3285488974606276
2016-12-21,72,72,27,0.375,75.24444444444444,0.3290488974606276
2016-12-22,74,74,23,0.3108108108108108,74.97777777777777,0.32944112642428514
2016-12-23,65,65,14,0.2153846153846154,74.96666666666667,0.3276255346086933
2016-12-24,34,34,15,0.4411764705882353,74.42222222222222,0.32837756232741133
2016-12-25,43,43,16,0.3720930232558139,73.71111111111111,0.32825440069588196
2016-12-26,47,47,17,0.3617021276595745,73.1,0.3286785419836027
2016-12-27,50,50,16,0.32,72.53333333333333,0.32871374550395477
2016-12-28,71,71,24,0.3380281690140845,72.26666666666667,0.3286099649257487
2016-12-29,90,90,35,0.3888888888888889,71.9888888888889,0.3302256385704078
2016-12-30,92,92,23,0.25,72.27777777777777,0.3286263119710812
2016-12-31,59,59,13,0.2203389830508474,72.27777777777777,0.32617810104829403
2017-01-01,53,53,19,0.3584905660377358,71.92222222222222,0.3249325713898898
2017-01-02,91,91,32,0.3516483516483517,71.78888888888889,0.32452478069083696
2017-01-03,95,95,35,0.3684210526315789,72.1,0.32430657348127073
2017-01-04,94,94,27,0.2872340425531915,72.21111111111111,0.32458800993292
2017-01-05,88,88,15,0.1704545454545454,72.38888888888889,0.3232412085861186
2017-01-06,66,66,15,0.2272727272727272,72.4888888888889,0.32108809853827175
2017-01-07,58,58,19,0.3275862068965517,72.4,0.3201824907361122
2017-01-08,61,61,22,0.360655737704918,72.0,0.3206388030565448
2017-01-09,95,95,27,0.2842105263157894,71.97777777777777,0.31967298645318076
2017-01-10,89,89,29,0.3258426966292135,71.86666666666666,0.32003869093873544
2017-01-11,99,99,25,0.2525252525252525,71.9888888888889,0.31968796142133926
2017-01-12,72,72,23,0.3194444444444444,72.06666666666666,0.3203313612314057
2017-01-13,60,60,17,0.2833333333333333,72.21111111111111,0.31898778361123237
2017-01-14,52,52,19,0.3653846153846153,72.08888888888889,0.3175802405370226
2017-01-15,56,56,18,0.3214285714285714,71.4888888888889,0.31812136607814817
2017-01-16,71,71,26,0.3661971830985915,71.05555555555556,0.3185538600317689
2017-01-17,100,100,32,0.32,71.06666666666666,0.31952804633928855
2017-01-18,80,80,32,0.4,70.9888888888889,0.32116278452575087
2017-01-19,95,95,30,0.3157894736842105,71.24444444444444,0.32235674164076056
2017-01-20,77,77,18,0.2337662337662337,71.47777777777777,0.32158112836514735
2017-01-21,47,47,21,0.4468085106382978,71.4888888888889,0.3217147494978434
2017-01-22,63,63,18,0.2857142857142857,71.07777777777778,0.3205560193391132
2017-01-23,73,73,22,0.3013698630136986,70.7,0.32047778209534017
2017-01-24,81,81,24,0.2962962962962963,70.37777777777778,0.3201335995289354
2017-01-25,83,83,33,0.3975903614457831,70.4,0.32112191493045916
2017-01-26,91,91,30,0.3296703296703296,70.58888888888889,0.3225326663412106
2017-01-27,69,69,14,0.2028985507246377,70.66666666666667,0.32030680794424427
2017-01-28,43,43,17,0.3953488372093023,70.4888888888889,0.3207447705422384
2017-01-29,67,67,19,0.2835820895522388,70.38888888888889,0.3209717060401872
2017-01-30,73,73,18,0.2465753424657534,70.35555555555555,0.3203488589681692
2017-01-31,65,65,21,0.3230769230769231,70.15555555555555,0.32072575115229035
2017-02-01,69,69,28,0.4057971014492754,70.24444444444444,0.3225023673979016
2017-02-02,69,69,22,0.3188405797101449,70.34444444444445,0.3232672627280143
2017-02-03,81,81,23,0.2839506172839506,70.7,0.3225673943032782
2017-02-04,62,62,22,0.3548387096774194,70.96666666666667,0.3224164793815653
2017-02-05,50,50,21,0.42,70.86666666666666,0.3225633720369325
2017-02-06,96,96,25,0.2604166666666667,71.03333333333333,0.32175318685174736
2017-02-07,65,65,20,0.3076923076923077,71.1,0.32121718801066373
2017-02-08,73,73,24,0.3287671232876712,71.32222222222222,0.3217255019591431
2017-02-09,77,77,22,0.2857142857142857,71.62222222222222,0.3206778829115241
2017-02-10,59,59,21,0.3559322033898305,71.78888888888889,0.3210973316360576
2017-02-11,60,60,19,0.3166666666666666,71.83333333333333,0.3210444215831475
2017-02-12,58,58,27,0.4655172413793103,71.46666666666667,0.3236527328121484
2017-02-13,81,81,25,0.3086419753086419,71.32222222222222,0.3240088020413461
2017-02-14,88,88,31,0.3522727272727273,71.33333333333333,0.323963811910149
2017-02-15,89,89,28,0.3146067415730337,71.42222222222222,0.32444160972460934
2017-02-16,73,73,26,0.3561643835616438,71.62222222222222,0.32476262812781953
2017-02-17,71,71,17,0.2394366197183098,71.78888888888889,0.32464525723580073
2017-02-18,58,58,23,0.396551724137931,71.91111111111111,0.3247960683550638
2017-02-19,55,55,20,0.3636363636363636,71.58888888888889,0.3247359432949387
2017-02-20,83,83,28,0.3373493975903614,71.5111111111111,0.3253978501817452
2017-02-21,90,90,24,0.2666666666666666,71.63333333333334,0.32484463874245784
2017-02-22,72,72,25,0.3472222222222222,71.64444444444445,0.32432081679844815
2017-02-23,71,71,19,0.2676056338028169,71.5111111111111,0.32448296774967084
2017-02-24,79,79,22,0.2784810126582278,71.68888888888888,0.32581353279331604
2017-02-25,62,62,16,0.2580645161290322,71.95555555555555,0.3251721443760363
2017-02-26,48,48,15,0.3125,71.8,0.32595619455524777
2017-02-27,88,88,24,0.2727272727272727,72.08888888888889,0.32450621084719955
2017-02-28,78,78,29,0.3717948717948718,72.06666666666666,0.32502615386714256
2017-03-01,89,89,35,0.3932584269662921,72.16666666666667,0.3267568030556569
2017-03-02,119,119,25,0.2100840336134453,72.64444444444445,0.32645949114843786
2017-03-03,74,74,20,0.2702702702702703,72.87777777777778,0.32547926563991053
2017-03-04,61,61,17,0.2786885245901639,72.77777777777777,0.32508374130995993
2017-03-05,55,55,21,0.3818181818181818,72.61111111111111,0.32615156237778103
2017-03-06,98,98,34,0.3469387755102041,73.02222222222223,0.3269098984991148
2017-03-07,104,104,33,0.3173076923076923,73.37777777777778,0.3258059098951262
2017-03-08,86,86,19,0.2209302325581395,73.23333333333333,0.324332519662046
2017-03-09,85,85,13,0.1529411764705882,73.15555555555555,0.3230125423957772
2017-03-10,57,57,11,0.1929824561403508,73.13333333333334,0.32007204614573587
2017-03-11,37,37,14,0.3783783783783784,72.81111111111112,0.32074089681458656
2017-03-12,66,66,29,0.4393939393939394,72.77777777777777,0.32191934799303773
2017-03-13,82,82,28,0.3414634146341463,73.0,0.3206954647864637
2017-03-14,94,94,23,0.2446808510638297,73.06666666666666,0.31886868636394067
2017-03-15,71,71,27,0.380281690140845,72.75555555555556,0.31961480166404654
2017-03-16,78,78,21,0.2692307692307692,72.65555555555555,0.3194134066350653
2017-03-17,63,63,19,0.3015873015873015,72.74444444444444,0.31912801301633836
2017-03-18,61,61,18,0.2950819672131147,72.81111111111112,0.31796225709648407
2017-03-19,48,48,16,0.3333333333333333,72.38888888888889,0.31817758870716456
2017-03-20,71,71,23,0.323943661971831,72.31111111111112,0.3173610083131193
2017-03-21,82,82,21,0.2560975609756097,72.42222222222222,0.31603987010173723
2017-03-22,79,79,30,0.379746835443038,72.47777777777777,0.31680582593098416
2017-03-23,100,100,32,0.32,72.86666666666666,0.31796821909337736
2017-03-24,106,106,22,0.2075471698113207,73.66666666666667,0.31537233797363384
2017-03-25,61,61,23,0.3770491803278688,73.86666666666666,0.31542740638554556
2017-03-26,68,68,24,0.3529411764705882,74.1,0.31533006248344575
2017-03-27,87,87,26,0.2988505747126437,74.5111111111111,0.3150950688691418
2017-03-28,73,73,21,0.2876712328767123,74.53333333333333,0.3145355473565043
2017-03-29,90,90,24,0.2666666666666666,74.53333333333333,0.3131775226651463
2017-03-30,69,69,25,0.3623188405797101,74.27777777777777,0.3144255097826986
2017-03-31,67,67,18,0.2686567164179104,74.36666666666666,0.3149623734867771
2017-04-01,56,56,19,0.3392857142857143,74.4,0.31474898624508796
2017-04-02,46,46,17,0.3695652173913043,73.9,0.3149480625311208
2017-04-03,66,66,22,0.3333333333333333,73.57777777777778,0.3145581989833625
2017-04-04,92,92,23,0.25,73.55555555555556,0.3141444873994382
2017-04-05,71,71,20,0.2816901408450704,73.36666666666666,0.3153804384593329
2017-04-06,91,91,20,0.2197802197802197,73.64444444444445,0.3152971883760828
2017-04-07,58,58,23,0.396551724137931,73.64444444444445,0.316063471900987
2017-04-08,48,48,18,0.375,73.5,0.3162228525931546
2017-04-09,53,53,19,0.3584905660377358,73.03333333333333,0.3170481863678429
2017-04-10,91,91,27,0.2967032967032967,73.05555555555556,0.3167244152575549
2017-04-11,80,80,24,0.3,72.84444444444445,0.31725191245171874
2017-04-12,77,77,23,0.2987012987012987,72.9,0.3170214330545727
2017-04-13,71,71,26,0.3661971830985915,73.02222222222223,0.3179421424964089
2017-04-14,73,73,16,0.2191780821917808,73.25555555555556,0.31631762546093295
2017-04-15,52,52,19,0.3653846153846153,73.21111111111111,0.31680602594933344
2017-04-16,59,59,23,0.3898305084745763,73.07777777777778,0.3170686184535111
2017-04-17,77,77,20,0.2597402597402597,72.82222222222222,0.3163990657839584
2017-04-18,68,68,23,0.3382352941176471,72.68888888888888,0.31571279127415447
2017-04-19,84,84,30,0.3571428571428571,72.56666666666666,0.3161722733125839
2017-04-20,80,80,28,0.35,72.6,0.31746375960407014
2017-04-21,76,76,24,0.3157894736842105,72.92222222222222,0.3160079925268025
2017-04-22,65,65,21,0.3230769230769231,72.94444444444444,0.31642313294194296
2017-04-23,59,59,17,0.288135593220339,72.78888888888889,0.3162760854997945
2017-04-24,59,59,20,0.3389830508474576,72.54444444444445,0.31675038277258516
2017-04-25,68,68,25,0.3676470588235294,72.37777777777778,0.3164176794101157
2017-04-26,68,68,29,0.4264705882352941,72.12222222222222,0.3174932378386153
2017-04-27,86,86,27,0.313953488372093,72.31111111111112,0.31872718159025365
2017-04-28,61,61,16,0.2622950819672131,72.5111111111111,0.31724880653200827
2017-04-29,36,36,8,0.2222222222222222,72.16666666666667,0.31656703022834143
2017-04-30,43,43,9,0.2093023255813953,71.83333333333333,0.316152885596293
2017-05-01,56,56,12,0.2142857142857142,71.73333333333333,0.3149440943875018
2017-05-02,55,55,27,0.4909090909090909,71.57777777777778,0.3158897831592775
2017-05-03,95,95,25,0.2631578947368421,71.86666666666666,0.31527108665957415
2017-05-04,77,77,19,0.2467532467532467,71.82222222222222,0.3148577825425663
2017-05-05,63,63,14,0.2222222222222222,71.83333333333333,0.31338426601528635
2017-05-06,38,38,11,0.2894736842105263,71.7,0.31193397361762554
2017-05-07,58,58,28,0.4827586206896552,71.27777777777777,0.3144044397734365
2017-05-08,80,80,25,0.3125,71.44444444444444,0.3144578585768553
2017-05-09,71,71,26,0.3661971830985915,71.42222222222222,0.31487374813031
2017-05-10,90,90,30,0.3333333333333333,71.56666666666666,0.31540284865941054
2017-05-11,82,82,22,0.2682926829268293,71.82222222222222,0.31442907620982163
2017-05-12,57,57,16,0.2807017543859649,71.78888888888889,0.3140294660733694
2017-05-13,44,44,16,0.3636363636363636,71.63333333333334,0.31289745632067
2017-05-14,38,38,13,0.3421052631578947,71.15555555555555,0.3132692706301061
2017-05-15,52,52,19,0.3653846153846153,70.75555555555556,0.3134149582757938
2017-05-16,95,95,26,0.2736842105263158,70.82222222222222,0.31296026348638584
2017-05-17,71,71,25,0.352112676056338,70.8,0.31291524451410463
2017-05-18,88,88,24,0.2727272727272727,70.9888888888889,0.31328514065864865
2017-05-19,74,74,17,0.2297297297297297,71.16666666666667,0.31143156294300195
2017-05-20,45,45,13,0.2888888888888888,71.05555555555556,0.3106010354458078
2017-05-21,45,45,17,0.3777777777777777,70.63333333333334,0.3110502396701124
2017-05-22,65,65,22,0.3384615384615385,70.35555555555555,0.31184796046783325
2017-05-23,94,94,9,0.0957446808510638,70.6,0.3090537655637092
2017-05-24,58,58,14,0.2413793103448276,70.45555555555555,0.30876236196973156
2017-05-25,53,53,13,0.2452830188679245,70.16666666666667,0.30839349537206157
2017-05-26,69,69,15,0.217391304347826,70.24444444444444,0.30794157079671486
2017-05-27,49,49,15,0.3061224489795918,70.25555555555556,0.3078707091187103
2017-05-28,51,51,16,0.3137254901960784,69.84444444444445,0.3083262448683637
2017-05-29,83,83,33,0.3975903614457831,69.9,0.30861286142004046
2017-05-30,94,94,28,0.2978723404255319,69.95555555555555,0.307553016014032
2017-05-31,102,102,35,0.3431372549019608,69.76666666666667,0.30903138513946
2017-06-01,94,94,27,0.2872340425531915,69.9888888888889,0.30921987149815905
2017-06-02,86,86,20,0.2325581395348837,70.26666666666667,0.30870731166421156
2017-06-03,62,62,23,0.3709677419354839,70.34444444444445,0.30858675122107043
2017-06-04,87,87,31,0.3563218390804598,70.22222222222223,0.3086910074829622
2017-06-05,113,113,26,0.2300884955752212,70.32222222222222,0.3077219052970458
2017-06-06,101,101,33,0.3267326732673267,70.4888888888889,0.30889748797159233
2017-06-07,91,91,29,0.3186813186813186,70.55555555555556,0.31073904510726713
2017-06-08,69,69,29,0.4202898550724637,70.68888888888888,0.31326468287317955
2017-06-09,90,90,24,0.2666666666666666,71.27777777777777,0.3120234416319383
2017-06-10,55,55,20,0.3636363636363636,71.15555555555555,0.3111816907901874
2017-06-11,51,51,14,0.2745098039215686,70.81111111111112,0.3104377617822699
2017-06-12,83,83,23,0.2771084337349397,70.68888888888888,0.31079806825639333
2017-06-13,106,106,28,0.2641509433962264,71.07777777777778,0.30950772662589754
2017-06-14,80,80,14,0.175,71.1,0.30846071807888903
2017-06-15,60,60,14,0.2333333333333333,71.06666666666666,0.30770234065384494
2017-06-16,79,79,23,0.2911392405063291,71.26666666666667,0.30765853257932513
2017-06-17,91,91,25,0.2747252747252747,71.74444444444444,0.3070073319281244
2017-06-18,77,77,28,0.3636363636363636,71.81111111111112,0.30744836194661923
2017-06-19,91,91,35,0.3846153846153846,71.91111111111111,0.30887633776483897
2017-06-20,105,105,28,0.2666666666666666,72.2,0.30761989144510155
2017-06-21,81,81,26,0.3209876543209876,71.9888888888889,0.30763086538200135
2017-06-22,101,101,32,0.3168316831683168,71.93333333333334,0.30884513775263467
2017-06-23,71,71,17,0.2394366197183098,72.04444444444445,0.30731610930141734
2017-06-24,70,70,20,0.2857142857142857,72.06666666666666,0.30656914384856954
2017-06-25,59,59,26,0.4406779661016949,71.75555555555556,0.3081450037528923
2017-06-26,80,80,22,0.275,71.83333333333333,0.30800421227648445
2017-06-27,81,81,19,0.2345679012345679,71.73333333333333,0.30764755932723886
2017-06-28,67,67,18,0.2686567164179104,71.71111111111111,0.30660686905877443
2017-06-29,64,64,18,0.28125,71.67777777777778,0.3067467944319088
2017-06-30,69,69,22,0.3188405797101449,71.82222222222222,0.306519626269958
2017-07-01,51,51,16,0.3137254901960784,71.87777777777778,0.30589918485667766
2017-07-02,62,62,17,0.2741935483870967,71.83333333333333,0.30524207613505283
2017-07-03,80,80,32,0.4,71.7,0.30690874280171954
2017-07-04,98,98,27,0.2755102040816326,72.0,0.30684007683768133
2017-07-05,84,84,26,0.3095238095238095,71.92222222222222,0.3078372278348323
2017-07-06,77,77,22,0.2857142857142857,72.13333333333334,0.3066057007412363
2017-07-07,66,66,21,0.3181818181818182,72.33333333333333,0.3059743876099231
2017-07-08,62,62,16,0.2580645161290322,72.43333333333334,0.30485854261093753
2017-07-09,70,70,27,0.3857142857142857,72.2,0.30584755359994853
2017-07-10,121,121,33,0.2727272727272727,72.65555555555555,0.3055445232969182
2017-07-11,99,99,27,0.2727272727272727,72.9,0.30525592300831794
2017-07-12,91,91,29,0.3186813186813186,73.12222222222222,0.3047279689592371
2017-07-13,83,83,27,0.3253012048192771,73.23333333333333,0.3059071147662093
2017-07-14,82,82,17,0.2073170731707317,73.56666666666666,0.30415080874161055
2017-07-15,47,47,19,0.4042553191489361,73.43333333333334,0.3043110844157701
2017-07-16,77,77,28,0.3636363636363636,73.43333333333334,0.3054654855701713
2017-07-17,101,101,36,0.3564356435643564,73.8,0.30566771167513473
2017-07-18,105,105,27,0.2571428571428571,74.03333333333333,0.3045566005640236
2017-07-19,81,81,23,0.2839506172839506,74.04444444444445,0.3038227185338453
2017-07-20,77,77,22,0.2857142857142857,74.05555555555556,0.30348854977862394
2017-07-21,90,90,16,0.1777777777777777,74.33333333333333,0.30187411483085563
2017-07-22,59,59,26,0.4406779661016949,74.33333333333333,0.3035690300850929
2017-07-23,86,86,32,0.3720930232558139,74.63333333333334,0.303936918667408
2017-07-24,132,132,40,0.303030303030303,75.34444444444445,0.3032189547141499
2017-07-25,114,114,23,0.2017543859649122,75.85555555555555,0.3007221080222568
2017-07-26,89,89,22,0.247191011235955,75.88888888888889,0.29998030272074416
2017-07-27,94,94,13,0.1382978723404255,76.25555555555556,0.29860255594711316
2017-07-28,72,72,14,0.1944444444444444,76.65555555555555,0.2982939139718045
2017-07-29,51,51,20,0.392156862745098,76.74444444444444,0.3003256310514012
2017-07-30,53,53,15,0.2830188679245283,76.71111111111111,0.30108933275849914
2017-07-31,68,68,21,0.3088235294117647,76.85555555555555,0.2990661598529733
2017-08-01,86,86,29,0.3372093023255814,76.75555555555556,0.2998889532706259
2017-08-02,89,89,24,0.2696629213483146,76.88888888888889,0.30014350521057115
2017-08-03,80,80,19,0.2375,77.07777777777778,0.3003132582969909
2017-08-04,94,94,27,0.2872340425531915,77.7,0.3002883733896872
2017-08-05,75,75,22,0.2933333333333333,77.88888888888889,0.29818364797461694
2017-08-06,64,64,22,0.34375,77.71111111111111,0.29853087019683916
2017-08-07,79,79,20,0.2531645569620253,77.8,0.29727495212865507
2017-08-08,97,97,31,0.3195876288659793,77.87777777777778,0.29712222207901784
2017-08-09,107,107,32,0.2990654205607476,78.15555555555555,0.29746414138606136
2017-08-10,86,86,24,0.2790697674418604,78.47777777777777,0.2974460081977935
2017-08-11,99,99,27,0.2727272727272727,79.08888888888889,0.2964359071876925
2017-08-12,78,78,24,0.3076923076923077,79.53333333333333,0.2960535410158527
2017-08-13,58,58,25,0.4310344827586206,79.6,0.29678298398667496
2017-08-14,91,91,19,0.2087912087912088,79.55555555555556,0.29606195063406265
2017-08-15,64,64,19,0.296875,79.47777777777777,0.29544819867788114
2017-08-16,89,89,21,0.2359550561797752,79.4888888888889,0.29503961849402005
2017-08-17,88,88,29,0.3295454545454545,79.64444444444445,0.29614868210308365
2017-08-18,95,95,21,0.2210526315789473,80.2,0.295394945910751
2017-08-19,67,67,25,0.373134328358209,80.44444444444444,0.29534335202831136
2017-08-20,78,78,26,0.3333333333333333,80.58888888888889,0.29528637197133123
2017-08-21,87,87,30,0.3448275862068966,80.5111111111111,0.2980539598086183
2017-08-22,92,92,29,0.3152173913043478,80.88888888888889,0.2988743829303907
2017-08-23,87,87,24,0.2758620689655172,81.26666666666667,0.2992141501536973
2017-08-24,86,86,26,0.3023255813953488,81.45555555555555,0.30015786434311426
2017-08-25,97,97,21,0.2164948453608247,81.9888888888889,0.2991620020806835
2017-08-26,59,59,17,0.288135593220339,82.07777777777778,0.29887766989206416
2017-08-27,58,58,14,0.2413793103448276,81.8,0.29714199154649795
2017-08-28,59,59,27,0.4576271186440678,81.41111111111111,0.29891704463781504
2017-08-29,94,94,30,0.3191489361702128,81.32222222222222,0.2986505077630178
2017-08-30,78,78,22,0.282051282051282,81.14444444444445,0.2985929215352189
2017-08-31,74,74,21,0.2837837837837837,81.0111111111111,0.29916209536020666
2017-09-01,78,78,19,0.2435897435897435,81.18888888888888,0.2977467842674762
2017-09-02,70,70,22,0.3142857142857143,81.0,0.29727971621420124
2017-09-03,76,76,24,0.3157894736842105,80.58888888888889,0.29823194930430114
2017-09-04,100,100,23,0.23,80.57777777777778,0.297157141823553
2017-09-05,96,96,21,0.21875,80.63333333333334,0.29604679383820504
2017-09-06,71,71,26,0.3661971830985915,80.65555555555555,0.29544576414960644
2017-09-07,86,86,31,0.3604651162790697,80.61111111111111,0.29648796914529985
2017-09-08,93,93,11,0.1182795698924731,81.03333333333333,0.29376178254814556
2017-09-09,40,40,7,0.175,80.91111111111111,0.2926561180601281
2017-09-10,54,54,20,0.3703703703703703,80.58888888888889,0.2936923618005217
2017-09-11,69,69,24,0.3478260869565217,80.17777777777778,0.2946220856178584
2017-09-12,68,68,19,0.2794117647058823,80.04444444444445,0.2957822163368126
2017-09-13,72,72,20,0.2777777777777778,80.17777777777778,0.29627604349730646
2017-09-14,82,82,15,0.1829268292682926,80.21111111111111,0.2950736833724394
2017-09-15,59,59,8,0.135593220338983,79.85555555555555,0.29352777165703614
2017-09-16,34,34,8,0.2352941176470588,79.37777777777778,0.29210174670159944
2017-09-17,44,44,13,0.2954545454545454,78.85555555555555,0.2911110707109234
2017-09-18,77,77,26,0.3376623376623376,78.54444444444445,0.2918999114997642
2017-09-19,95,95,22,0.231578947368421,78.7,0.29090648142251346
2017-09-20,85,85,23,0.2705882352941176,78.52222222222223,0.2903926653350224
2017-09-21,92,92,19,0.2065217391304347,78.75555555555556,0.29002694443960153
2017-09-22,78,78,14,0.1794871794871795,78.84444444444445,0.2888466432593003
2017-09-23,50,50,13,0.26,78.74444444444444,0.2868391103026149
2017-09-24,62,62,18,0.2903225806451613,78.54444444444445,0.2870093611986722
2017-09-25,91,91,26,0.2857142857142857,78.65555555555555,0.28757765435955795
2017-09-26,74,74,29,0.3918918918918919,78.73333333333333,0.28894693408704664
2017-09-27,82,82,23,0.2804878048780488,78.93333333333334,0.2889384652523583
2017-09-28,63,63,20,0.3174603174603174,78.86666666666666,0.288923129005138
2017-09-29,77,77,15,0.1948051948051948,79.15555555555555,0.28760179238968375
2017-09-30,47,47,12,0.2553191489361702,78.9888888888889,0.287392076840229
2017-10-01,54,54,16,0.2962962962962963,78.7,0.2862398134657434
2017-10-02,98,98,25,0.2551020408163265,78.7,0.28601305609612887
2017-10-03,82,82,16,0.1951219512195122,78.67777777777778,0.28474192433719225
2017-10-04,52,52,17,0.3269230769230769,78.4,0.2851997997950677
2017-10-05,53,53,16,0.3018867924528302,78.25555555555556,0.2850187439536345
2017-10-06,69,69,10,0.144927536231884,78.33333333333333,0.28376166639922173
2017-10-07,42,42,13,0.3095238095238095,78.02222222222223,0.2829151055526609
2017-10-08,49,49,23,0.4693877551020408,77.22222222222223,0.28510022202349167
2017-10-09,70,70,23,0.3285714285714285,76.9,0.28572071264398224
2017-10-10,80,80,14,0.175,76.77777777777777,0.2841242535475232
2017-10-11,51,51,20,0.392156862745098,76.42222222222222,0.2848670941911434
2017-10-12,68,68,16,0.2352941176470588,76.26666666666667,0.2851779502408804
2017-10-13,60,60,15,0.25,76.41111111111111,0.28346400225033663
2017-10-14,60,60,15,0.25,76.22222222222223,0.2822013759877104
2017-10-15,45,45,14,0.3111111111111111,75.6,0.2816977700715632
2017-10-16,85,85,21,0.2470588235294117,75.37777777777778,0.28158572525363607
2017-10-17,73,73,20,0.273972602739726,75.28888888888889,0.28147485842536685
2017-10-18,79,79,25,0.3164556962025316,75.31111111111112,0.28181642965301407
2017-10-19,73,73,25,0.3424657534246575,75.12222222222222,0.28364629604909053
2017-10-20,77,77,16,0.2077922077922078,75.32222222222222,0.2810586765123184
2017-10-21,50,50,18,0.36,74.92222222222222,0.2809243095872538
2017-10-22,79,79,20,0.2531645569620253,74.33333333333333,0.28037024574205077
2017-10-23,99,99,24,0.2424242424242424,74.16666666666667,0.28082213303604325
2017-10-24,95,95,28,0.2947368421052631,74.23333333333333,0.28135042004570227
2017-10-25,107,107,20,0.1869158878504672,74.37777777777778,0.28189062021803607
2017-10-26,70,70,11,0.1571428571428571,74.35555555555555,0.28147615813690735
2017-10-27,73,73,18,0.2465753424657534,74.6,0.27985858568935906
2017-10-28,55,55,14,0.2545454545454545,74.62222222222222,0.27954221442959154
2017-10-29,52,52,17,0.3269230769230769,74.44444444444444,0.27974332051305056
2017-10-30,82,82,29,0.3536585365853658,74.4,0.27992608978260375
2017-10-31,80,80,21,0.2625,74.3,0.2798465017676225
2017-11-01,61,61,24,0.3934426229508196,74.08888888888889,0.28157919757818717
2017-11-02,103,103,25,0.2427184466019417,74.18888888888888,0.2810845798453955
2017-11-03,72,72,20,0.2777777777777778,74.15555555555555,0.2809117403392226
2017-11-04,46,46,13,0.2826086956521739,73.95555555555555,0.28023239251313564
2017-11-05,49,49,12,0.2448979591836734,73.62222222222222,0.2801405414267096
2017-11-06,76,76,19,0.25,73.38888888888889,0.27936734555042086
2017-11-07,77,77,18,0.2337662337662337,73.05555555555556,0.2786417990304818
2017-11-08,61,61,21,0.3442622950819672,72.77777777777777,0.27936616044870527
2017-11-09,58,58,19,0.3275862068965517,72.32222222222222,0.27997570416169726
2017-11-10,50,50,15,0.3,72.0111111111111,0.27989023407622715
2017-11-11,48,48,14,0.2916666666666667,71.9,0.27834170278631654
2017-11-12,55,55,22,0.4,71.5,0.2804662449108587
2017-11-13,55,55,27,0.4909090909090909,71.4,0.28262217925429306
2017-11-14,92,92,25,0.2717391304347826,71.43333333333334,0.28301978007934864
2017-11-15,74,74,22,0.2972972972972973,71.27777777777777,0.2826614672210358
2017-11-16,67,67,18,0.2686567164179104,70.96666666666667,0.28319040149702424
2017-11-17,65,65,16,0.2461538461538461,70.94444444444444,0.28177950725030915
2017-11-18,50,50,17,0.34,70.63333333333334,0.2818535813243832
2017-11-19,51,51,23,0.4509803921568627,70.23333333333333,0.2830330569460495
2017-11-20,89,89,19,0.2134831460674157,70.2,0.28190267644341693
2017-11-21,57,57,11,0.1929824561403508,69.86666666666666,0.28098179185647065
2017-11-22,56,56,11,0.1964285714285714,69.53333333333333,0.27980515841239534
2017-11-23,49,49,9,0.1836734693877551,69.0,0.279440476457139
2017-11-24,46,46,15,0.3260869565217391,68.85555555555555,0.279862158271599
2017-11-25,59,59,13,0.2203389830508474,68.86666666666666,0.2796283768572214
2017-11-26,55,55,18,0.3272727272727272,68.82222222222222,0.2781799947308732
2017-11-27,80,80,26,0.325,68.66666666666667,0.27824500655120415
2017-11-28,75,75,26,0.3466666666666667,68.63333333333334,0.2789629552691529
2017-11-29,73,73,29,0.3972602739726027,68.62222222222222,0.2802238051601398
2017-11-30,97,97,30,0.3092783505154639,68.83333333333333,0.2809536785704256
2017-12-01,66,66,14,0.2121212121212121,68.78888888888889,0.2798185174352644
2017-12-02,54,54,17,0.3148148148148148,68.54444444444445,0.2798076878922711
2017-12-03,51,51,14,0.2745098039215686,68.0,0.28030224126917747
2017-12-04,88,88,21,0.2386363636363636,67.91111111111111,0.2805232008651371
2017-12-05,70,70,18,0.2571428571428571,67.9,0.27931148613229556
2017-12-06,73,73,24,0.3287671232876712,67.75555555555556,0.2789592862101689
2017-12-07,94,94,17,0.1808510638297872,67.76666666666667,0.2796545250316946
2017-12-08,58,58,16,0.2758620689655172,67.96666666666667,0.28077521468686706
2017-12-09,62,62,16,0.2580645161290322,68.05555555555556,0.2795273718619633
2017-12-10,45,45,11,0.2444444444444444,67.78888888888889,0.27837868694516243
2017-12-11,73,73,21,0.2876712328767123,67.84444444444445,0.27847045881372723
2017-12-12,73,73,26,0.3561643835616438,67.85555555555555,0.2793414211002146
2017-12-13,87,87,23,0.264367816091954,67.91111111111111,0.28024632095381086
2017-12-14,65,65,16,0.2461538461538461,67.97777777777777,0.2814747723517538
2017-12-15,61,61,15,0.2459016393442623,68.27777777777777,0.2815926337039449
2017-12-16,54,54,15,0.2777777777777778,68.38888888888889,0.28139622517420304
2017-12-17,51,51,15,0.2941176470588235,68.1,0.28091239527860845
2017-12-18,97,97,27,0.2783505154639175,68.12222222222222,0.2814320793685584
2017-12-19,104,104,31,0.2980769230769231,68.33333333333333,0.2817375092328118
2017-12-20,87,87,27,0.3103448275862069,68.27777777777777,0.28289109910454263
2017-12-21,69,69,13,0.1884057971014492,68.17777777777778,0.2829901948558123
2017-12-22,57,57,20,0.3508771929824561,68.25555555555556,0.28399994144450624
2017-12-23,65,65,16,0.2461538461538461,68.28888888888889,0.28350917772793605
2017-12-24,49,49,20,0.4081632653061224,67.82222222222222,0.28486972194562316
2017-12-25,46,46,15,0.3260869565217391,67.5111111111111,0.28413855599706583
2017-12-26,42,42,14,0.3333333333333333,67.06666666666666,0.28472572853545797
2017-12-27,64,64,24,0.375,67.07777777777778,0.28536505834145437
2017-12-28,78,78,21,0.2692307692307692,67.08888888888889,0.28619200916840526
2017-12-29,59,59,13,0.2203389830508474,67.22222222222223,0.2858033406585683
2017-12-30,43,43,12,0.2790697674418604,67.1,0.28561193478240793
2017-12-31,46,46,10,0.217391304347826,66.52222222222223,0.2851929265994246
2018-01-01,37,37,18,0.4864864864864865,66.02222222222223,0.28843031032461314
2018-01-02,89,89,28,0.3146067415730337,66.43333333333334,0.2882934621540571
2018-01-03,88,88,22,0.25,66.82222222222222,0.28771694223791455
2018-01-04,77,77,18,0.2337662337662337,66.91111111111111,0.28870403887718515
2018-01-05,91,91,24,0.2637362637362637,67.45555555555555,0.2881952883684346
2018-01-06,54,54,17,0.3148148148148148,67.5111111111111,0.28647781125413213
2018-01-07,57,57,20,0.3508771929824561,67.36666666666666,0.2867256530809213
2018-01-08,95,95,32,0.3368421052631579,67.53333333333333,0.28852389869495637
2018-01-09,92,92,22,0.2391304347826087,67.9888888888889,0.28682360505092874
2018-01-10,64,64,24,0.375,67.94444444444444,0.2883758926326281
2018-01-11,65,65,19,0.2923076923076923,68.0,0.28884597810271356
2018-01-12,62,62,11,0.1774193548387097,68.02222222222223,0.28803952648981035
2018-01-13,39,39,12,0.3076923076923077,67.95555555555555,0.28800153978515697
2018-01-14,52,52,17,0.3269230769230769,67.58888888888889,0.28888892037841984
2018-01-15,60,60,21,0.35,67.44444444444444,0.2897336692368674
2018-01-16,72,72,15,0.2083333333333333,67.36666666666666,0.28853230964943183
2018-01-17,67,67,13,0.1940298507462686,67.3,0.2868830218418942
2018-01-18,68,68,18,0.2647058823529412,67.2,0.28751539600368015
2018-01-19,68,68,14,0.2058823529411764,67.4,0.28580297770302654
2018-01-20,40,40,10,0.25,66.96666666666667,0.285767815959004
2018-01-21,43,43,10,0.2325581395348837,66.34444444444445,0.28565819259356673
2018-01-22,40,40,14,0.35,65.73333333333333,0.286272227681286
2018-01-23,81,81,22,0.2716049382716049,65.44444444444444,0.28721321713040976
2018-01-24,72,72,33,0.4583333333333333,65.46666666666667,0.2905597779769706
2018-01-25,68,68,16,0.2352941176470588,65.41111111111111,0.29043443103454064
2018-01-26,38,38,6,0.1578947368421052,65.22222222222223,0.28936053417117014
2018-01-27,38,38,13,0.3421052631578947,65.06666666666666,0.28952922512933477
2018-01-28,60,60,17,0.2833333333333333,64.82222222222222,0.28874783398209
2018-01-29,95,95,22,0.231578947368421,64.9888888888889,0.28840426673062797
2018-01-30,70,70,18,0.2571428571428571,65.08888888888889,0.28688982488831727
2018-01-31,72,72,19,0.2638888888888889,64.74444444444444,0.2871250520248389
2018-02-01,55,55,15,0.2727272727272727,64.55555555555556,0.2870689353020555
2018-02-02,75,75,23,0.3066666666666666,64.87777777777778,0.2873362460911054
2018-02-03,55,55,16,0.2909090909090909,64.94444444444444,0.2878474808880545
2018-02-04,56,56,15,0.2678571428571428,64.72222222222223,0.2880458935864672
2018-02-05,83,83,24,0.2891566265060241,64.78888888888889,0.2886613423946871
2018-02-06,58,58,18,0.3103448275862069,64.75555555555556,0.2882844816447342
2018-02-07,68,68,25,0.3676470588235294,64.86666666666666,0.28872960222170063
2018-02-08,97,97,29,0.2989690721649484,65.38888888888889,0.28871814746797786
2018-02-09,88,88,16,0.1818181818181818,65.83333333333333,0.2874976087474391
2018-02-10,42,42,10,0.238095238095238,65.68888888888888,0.2856986669484973
2018-02-11,34,34,12,0.3529411764705882,65.45555555555555,0.28416569012140286
2018-02-12,74,74,18,0.2432432432432432,65.25555555555556,0.283849069152608
2018-02-13,80,80,24,0.3,65.32222222222222,0.283879099182638
2018-02-14,76,76,24,0.3157894736842105,65.42222222222222,0.2844027964855969
2018-02-15,72,72,16,0.2222222222222222,65.5,0.28413688955302324
2018-02-16,54,54,13,0.2407407407407407,65.54444444444445,0.283034008894587
2018-02-17,43,43,14,0.3255813953488372,65.45555555555555,0.2816406867078312
2018-02-18,47,47,13,0.2765957446808511,64.9888888888889,0.282341937803536
2018-02-19,68,68,24,0.3529411764705882,65.11111111111111,0.28411925691831647
2018-02-20,87,87,25,0.2873563218390804,65.45555555555555,0.285129565256211
2018-02-21,94,94,21,0.2234042553191489,65.95555555555555,0.2855710184332265
2018-02-22,69,69,23,0.3333333333333333,66.21111111111111,0.2856515337311331
2018-02-23,82,82,15,0.1829268292682926,66.46666666666667,0.2852358431335492
2018-02-24,54,54,24,0.4444444444444444,66.45555555555555,0.2865377511021238
2018-02-25,66,66,25,0.3787878787878788,66.3,0.2871353941997669
2018-02-26,94,94,27,0.2872340425531915,66.5111111111111,0.2864750317096172
2018-02-27,77,77,18,0.2337662337662337,66.55555555555556,0.28465843126287976
2018-02-28,75,75,20,0.2666666666666666,66.31111111111112,0.28418496810900423
2018-03-01,62,62,20,0.3225806451612903,66.26666666666667,0.2854122951427829
2018-03-02,67,67,16,0.2388059701492537,66.41111111111111,0.2845677524242766
2018-03-03,50,50,12,0.24,66.4,0.28418431015848145
2018-03-04,53,53,18,0.3396226415094339,66.0111111111111,0.28530637991262664
2018-03-05,83,83,28,0.3373493975903614,66.15555555555555,0.2861975636953767
2018-03-06,81,81,25,0.3086419753086419,66.24444444444444,0.2859739509400541
2018-03-07,80,80,20,0.25,66.08888888888889,0.28674227245305656
2018-03-08,58,58,17,0.293103448275862,66.08888888888889,0.28693384333428257
2018-03-09,53,53,9,0.1698113207547169,65.9888888888889,0.28595325227456797
2018-03-10,34,34,11,0.3235294117647059,65.86666666666666,0.286831974133682
2018-03-11,53,53,15,0.2830188679245283,65.64444444444445,0.28678028118976884
2018-03-12,94,94,31,0.3297872340425531,65.87777777777778,0.28648720175066783
2018-03-13,87,87,16,0.1839080459770115,65.87777777777778,0.2855932043049462
2018-03-14,62,62,18,0.2903225806451613,65.84444444444445,0.2860839680215164
2018-03-15,72,72,16,0.2222222222222222,65.96666666666667,0.2858208633868271
2018-03-16,86,86,11,0.127906976744186,66.32222222222222,0.28415563226423163
2018-03-17,42,42,14,0.3333333333333333,66.22222222222223,0.28459136211172614
2018-03-18,55,55,20,0.3636363636363636,65.75555555555556,0.2855389826469755
2018-03-19,86,86,22,0.2558139534883721,65.55555555555556,0.28506939409599164
2018-03-20,80,80,25,0.3125,65.47777777777777,0.28509334045614493
2018-03-21,85,85,26,0.3058823529411765,65.65555555555555,0.28639863552103073
2018-03-22,92,92,22,0.2391304347826087,66.04444444444445,0.2851570048743658
2018-03-23,79,79,22,0.2784810126582278,66.2,0.2855161956133034
2018-03-24,66,66,12,0.1818181818181818,66.38888888888889,0.28300125024121514
2018-03-25,54,54,10,0.1851851851851851,66.47777777777777,0.28143567500414235
2018-03-26,86,86,20,0.2325581395348837,66.96666666666667,0.280315950628604
2018-03-27,68,68,17,0.25,67.0111111111111,0.2789270617397151
2018-03-28,63,63,18,0.2857142857142857,66.84444444444445,0.2791102119228653
2018-03-29,58,58,13,0.2241379310344827,66.83333333333333,0.2791524224560168
2018-03-30,36,36,8,0.2222222222222222,66.75555555555556,0.27852078306468747
2018-03-31,54,54,17,0.3148148148148148,66.84444444444445,0.27960326651432066
2018-04-01,53,53,20,0.3773584905660377,67.02222222222223,0.27839073322631575
2018-04-02,76,76,25,0.3289473684210526,66.87777777777778,0.278550073524627
2018-04-03,68,68,24,0.3529411764705882,66.65555555555555,0.2796938643743002
2018-04-04,68,68,21,0.3088235294117647,66.55555555555556,0.2805278343259172
2018-04-05,68,68,21,0.3088235294117647,66.3,0.28102880394453394
2018-04-06,85,85,22,0.2588235294117647,66.64444444444445,0.2804066785511667
2018-04-07,57,57,16,0.2807017543859649,66.64444444444445,0.27962695145565014
2018-04-08,62,62,26,0.4193548387096774,66.27777777777777,0.2805437596050559
2018-04-09,110,110,32,0.2909090909090909,66.47777777777777,0.28111907800646124
2018-04-10,82,82,21,0.2560975609756097,66.67777777777778,0.27979793979507916
2018-04-11,86,86,23,0.2674418604651162,66.91111111111111,0.27952165277460606
2018-04-12,83,83,23,0.2771084337349397,67.14444444444445,0.28062930920678636
2018-04-13,80,80,16,0.2,67.6,0.27943272801020524
2018-04-14,47,47,19,0.4042553191489361,67.54444444444445,0.2802919751460481
2018-04-15,72,72,29,0.4027777777777778,67.67777777777778,0.2808783948991345
2018-04-16,115,115,31,0.2695652173913043,68.15555555555555,0.2815587491664453
2018-04-17,114,114,26,0.2280701754385964,68.67777777777778,0.28193697499636006
2018-04-18,92,92,27,0.2934782608695652,68.94444444444444,0.2822566680909892
2018-04-19,79,79,25,0.3164556962025316,69.06666666666666,0.28348526079389313
2018-04-20,73,73,15,0.2054794520547945,69.43333333333334,0.2829905880389464
2018-04-21,60,60,17,0.2833333333333333,69.62222222222222,0.28355475685892917
2018-04-22,50,50,18,0.36,69.73333333333333,0.28366586797004034
2018-04-23,94,94,27,0.2872340425531915,69.87777777777778,0.2838395246842802
2018-04-24,92,92,26,0.2826086956521739,70.1,0.281887028710045
2018-04-25,79,79,27,0.3417721518987341,70.22222222222223,0.2830701179795081
2018-04-26,85,85,25,0.2941176470588235,70.74444444444444,0.28458370587080495
2018-04-27,81,81,16,0.1975308641975308,71.22222222222223,0.2829773236601343
2018-04-28,45,45,13,0.2888888888888888,71.05555555555556,0.28303905205519597
2018-04-29,47,47,19,0.4042553191489361,70.52222222222223,0.2849576784083128
2018-04-30,89,89,20,0.2247191011235955,70.73333333333333,0.2845974144525433
2018-05-01,79,79,24,0.3037974683544304,70.81111111111112,0.2850408431132715
2018-05-02,91,91,28,0.3076923076923077,71.21111111111111,0.28542934350177185
2018-05-03,80,80,23,0.2875,71.26666666666667,0.28521638053880893
2018-05-04,72,72,22,0.3055555555555556,71.45555555555555,0.2853791190348808
2018-05-05,62,62,22,0.3548387096774194,71.52222222222223,0.28634558088843937
2018-05-06,59,59,26,0.4406779661016949,71.25555555555556,0.28802915132839124
2018-05-07,78,78,27,0.3461538461538461,71.47777777777777,0.28842702931247616
2018-05-08,87,87,32,0.367816091954023,71.68888888888888,0.2884289074583705
2018-05-09,85,85,24,0.2823529411764706,71.55555555555556,0.28824428378072076
2018-05-10,80,80,23,0.2875,71.46666666666667,0.2894185262049632
2018-05-11,75,75,18,0.24,71.83333333333333,0.28943969022612726
2018-05-12,51,51,18,0.3529411764705882,72.02222222222223,0.2894396902261272
2018-05-13,82,82,30,0.3658536585365853,72.11111111111111,0.29080202817383105
2018-05-14,120,120,40,0.3333333333333333,72.55555555555556,0.2911723985442014
2018-05-15,120,120,30,0.25,73.04444444444445,0.2904414043921546
2018-05-16,86,86,25,0.2906976744186046,73.2,0.29120224274989226
2018-05-17,88,88,27,0.3068181818181818,73.57777777777778,0.2919364365396416
2018-05-18,66,66,14,0.2121212121212121,73.83333333333333,0.29067576783711235
2018-05-19,43,43,11,0.2558139534883721,73.78888888888889,0.29044485904608486
2018-05-20,66,66,27,0.4090909090909091,73.76666666666667,0.29106874496408836
2018-05-21,81,81,24,0.2962962962962963,73.7,0.291168078013613
2018-05-22,77,77,25,0.3246753246753247,73.5111111111111,0.29229331211757054
2018-05-23,98,98,24,0.2448979591836734,73.83333333333333,0.29131069684924094
2018-05-24,70,70,18,0.2571428571428571,73.7,0.2921353193811806
2018-05-25,79,79,19,0.240506329113924,73.97777777777777,0.2898693403219526
2018-05-26,53,53,11,0.2075471698113207,73.83333333333333,0.2879666657777686
2018-05-27,56,56,14,0.25,73.41111111111111,0.28755295419384425
2018-05-28,72,72,23,0.3194444444444444,73.35555555555555,0.288504934312491
2018-05-29,95,95,26,0.2736842105263158,73.57777777777778,0.28858290702204265
2018-05-30,107,107,20,0.1869158878504672,74.07777777777778,0.28707552082970017
2018-05-31,65,65,16,0.2461538461538461,74.05555555555556,0.2871571638964179
2018-06-01,50,50,9,0.18,74.05555555555556,0.28649049722975123
2018-06-02,37,37,13,0.3513513513513513,73.87777777777778,0.2866208162279948
2018-06-03,53,53,18,0.3396226415094339,73.54444444444445,0.2866460744937622
2018-06-04,53,53,21,0.3962264150943396,73.23333333333333,0.28761923493582553
2018-06-05,86,86,28,0.3255813953488372,73.3,0.28845902821747926
2018-06-06,87,87,23,0.264367816091954,73.62222222222222,0.28813974341543586
2018-06-07,94,94,23,0.2446808510638297,74.07777777777778,0.2889716270855371
2018-06-08,75,75,18,0.24,74.53333333333333,0.2880435225103737
2018-06-09,59,59,20,0.3389830508474576,74.6,0.28866534676507294
2018-06-10,53,53,9,0.1698113207547169,74.14444444444445,0.2868878366174303
2018-06-11,64,64,10,0.15625,73.88888888888889,0.28658052499546355
2018-06-12,93,93,24,0.2580645161290322,74.23333333333333,0.2862221020563954
2018-06-13,86,86,20,0.2325581395348837,74.38888888888889,0.28633694558209166
2018-06-14,78,78,17,0.2179487179487179,74.3,0.2873374093732531
2018-06-15,65,65,14,0.2153846153846154,74.55555555555556,0.2860268680627118
2018-06-16,61,61,22,0.360655737704918,74.62222222222222,0.2859937499968069
2018-06-17,54,54,17,0.3148148148148148,74.26666666666667,0.2866493151226562
2018-06-18,74,74,23,0.3108108108108108,74.2,0.2866305463538874
2018-06-19,81,81,19,0.2345679012345679,74.15555555555555,0.28583816355714736
2018-06-20,78,78,19,0.2435897435897435,74.0,0.2858877114327822
2018-06-21,71,71,14,0.1971830985915492,73.91111111111111,0.2849844012764858
2018-06-22,59,59,15,0.2542372881355932,73.83333333333333,0.28578905801334586
2018-06-23,54,54,13,0.2407407407407407,73.83333333333333,0.2864063419639632
2018-06-24,48,48,19,0.3958333333333333,73.41111111111111,0.28822051078394595
2018-06-25,60,60,19,0.3166666666666666,73.32222222222222,0.2889612515246867
2018-06-26,77,77,15,0.1948051948051948,73.47777777777777,0.28795115051458564
2018-06-27,90,90,28,0.3111111111111111,73.83333333333333,0.2889175191821038
2018-06-28,90,90,27,0.3,74.43333333333334,0.289781716712968
2018-06-29,90,90,27,0.3,74.83333333333333,0.28961710765947
2018-06-30,70,70,18,0.2571428571428571,75.02222222222223,0.2882813783992125
2018-07-01,55,55,25,0.4545454545454545,74.78888888888889,0.2896769126894836
2018-07-02,115,115,33,0.2869565217391304,75.31111111111112,0.28894374985913407
2018-07-03,103,103,32,0.3106796116504854,75.7,0.28896437299511984
2018-07-04,74,74,26,0.3513513513513513,75.76666666666667,0.28943690435000413
2018-07-05,86,86,23,0.2674418604651162,75.77777777777777,0.28953266358393026
2018-07-06,71,71,16,0.2253521126760563,75.93333333333334,0.28891766756493126
2018-07-07,55,55,18,0.3272727272727272,75.85555555555555,0.2878945329934096
2018-07-08,59,59,20,0.3389830508474576,75.28888888888889,0.28842868810383593
2018-07-09,64,64,16,0.25,75.08888888888889,0.2883609374263291
2018-07-10,75,75,19,0.2533333333333333,74.96666666666667,0.28820417601375375
2018-07-11,74,74,17,0.2297297297297297,74.86666666666666,0.28767774596925144
2018-07-12,81,81,22,0.2716049382716049,74.87777777777778,0.28847335639449145
2018-07-13,76,76,18,0.2368421052631578,75.2,0.2866132095735384
2018-07-14,56,56,5,0.0892857142857142,75.02222222222223,0.2831299644236266
2018-07-15,48,48,10,0.2083333333333333,74.27777777777777,0.2824496101563158
2018-07-16,101,101,32,0.3168316831683168,74.13333333333334,0.28343584913109043
2018-07-17,95,95,35,0.3684210526315789,74.16666666666667,0.28426854681733504
2018-07-18,103,103,36,0.3495145631067961,74.43333333333334,0.2846358675607158
2018-07-19,106,106,25,0.2358490566037736,74.8,0.28497330761126
2018-07-20,82,82,20,0.2439024390243902,75.04444444444445,0.2845351865633829
2018-07-21,69,69,19,0.2753623188405797,75.25555555555556,0.2835947678838337
2018-07-22,71,71,27,0.380281690140845,75.0,0.28462863063480764
2018-07-23,135,135,31,0.2296296296296296,75.47777777777777,0.2840399743456683
2018-07-24,93,93,25,0.2688172043010752,75.63333333333334,0.2832293638168054
2018-07-25,93,93,29,0.3118279569892473,75.72222222222223,0.2834261450382546
2018-07-26,110,110,28,0.2545454545454545,76.04444444444445,0.28405964048656485
2018-07-27,77,77,21,0.2727272727272727,76.4,0.283880066973658
2018-07-28,64,64,19,0.296875,76.58888888888889,0.2826869523164476
2018-07-29,80,80,28,0.35,76.4888888888889,0.2840789623039632
2018-07-30,89,89,27,0.3033707865168539,76.6,0.28407422139465677
2018-07-31,77,77,31,0.4025974025974026,76.44444444444444,0.2851287224491578
2018-08-01,86,86,26,0.3023255813953488,76.5111111111111,0.28529345113132837
2018-08-02,68,68,21,0.3088235294117647,76.46666666666667,0.2853297619519529
2018-08-03,71,71,17,0.2394366197183098,76.56666666666666,0.2840475165079628
2018-08-04,48,48,22,0.4583333333333333,76.44444444444444,0.284243687254981
2018-08-05,66,66,20,0.303030303030303,76.31111111111112,0.2837645367758305
2018-08-06,81,81,37,0.4567901234567901,76.24444444444444,0.2847531371258613
2018-08-07,119,119,32,0.2689075630252101,76.62222222222222,0.2846037440352917
2018-08-08,102,102,33,0.3235294117647059,76.86666666666666,0.28500407083267737
2018-08-09,89,89,35,0.3932584269662921,77.02222222222223,0.2867069422434139
2018-08-10,78,78,25,0.3205128205128205,77.32222222222222,0.2863466271772165
2018-08-11,66,66,14,0.2121212121212121,77.14444444444445,0.28463848888371235
2018-08-12,73,73,30,0.410958904109589,76.62222222222222,0.28550099522567074
2018-08-13,117,117,39,0.3333333333333333,76.58888888888889,0.2864269211515967
2018-08-14,106,106,22,0.2075471698113207,76.81111111111112,0.2855030266559602
2018-08-15,64,64,16,0.25,76.54444444444445,0.2848717135246471
2018-08-16,63,63,14,0.2222222222222222,76.5111111111111,0.28498394697021384
2018-08-17,56,56,21,0.375,76.65555555555555,0.2863082363758986
2018-08-18,42,42,14,0.3333333333333333,76.38888888888889,0.2854664855341478
2018-08-19,61,61,20,0.3278688524590163,76.16666666666667,0.28581729171373355
2018-08-20,80,80,22,0.275,76.2,0.28526534366178546
2018-08-21,91,91,23,0.2527472527472527,76.12222222222222,0.28535255803471415
2018-08-22,86,86,29,0.3372093023255814,76.3,0.28624218520341105
2018-08-23,80,80,21,0.2625,76.31111111111112,0.28648655932436745
2018-08-24,72,72,21,0.2916666666666667,76.52222222222223,0.28742122040053797
2018-08-25,62,62,20,0.3225806451612903,76.58888888888889,0.2882276720134412
2018-08-26,68,68,22,0.3235294117647059,76.54444444444445,0.2882730605392219
2018-08-27,77,77,37,0.4805194805194805,76.34444444444445,0.2905712302058126
2018-08-28,111,111,34,0.3063063063063063,76.38888888888889,0.2918977904108775
2018-08-29,96,96,34,0.3541666666666667,76.73333333333333,0.29309793286102
2018-08-30,79,79,21,0.2658227848101265,77.05555555555556,0.2940515193589103
2018-08-31,62,62,11,0.1774193548387097,77.33333333333333,0.29211894161988083
2018-09-01,37,37,12,0.3243243243243243,77.15555555555555,0.29194896031782414
2018-09-02,54,54,23,0.4259259259259259,77.16666666666667,0.2922789548826195
2018-09-03,85,85,27,0.3176470588235294,77.15555555555555,0.29219079558789385
2018-09-04,99,99,25,0.2525252525252525,77.28888888888889,0.29205921154826386
2018-09-05,84,84,21,0.25,77.17777777777778,0.2921183132031102
2018-09-06,78,78,16,0.2051282051282051,77.21111111111111,0.2917308488156458
2018-09-07,55,55,14,0.2545454545454545,77.16666666666667,0.2907926533011791
2018-09-08,55,55,15,0.2727272727272727,77.18888888888888,0.29193616387865196
2018-09-09,48,48,17,0.3541666666666667,77.0111111111111,0.294135237952726
2018-09-10,73,73,29,0.3972602739726027,76.78888888888889,0.29568185748432124
2018-09-11,88,88,19,0.2159090909090909,76.81111111111112,0.29549686805514574
2018-09-12,69,69,22,0.3188405797101449,76.71111111111111,0.2966178887413839
2018-09-13,81,81,22,0.2716049382716049,76.88888888888889,0.2972425589956837
2018-09-14,82,82,19,0.2317073170731707,77.12222222222222,0.2958097987664421
2018-09-15,50,50,15,0.3,77.07777777777778,0.2956451897129442
2018-09-16,46,46,15,0.3260869565217391,76.76666666666667,0.2958149246652878
2018-09-17,84,84,17,0.2023809523809523,76.8,0.2954572919002476
2018-09-18,67,67,14,0.208955223880597,76.67777777777778,0.2950724639034793
2018-09-19,49,49,17,0.3469387755102041,76.43333333333334,0.29673641586924215
2018-09-20,81,81,18,0.2222222222222222,76.67777777777778,0.2963806929146492
2018-09-21,61,61,16,0.2622950819672131,76.75555555555556,0.2966201855949433
2018-09-22,57,57,16,0.2807017543859649,76.85555555555555,0.2953409458288614
2018-09-23,64,64,22,0.34375,76.9,0.29564187175478734
2018-09-24,80,80,34,0.425,76.93333333333334,0.2981995918125074
2018-09-25,103,103,27,0.2621359223300971,77.07777777777778,0.2976554230482739
2018-09-26,82,82,14,0.1707317073170731,76.9888888888889,0.2962191086851303
2018-09-27,50,50,16,0.32,76.54444444444445,0.2964413309073525
2018-09-28,82,82,12,0.1463414634146341,76.67777777777778,0.2952102043103722
2018-09-29,35,35,15,0.4285714285714285,76.45555555555555,0.294921604021772
2018-09-30,69,69,20,0.2898550724637681,75.94444444444444,0.29495381014093464
2018-10-01,63,63,17,0.2698412698412698,75.5,0.29450005078749886
2018-10-02,71,71,22,0.3098591549295774,75.46666666666667,0.2940390263828125
2018-10-03,72,72,21,0.2916666666666667,75.31111111111112,0.29430819089616306
2018-10-04,81,81,22,0.2716049382716049,75.42222222222222,0.29482211118055807
2018-10-05,72,72,20,0.2777777777777778,75.61111111111111,0.29427216729728084
2018-10-06,59,59,14,0.2372881355932203,75.61111111111111,0.293142223794456
2018-10-07,43,43,15,0.3488372093023256,75.37777777777778,0.2942404150089263
2018-10-08,107,107,32,0.2990654205607476,75.73333333333333,0.2947485493114531
2018-10-09,88,88,37,0.4204545454545454,75.88888888888889,0.29686771393061767
2018-10-10,106,106,39,0.3679245283018867,76.16666666666667,0.29793793159762083
2018-10-11,107,107,26,0.2429906542056074,76.5111111111111,0.29800624880809246
2018-10-12,113,113,20,0.1769911504424778,77.14444444444445,0.29898075365427873
2018-10-13,67,67,18,0.2686567164179104,77.35555555555555,0.2996510134663296
2018-10-14,56,56,18,0.3214285714285714,76.85555555555555,0.29970209000255466
2018-10-15,96,96,31,0.3229166666666667,76.86666666666666,0.29919648571405566
2018-10-16,96,96,32,0.3333333333333333,76.78888888888889,0.29901669427212824
2018-10-17,84,84,28,0.3333333333333333,76.54444444444445,0.3000998529024567
2018-10-18,82,82,23,0.2804878048780488,76.54444444444445,0.30050635696749733
2018-10-19,64,64,11,0.171875,76.4888888888889,0.29935649786926866
2018-10-20,38,38,14,0.3684210526315789,76.12222222222222,0.29922471300805464
2018-10-21,47,47,16,0.3404255319148936,75.14444444444445,0.300455778589002
2018-10-22,58,58,14,0.2413793103448276,74.75555555555556,0.3001509131005992
2018-10-23,57,57,21,0.3684210526315789,74.35555555555555,0.30077972527440294
2018-10-24,67,67,22,0.3283582089552239,73.87777777777778,0.301599866990067
2018-10-25,60,60,20,0.3333333333333333,73.68888888888888,0.30227326766346774
2018-10-26,69,69,14,0.2028985507246377,73.74444444444444,0.30122908489374145
2018-10-27,41,41,19,0.4634146341463415,73.31111111111112,0.3024892474953675
2018-10-28,69,69,23,0.3333333333333333,73.08888888888889,0.30282216468221723
2018-10-29,113,113,35,0.3097345132743362,73.4888888888889,0.30179035480084987
2018-10-30,126,126,30,0.238095238095238,73.93333333333334,0.3010766843197375
2018-10-31,80,80,21,0.2625,74.06666666666666,0.3005619784373846
2018-11-01,64,64,15,0.234375,73.9888888888889,0.30050573821829224
2018-11-02,52,52,12,0.2307692307692307,74.03333333333333,0.2979772481898022
2018-11-03,48,48,20,0.4166666666666667,73.83333333333333,0.2992398744524285
2018-11-04,67,67,21,0.3134328358208955,73.67777777777778,0.2976470157009185
2018-11-05,99,99,31,0.3131313131313131,73.45555555555555,0.29813839070209747
2018-11-06,88,88,19,0.2159090909090909,73.3,0.29694260935925726
2018-11-07,61,61,18,0.2950819672131147,72.9888888888889,0.29585175980644424
2018-11-08,89,89,20,0.2247191011235955,73.11111111111111,0.29478738514656394
2018-11-09,75,75,20,0.2666666666666666,73.21111111111111,0.29539344575262455
2018-11-10,55,55,24,0.4363636363636363,73.0111111111111,0.2956757205554473
2018-11-11,67,67,25,0.373134328358209,72.45555555555555,0.2961179538335015
2018-11-12,84,84,30,0.3571428571428571,72.21111111111111,0.2977801281371852
2018-11-13,84,84,22,0.2619047619047619,72.43333333333334,0.29791240326946034
2018-11-14,72,72,26,0.3611111111111111,72.53333333333333,0.29945561314600355
2018-11-15,81,81,26,0.3209876543209876,72.81111111111112,0.2988554759717923
2018-11-16,66,66,26,0.3939393939393939,73.07777777777778,0.29952887664519295
2018-11-17,55,55,22,0.4,73.0111111111111,0.3003303338400928
2018-11-18,47,47,24,0.5106382978723404,72.64444444444445,0.3029485371497855
2018-11-19,90,90,20,0.2222222222222222,72.63333333333334,0.3026093701439518
2018-11-20,53,53,16,0.3018867924528302,72.26666666666667,0.3022168978120323
2018-11-21,67,67,14,0.208955223880597,72.12222222222222,0.30162195585515006
2018-11-22,46,46,12,0.2608695652173913,71.83333333333333,0.301279765839047
2018-11-23,44,44,8,0.1818181818181818,71.63333333333334,0.299715738468568
2018-11-24,39,39,15,0.3846153846153846,71.31111111111112,0.30039447150024223
2018-11-25,50,50,19,0.38,71.0111111111111,0.2992775883833591
2018-11-26,65,65,27,0.4153846153846154,70.5,0.30048956959534034
2018-11-27,98,98,24,0.2448979591836734,70.52222222222223,0.29927547284552924
2018-11-28,82,82,21,0.2560975609756097,70.55555555555556,0.2991674148029235
2018-11-29,78,78,23,0.2948717948717949,70.73333333333333,0.3004724419144023
2018-11-30,78,78,13,0.1666666666666666,71.18888888888888,0.2987206901626505
2018-12-01,46,46,14,0.3043478260869565,71.1,0.297369822386662
2018-12-02,50,50,15,0.3,70.71111111111111,0.29717374395528945
2018-12-03,98,98,27,0.2755102040816326,70.7,0.2974291323059159
2018-12-04,91,91,31,0.3406593406593406,70.77777777777777,0.2984364583132419
2018-12-05,79,79,24,0.3037974683544304,70.78888888888889,0.2995327834601999
2018-12-06,89,89,25,0.2808988764044944,71.16666666666667,0.2998255992586337
2018-12-07,77,77,18,0.2337662337662337,71.41111111111111,0.29939269882573327
2018-12-08,51,51,18,0.3529411764705882,71.44444444444444,0.2993790822679991
2018-12-09,53,53,19,0.3584905660377358,71.22222222222223,0.29894830773538944
2018-12-10,77,77,22,0.2857142857142857,71.1,0.2997239210110027
2018-12-11,78,78,24,0.3076923076923077,71.2,0.29960005132191564
2018-12-12,92,92,31,0.3369565217391304,71.32222222222222,0.30032618002711037
2018-12-13,93,93,27,0.2903225806451613,71.44444444444444,0.3009774607334658
2018-12-14,103,103,23,0.2233009708737864,72.03333333333333,0.3001252492987301
2018-12-15,58,58,14,0.2413793103448276,72.16666666666667,0.2991840532300978
2018-12-16,51,51,12,0.2352941176470588,71.8,0.2995497550663878
2018-12-17,97,97,30,0.3092783505154639,72.13333333333334,0.3006644564734419
2018-12-18,96,96,23,0.2395833333333333,72.65555555555555,0.2994716182270322
2018-12-19,79,79,20,0.2531645569620253,72.63333333333334,0.29981542194636335
2018-12-20,80,80,20,0.25,72.84444444444445,0.29967880992450546
2018-12-21,73,73,14,0.1917808219178082,73.02222222222223,0.29869079956374817
2018-12-22,51,51,8,0.1568627450980392,72.87777777777778,0.2966142745092819
2018-12-23,44,44,8,0.1818181818181818,72.47777777777777,0.29391225430726176
2018-12-24,40,40,11,0.275,71.77777777777777,0.29405518850359397
2018-12-25,39,39,15,0.3846153846153846,71.3,0.29643167380690855
2018-12-26,58,58,21,0.3620689655172414,71.38888888888889,0.29689910675710013
2018-12-27,55,55,21,0.3818181818181818,71.08888888888889,0.2995155147393618
2018-12-28,86,86,16,0.1860465116279069,71.65555555555555,0.2968207934399893
2018-12-29,41,41,17,0.4146341463414634,71.34444444444445,0.29820722759418594
2018-12-30,60,60,17,0.2833333333333333,71.31111111111112,0.2983571394107644
2018-12-31,58,58,14,0.2413793103448276,71.16666666666667,0.2975962522487116
2019-01-01,53,53,17,0.320754716981132,70.95555555555555,0.2979194528077612
2019-01-02,129,129,37,0.2868217054263566,71.4888888888889,0.2980885279983696
2019-01-03,103,103,34,0.3300970873786408,71.83333333333333,0.2986698536606014
2019-01-04,114,114,24,0.2105263157894736,72.44444444444444,0.29837250010722643
2019-01-05,64,64,23,0.359375,72.67777777777778,0.2984895866705339
2019-01-06,74,74,26,0.3513513513513513,72.31111111111112,0.29907054145709616
2019-01-07,95,95,24,0.2526315789473684,72.38888888888889,0.29720584182923865
2019-01-08,79,79,24,0.3037974683544304,72.08888888888889,0.2964933189409336
2019-01-09,77,77,25,0.3246753246753247,71.75555555555556,0.2974009263905971
2019-01-10,84,84,24,0.2857142857142857,71.43333333333334,0.2986089612269506
2019-01-11,91,91,23,0.2527472527472527,71.7,0.29843218940838767
2019-01-12,56,56,21,0.375,71.7,0.29902742750362576
2019-01-13,82,82,29,0.3536585365853658,71.54444444444445,0.29936900383605575
2019-01-14,94,94,29,0.3085106382978723,71.52222222222223,0.29909319611343954
2019-01-15,100,100,31,0.31,71.7,0.29883393685418025
2019-01-16,101,101,24,0.2376237623762376,71.91111111111111,0.2983576697152713
2019-01-17,68,68,17,0.25,71.95555555555555,0.29922572527082686
2019-01-18,54,54,17,0.3148148148148148,72.13333333333334,0.2986301004061961
2019-01-19,53,53,23,0.4339622641509434,72.2,0.2996693974310411
2019-01-20,55,55,19,0.3454545454545454,72.16666666666667,0.3008257889322602
2019-01-21,114,114,32,0.2807017543859649,72.8,0.2998511300628645
2019-01-22,104,104,28,0.2692307692307692,73.21111111111111,0.2991941585103705
2019-01-23,85,85,20,0.2352941176470588,73.4888888888889,0.29810483389163417
2019-01-24,88,88,26,0.2954545454545454,73.7,0.2991332338330776
2019-01-25,101,101,28,0.2772277227722772,74.36666666666666,0.29706449037336574
2019-01-26,82,82,25,0.3048780487804878,74.5111111111111,0.29674832054500083
2019-01-27,76,76,22,0.2894736842105263,74.1,0.29652320022206957
2019-01-28,84,84,35,0.4166666666666667,73.63333333333334,0.29850732720619655
2019-01-29,81,81,28,0.345679012345679,73.64444444444445,0.29943153845448184
2019-01-30,90,90,24,0.2666666666666666,73.93333333333334,0.2997903347507782
2019-01-31,60,60,19,0.3166666666666666,74.02222222222223,0.30074475070519413
2019-02-01,76,76,21,0.2763157894736842,74.33333333333333,0.299185296514161
2019-02-02,58,58,17,0.293103448275862,74.23333333333333,0.2989594144303273
2019-02-03,57,57,17,0.2982456140350877,73.76666666666667,0.2987940177737025
2019-02-04,82,82,23,0.2804878048780488,73.7,0.2995115590400243
2019-02-05,80,80,31,0.3875,73.91111111111111,0.3005384260709897
2019-02-06,104,104,33,0.3173076923076923,74.07777777777778,0.30156718819525746
2019-02-07,96,96,29,0.3020833333333333,74.31111111111112,0.30196070671377595
2019-02-08,104,104,18,0.173076923076923,74.85555555555555,0.29903529878836804
2019-02-09,59,59,15,0.2542372881355932,74.76666666666667,0.2977142205636723
2019-02-10,54,54,15,0.2777777777777778,74.43333333333334,0.2968323863485048
2019-02-11,86,86,24,0.2790697674418604,74.45555555555555,0.2970231086322503
2019-02-12,80,80,22,0.275,74.54444444444445,0.29606631850879356
2019-02-13,98,98,30,0.3061224489795918,74.73333333333333,0.2959011495605558
2019-02-14,101,101,33,0.3267326732673267,75.12222222222222,0.295154408219755
2019-02-15,77,77,17,0.2207792207792207,75.36666666666666,0.29316306622841304
2019-02-16,53,53,14,0.2641509433962264,75.43333333333334,0.2904243178453451
2019-02-17,50,50,24,0.48,74.9888888888889,0.2932885153762093
2019-02-18,109,109,32,0.2935779816513761,75.61111111111111,0.2931961952561931
2019-02-19,85,85,26,0.3058823529411765,75.81111111111112,0.29427316335686626
2019-02-20,82,82,28,0.3414634146341463,76.21111111111111,0.295168650572608
2019-02-21,76,76,20,0.2631578947368421,76.56666666666666,0.29607242516059307
2019-02-22,78,78,20,0.2564102564102564,77.0,0.29464792373609167
2019-02-23,59,59,19,0.3220338983050847,77.1,0.29400385593948153
2019-02-24,58,58,21,0.3620689655172414,77.02222222222223,0.293411459829844
2019-02-25,90,90,26,0.2888888888888888,76.93333333333334,0.29390024793767977
2019-02-26,91,91,29,0.3186813186813186,77.03333333333333,0.2945956230232987
2019-02-27,77,77,20,0.2597402597402597,77.02222222222223,0.2942052726329483
2019-02-28,70,70,18,0.2571428571428571,76.93333333333334,0.2952105636382394
2019-03-01,73,73,24,0.3287671232876712,77.23333333333333,0.2954818891626917
2019-03-02,63,63,19,0.3015873015873015,77.37777777777778,0.29549952584699507
2019-03-03,63,63,23,0.365079365079365,76.9888888888889,0.29649473874696985
2019-03-04,77,77,25,0.3246753246753247,76.83333333333333,0.2963171385693697
2019-03-05,80,80,22,0.275,76.84444444444445,0.2959971666987649
2019-03-06,72,72,20,0.2777777777777778,76.65555555555555,0.29596248782513473
2019-03-07,76,76,23,0.3026315789473684,76.64444444444445,0.2967276583271473
2019-03-08,75,75,14,0.1866666666666666,76.91111111111111,0.2948801637737704
2019-03-09,56,56,18,0.3214285714285714,76.94444444444444,0.29446836383366864
2019-03-10,53,53,17,0.320754716981132,76.67777777777778,0.2948577019588558
2019-03-11,75,75,24,0.32,76.64444444444445,0.2949944540956079
2019-03-12,88,88,25,0.2840909090909091,76.6,0.2944070583995166
2019-03-13,99,99,19,0.1919191919191919,76.66666666666667,0.2933136874136725
2019-03-14,76,76,16,0.2105263157894736,76.36666666666666,0.29317174680162456
2019-03-15,85,85,10,0.1176470588235294,76.66666666666667,0.29179694400694345
2019-03-16,46,46,8,0.1739130434782608,76.61111111111111,0.2911149320717346
2019-03-17,42,42,16,0.3809523809523809,76.0,0.29191131018770033
2019-03-18,89,89,25,0.2808988764044944,75.92222222222222,0.2923703717773799
2019-03-19,80,80,25,0.3125,75.93333333333334,0.2930296544778019
2019-03-20,91,91,26,0.2857142857142857,76.05555555555556,0.2934264798746273
2019-03-21,79,79,22,0.2784810126582278,76.12222222222222,0.2943898153272986
2019-03-22,77,77,24,0.3116883116883117,76.41111111111111,0.29611009940052385
2019-03-23,65,65,18,0.2769230769230769,76.64444444444445,0.29716682045724485
2019-03-24,52,52,23,0.4423076923076923,76.77777777777777,0.29902579481621927
2019-03-25,90,90,20,0.2222222222222222,77.34444444444445,0.2972214263451841
2019-03-26,65,65,23,0.3538461538461538,77.42222222222222,0.29713006177106094
2019-03-27,64,64,21,0.328125,77.52222222222223,0.29653347086197
2019-03-28,76,76,29,0.3815789473684211,77.41111111111111,0.2987060534813091
2019-03-29,74,74,22,0.2972972972972973,77.77777777777777,0.29740231071415163
2019-03-30,84,84,31,0.369047619047619,78.04444444444445,0.2983546916665326
2019-03-31,69,69,26,0.3768115942028985,78.16666666666667,0.29985949482051116
2019-04-01,80,80,28,0.35,78.46666666666667,0.30018444240960973
2019-04-02,98,98,17,0.173469387755102,78.12222222222222,0.2989249722132624
2019-04-03,60,60,16,0.2666666666666666,77.64444444444445,0.29822018976090714
2019-04-04,72,72,21,0.2916666666666667,77.17777777777778,0.2991217492150982
2019-04-05,62,62,15,0.2419354838709677,77.15555555555555,0.2978168657025534
2019-04-06,53,53,15,0.2830188679245283,76.92222222222222,0.2970576158866998
2019-04-07,48,48,15,0.3125,76.4,0.2977228205650624
2019-04-08,103,103,24,0.233009708737864,76.66666666666667,0.2969362899026561
2019-04-09,92,92,17,0.1847826086956521,76.83333333333333,0.29538192639177085
2019-04-10,84,84,19,0.2261904761904762,76.83333333333333,0.29472055073039516
2019-04-11,65,65,14,0.2153846153846154,76.54444444444445,0.29430541031525476
2019-04-12,65,65,16,0.2461538461538461,76.64444444444445,0.2928737863836308
2019-04-13,59,59,20,0.3389830508474576,76.38888888888889,0.2927107254309874
2019-04-14,54,54,22,0.4074074074074074,75.94444444444444,0.29380957842109334
2019-04-15,89,89,20,0.2247191011235955,75.82222222222222,0.2928620128780222
2019-04-16,74,74,22,0.2972972972972973,75.52222222222223,0.29352505215492286
2019-04-17,81,81,22,0.2716049382716049,75.66666666666667,0.29376510702460734
2019-04-18,64,64,21,0.328125,75.77777777777777,0.2939129979711094
2019-04-19,71,71,23,0.323943661971831,75.97777777777777,0.2926905690580081
2019-04-20,64,64,14,0.21875,76.07777777777778,0.29128274077517985
2019-04-21,54,54,23,0.4259259259259259,75.41111111111111,0.2928963426811794
2019-04-22,84,84,18,0.2142857142857142,75.18888888888888,0.2922858420706788
2019-04-23,85,85,23,0.2705882352941176,75.18888888888888,0.29267799893342394
2019-04-24,77,77,15,0.1948051948051948,75.06666666666666,0.2915596728150978
2019-04-25,61,61,14,0.2295081967213114,74.62222222222222,0.291029455858976
2019-04-26,73,73,13,0.1780821917808219,74.52222222222223,0.2896206130034241
2019-04-27,37,37,7,0.1891891891891892,74.08888888888889,0.2885063408365204
2019-04-28,52,52,17,0.3269230769230769,73.73333333333333,0.28750918983936935
2019-04-29,93,93,31,0.3333333333333333,73.86666666666666,0.2873720156281211
2019-04-30,111,111,21,0.1891891891891892,74.1,0.2865111547672602
2019-05-01,90,90,24,0.2666666666666666,74.43333333333334,0.28595559921170466
2019-05-02,124,124,27,0.2177419354838709,74.96666666666667,0.2853047786118178
2019-05-03,86,86,19,0.2209302325581395,75.27777777777777,0.28450285399273206
2019-05-04,63,63,17,0.2698412698412698,75.34444444444445,0.28418725016835633
2019-05-05,66,66,22,0.3333333333333333,75.16666666666667,0.28477442270674835
2019-05-06,116,116,40,0.3448275862068966,75.56666666666666,0.2843002847757139
2019-05-07,104,104,34,0.3269230769230769,75.56666666666666,0.28440712238255145
2019-05-08,85,85,19,0.2235294117647059,75.44444444444444,0.28353430103178895
2019-05-09,66,66,23,0.3484848484848485,75.02222222222223,0.28548327798076595
2019-05-10,113,113,23,0.2035398230088495,75.62222222222222,0.284919972812691
2019-05-11,63,63,16,0.2539682539682539,75.72222222222223,0.2846554225481407
2019-05-12,79,79,27,0.3417721518987341,75.64444444444445,0.28535211570877267
2019-05-13,107,107,29,0.2710280373831775,75.94444444444444,0.28530798279080793
2019-05-14,114,114,33,0.2894736842105263,76.12222222222222,0.2851229965155961
2019-05-15,104,104,29,0.2788461538461538,76.15555555555555,0.2845909240775831
2019-05-16,105,105,30,0.2857142857142857,76.46666666666667,0.2853124247990838
2019-05-17,89,89,14,0.1573033707865168,76.86666666666666,0.2841252295478648
2019-05-18,54,54,18,0.3333333333333333,76.91111111111111,0.28249559991823514
2019-05-19,58,58,20,0.3448275862068966,76.34444444444445,0.2830650399688521
2019-05-20,87,87,25,0.2873563218390804,76.36666666666666,0.28285919517882874
2019-05-21,77,77,20,0.2597402597402597,76.31111111111112,0.28195116012445226
2019-05-22,79,79,20,0.2531645569620253,76.34444444444445,0.2818401230380654
2019-05-23,88,88,21,0.2386363636363636,76.45555555555555,0.2816426353405777
2019-05-24,71,71,15,0.2112676056338028,76.58888888888889,0.2804118987553412
2019-05-25,60,60,15,0.25,76.61111111111111,0.2791666880273719
2019-05-26,46,46,15,0.3260869565217391,76.12222222222222,0.2795799998899591
2019-05-27,77,77,19,0.2467532467532467,75.96666666666667,0.2787807990907583
2019-05-28,84,84,24,0.2857142857142857,76.04444444444445,0.2790693993793586
2019-05-29,99,99,32,0.3232323232323232,76.36666666666666,0.27980372678035265
2019-05-30,83,83,22,0.2650602409638554,76.47777777777777,0.2790958725323103
2019-05-31,88,88,21,0.2386363636363636,76.75555555555556,0.2783964176661887
2019-06-01,65,65,18,0.2769230769230769,76.77777777777777,0.27741690335334107
2019-06-02,75,75,30,0.4,76.75555555555556,0.27825384419028193
2019-06-03,98,98,22,0.2244897959183673,76.95555555555555,0.27769261970048603
2019-06-04,60,60,19,0.3166666666666666,76.82222222222222,0.27812471846591813
2019-06-05,80,80,29,0.3625,76.86666666666666,0.2787899231442807
2019-06-06,83,83,23,0.2771084337349397,76.95555555555555,0.2797948316672615
2019-06-07,69,69,9,0.1304347826086956,77.1,0.27767267845815174
2019-06-08,26,26,6,0.2307692307692307,76.8,0.2766728397224639
2019-06-09,67,67,22,0.3283582089552239,76.71111111111111,0.2767657087108554
2019-06-10,94,94,28,0.2978723404255319,76.77777777777777,0.2769188357256845
2019-06-11,92,92,21,0.2282608695652173,76.7,0.2773226321439737
2019-06-12,72,72,13,0.1805555555555555,76.65555555555555,0.27698962369693014
2019-06-13,68,68,16,0.2352941176470588,76.46666666666667,0.2782968132394138
2019-06-14,88,88,20,0.2272727272727272,76.93333333333334,0.27888969861490787
2019-06-15,49,49,13,0.2653061224489796,77.0111111111111,0.2776047401870923
2019-06-16,48,48,10,0.2083333333333333,76.55555555555556,0.2767984563751905
2019-06-17,56,56,17,0.3035714285714285,76.28888888888889,0.2766992500259841
2019-06-18,68,68,17,0.25,76.03333333333333,0.27630242462915877
2019-06-19,65,65,24,0.3692307692307692,75.87777777777778,0.27731075525774257
2019-06-20,64,64,23,0.359375,75.73333333333333,0.27784060735009464
2019-06-21,91,91,17,0.1868131868131868,76.02222222222223,0.2768393863488737
2019-06-22,48,48,16,0.3333333333333333,75.97777777777777,0.27562856013804743
2019-06-23,60,60,24,0.4,75.64444444444445,0.27760386878002274
2019-06-24,110,110,31,0.2818181818181818,76.14444444444445,0.27680355797971196
2019-06-25,85,85,21,0.2470588235294117,76.37777777777778,0.2759028226855943
2019-06-26,86,86,23,0.2674418604651162,76.4888888888889,0.2746346328311131
2019-06-27,75,75,19,0.2533333333333333,76.5,0.27414614434262463
2019-06-28,76,76,14,0.1842105263157894,76.41111111111111,0.2720923988678265
2019-06-29,60,60,14,0.2333333333333333,76.31111111111112,0.27049819596927577
2019-06-30,38,38,17,0.4473684210526316,75.84444444444445,0.27158006731430506
2019-07-01,85,85,26,0.3058823529411765,75.7,0.2730513224830392
2019-07-02,77,77,29,0.3766233766233766,75.88888888888889,0.2742730637047804
2019-07-03,97,97,25,0.2577319587628865,76.16666666666667,0.2738960113947384
2019-07-04,64,64,24,0.375,76.18888888888888,0.2753745060183943
2019-07-05,87,87,19,0.2183908045977011,76.56666666666666,0.2746564164258741
2019-07-06,60,60,14,0.2333333333333333,76.7,0.27377678679624445
2019-07-07,60,60,20,0.3333333333333333,76.22222222222223,0.2748914937361941
2019-07-08,95,95,28,0.2947368421052631,76.25555555555556,0.2761132074407453
2019-07-09,69,69,20,0.2898550724637681,76.08888888888889,0.2768205918437819
2019-07-10,66,66,29,0.4393939393939394,76.1,0.27930958433277436
2019-07-11,92,92,28,0.3043478260869565,76.4,0.27995618410980894
2019-07-12,97,97,24,0.2474226804123711,76.82222222222222,0.2789388466605302
2019-07-13,55,55,17,0.3090909090909091,76.83333333333333,0.27784644112368023
2019-07-14,70,70,20,0.2857142857142857,76.62222222222222,0.2785241653969101
2019-07-15,75,75,24,0.32,76.63333333333334,0.27877641764916233
2019-07-16,74,74,25,0.3378378378378378,76.55555555555556,0.27951233875545384
2019-07-17,88,88,23,0.2613636363636363,76.82222222222222,0.27877054582616084
2019-07-18,74,74,20,0.2702702702702703,76.85555555555555,0.2781741748072547
2019-07-19,97,97,13,0.134020618556701,77.22222222222223,0.2772327372356625
2019-07-20,43,43,15,0.3488372093023256,77.1,0.2763761959398447
2019-07-21,55,55,13,0.2363636363636363,76.77777777777777,0.2766215061851549
2019-07-22,88,88,17,0.1931818181818181,76.81111111111112,0.27576143488390714
2019-07-23,76,76,14,0.1842105263157894,76.8,0.27564371634513596
2019-07-24,47,47,16,0.3404255319148936,76.64444444444445,0.2768761311806202
2019-07-25,55,55,13,0.2363636363636363,76.44444444444444,0.2775237027870959
2019-07-26,59,59,11,0.1864406779661017,76.68888888888888,0.2774931637735061
2019-07-27,63,63,12,0.1904761904761904,76.81111111111112,0.2759770872574296
2019-07-28,48,48,22,0.4583333333333333,76.31111111111112,0.27736597614631847
2019-07-29,96,96,16,0.1666666666666666,76.14444444444445,0.2771157258960682
2019-07-30,71,71,25,0.352112676056338,75.93333333333334,0.27806512600039784
2019-07-31,76,76,24,0.3157894736842105,75.4,0.2791545430915128
2019-08-01,84,84,31,0.369047619047619,75.37777777777778,0.2808002918302847
2019-08-02,82,82,18,0.2195121951219512,75.58888888888889,0.280241079888959
2019-08-03,60,60,22,0.3666666666666666,75.52222222222223,0.2806114502593294
2019-08-04,67,67,20,0.2985074626865671,74.97777777777777,0.2800967822202146
2019-08-05,85,85,26,0.3058823529411765,74.76666666666667,0.27986299639819345
2019-08-06,98,98,29,0.2959183673469387,74.91111111111111,0.28066731812688495
2019-08-07,124,124,27,0.2177419354838709,75.55555555555556,0.27921461909354073
2019-08-08,92,92,16,0.1739130434782608,75.32222222222222,0.278885432654312
2019-08-09,54,54,8,0.1481481481481481,75.22222222222223,0.27770965370075523
2019-08-10,49,49,14,0.2857142857142857,74.88888888888889,0.27708678852092805
2019-08-11,34,34,9,0.2647058823529412,74.07777777777778,0.2770165423539254
2019-08-12,66,66,24,0.3636363636363636,73.54444444444445,0.27784057212532365
2019-08-13,75,75,18,0.24,73.22222222222223,0.2774089481936997
2019-08-14,73,73,21,0.2876712328767123,72.86666666666666,0.27743069205105997
2019-08-15,86,86,27,0.313953488372093,72.83333333333333,0.27917124891312195
2019-08-16,100,100,21,0.21,73.34444444444445,0.2778008785427516
2019-08-17,49,49,16,0.3265306122448979,73.24444444444444,0.2775975788320627
2019-08-18,53,53,23,0.4339622641509434,72.86666666666666,0.27922653374663897
2019-08-19,72,72,28,0.3888888888888889,72.81111111111112,0.280661518514957
2019-08-20,78,78,26,0.3333333333333333,72.8,0.2815522826968605
2019-08-21,94,94,26,0.2765957446808511,72.86666666666666,0.28197405359735483
2019-08-22,90,90,33,0.3666666666666666,73.07777777777778,0.2837007098310533
2019-08-23,88,88,15,0.1704545454545454,73.38888888888889,0.2828168714472149
2019-08-24,62,62,17,0.2741935483870967,73.56666666666666,0.2822402780234966
2019-08-25,56,56,19,0.3392857142857143,73.33333333333333,0.28326841655163515
2019-08-26,76,76,18,0.2368421052631578,73.24444444444444,0.2827253923244004
2019-08-27,67,67,24,0.3582089552238806,72.88888888888889,0.28311402156875104
2019-08-28,82,82,28,0.3414634146341463,72.87777777777778,0.2839629457206432
2019-08-29,96,96,29,0.3020833333333333,72.96666666666667,0.2846679120506095
2019-08-30,89,89,13,0.146067415730337,73.23333333333333,0.28321396025957907
2019-08-31,38,38,13,0.3421052631578947,72.82222222222222,0.2825706854057779
2019-09-01,40,40,18,0.45,72.17777777777778,0.28507635434001827
2019-09-02,92,92,32,0.3478260869565217,72.53333333333333,0.2854225701210166
2019-09-03,97,97,24,0.2474226804123711,72.72222222222223,0.28414393323670967
2019-09-04,67,67,25,0.373134328358209,72.54444444444445,0.28521088762141267
2019-09-05,93,93,27,0.2903225806451613,72.81111111111112,0.2869874187107067
2019-09-06,72,72,17,0.2361111111111111,73.32222222222222,0.2870467729367276
2019-09-07,58,58,27,0.4655172413793103,73.22222222222223,0.2885707621858841
2019-09-08,55,55,21,0.3818181818181818,72.78888888888889,0.28950349375691353
2019-09-09,79,79,20,0.2531645569620253,72.64444444444445,0.2897802013946559
2019-09-10,73,73,23,0.3150684931506849,72.65555555555555,0.2912747895901573
2019-09-11,78,78,24,0.3076923076923077,72.76666666666667,0.29207921392399344
2019-09-12,70,70,20,0.2857142857142857,72.56666666666666,0.29272856457334406
2019-09-13,46,46,17,0.3695652173913043,72.53333333333333,0.2938869989615921
2019-09-14,59,59,19,0.3220338983050847,72.65555555555555,0.2951503385723893
2019-09-15,53,53,21,0.3962264150943396,72.62222222222222,0.29617983842264395
2019-09-16,87,87,30,0.3448275862068966,72.83333333333333,0.29723347826938723
2019-09-17,100,100,28,0.28,73.22222222222223,0.2962420252779342
2019-09-18,92,92,26,0.2826086956521739,73.53333333333333,0.29538906634073614
2019-09-19,86,86,29,0.3372093023255814,73.47777777777777,0.29706013429087386
2019-09-20,87,87,21,0.2413793103448276,73.91111111111111,0.2960384229243349
2019-09-21,61,61,27,0.4426229508196721,73.92222222222222,0.2965120112667757
2019-09-22,57,57,28,0.4912280701754385,73.33333333333333,0.2988387878040786
2019-09-23,121,121,38,0.3140495867768595,73.73333333333333,0.2995831296179391
2019-09-24,118,118,43,0.3644067796610169,74.08888888888889,0.30066051760900464
2019-09-25,102,102,33,0.3235294117647059,74.38888888888889,0.3014404740360199
2019-09-26,91,91,23,0.2527472527472527,74.55555555555556,0.30220199321859176
2019-09-27,72,72,11,0.1527777777777778,74.68888888888888,0.30130693149019666
2019-09-28,59,59,25,0.423728813559322,74.92222222222222,0.30104426918471544
2019-09-29,63,63,19,0.3015873015873015,74.67777777777778,0.3009965463918946
2019-09-30,60,60,26,0.4333333333333333,74.4888888888889,0.30162665702200525
2019-10-01,67,67,25,0.373134328358209,74.15555555555555,0.3029089055730644
2019-10-02,56,56,23,0.4107142857142857,74.06666666666666,0.3033057309698898
2019-10-03,79,79,25,0.3164556962025316,73.97777777777777,0.30439534087661013
2019-10-04,82,82,12,0.1463414634146341,74.22222222222223,0.3034287645441801
2019-10-05,39,39,10,0.2564102564102564,73.9888888888889,0.30257406368947926
2019-10-06,48,48,18,0.375,73.46666666666667,0.30346587655497637
2019-10-07,66,66,16,0.2424242424242424,73.43333333333334,0.30293886733231495
2019-10-08,64,64,24,0.375,73.41111111111111,0.30222337911682673
2019-10-09,70,70,17,0.2428571428571428,73.16666666666667,0.30154014930316214
2019-10-10,53,53,15,0.2830188679245283,72.67777777777778,0.3019356624977417
2019-10-11,58,58,13,0.2241379310344827,72.71111111111111,0.3009917405193369
2019-10-12,55,55,20,0.3636363636363636,72.54444444444445,0.3018575413851378
2019-10-13,42,42,19,0.4523809523809524,72.17777777777778,0.3033284408560373
2019-10-14,78,78,23,0.2948717948717949,72.22222222222223,0.30285104037863675
2019-10-15,83,83,23,0.2771084337349397,72.16666666666667,0.3030259825716513
2019-10-16,77,77,28,0.3636363636363636,72.2,0.3040633836090523
2019-10-17,67,67,24,0.3582089552238806,71.86666666666666,0.3065543651275765
2019-10-18,54,54,15,0.2777777777777778,71.9888888888889,0.30576481588841486
2019-10-19,40,40,16,0.4,71.82222222222222,0.3075829977065967
2019-10-20,57,57,27,0.4736842105263157,71.47777777777777,0.31069969095486893
2019-10-21,72,72,23,0.3194444444444444,71.43333333333334,0.3122022900451873
2019-10-22,59,59,19,0.3220338983050847,71.56666666666666,0.31199793856063385
2019-10-23,51,51,17,0.3333333333333333,71.52222222222223,0.31307537963807497
2019-10-24,61,61,20,0.3278688524590163,71.54444444444445,0.3146468037991073
2019-10-25,72,72,12,0.1666666666666666,71.64444444444445,0.31438225353455707
2019-10-26,31,31,7,0.2258064516129032,71.45555555555555,0.31179862151544113
2019-10-27,40,40,17,0.425,70.83333333333333,0.31466899188581154
2019-10-28,76,76,20,0.2631578947368421,70.88888888888889,0.31368060542670606
2019-10-29,58,58,18,0.3103448275862069,70.68888888888888,0.3136201093589504
2019-10-30,65,65,18,0.2769230769230769,70.47777777777777,0.3125965033353444
2019-10-31,70,70,18,0.2571428571428571,70.34444444444445,0.3130146218022434
2019-11-01,77,77,12,0.1558441558441558,70.53333333333333,0.310672149459771
2019-11-02,49,49,9,0.1836734693877551,70.33333333333333,0.3093962162008953
2019-11-03,47,47,15,0.3191489361702128,69.91111111111111,0.30954362268121793
2019-11-04,71,71,25,0.352112676056338,69.61111111111111,0.3101680038891002
2019-11-05,62,62,24,0.3870967741935484,68.92222222222222,0.3120497243192077
2019-11-06,69,69,13,0.1884057971014492,68.66666666666667,0.31221075491502087
2019-11-07,42,42,10,0.238095238095238,68.53333333333333,0.31321016702554416
2019-11-08,41,41,12,0.2926829268292683,68.44444444444444,0.31328759637126613
2019-11-09,38,38,11,0.2894736842105263,68.4888888888889,0.3135627941696838
2019-11-10,48,48,19,0.3958333333333333,68.28888888888889,0.31392053827742783
2019-11-11,80,80,25,0.3125,68.34444444444445,0.31472609383298344
2019-11-12,91,91,22,0.2417582417582417,68.54444444444445,0.31421594948722265
2019-11-13,67,67,20,0.2985074626865671,68.33333333333333,0.3140443269796057
2019-11-14,49,49,22,0.4489795918367347,67.76666666666667,0.31669965577779163
2019-11-15,61,61,10,0.1639344262295081,67.9,0.31489303148873177
2019-11-16,42,42,17,0.4047619047619047,67.77777777777777,0.31456858305107577
2019-11-17,53,53,20,0.3773584905660377,67.56666666666666,0.3144404675141552
2019-11-18,81,81,20,0.2469135802469135,67.6,0.3134802480354172
2019-11-19,57,57,20,0.3508771929824561,67.18888888888888,0.31430559746099057
2019-11-20,74,74,27,0.3648648648648648,67.0111111111111,0.3142855774409705
2019-11-21,67,67,15,0.2238805970149253,66.77777777777777,0.3148792002360859
2019-11-22,72,72,13,0.1805555555555555,66.88888888888889,0.3138387780935132
2019-11-23,43,43,10,0.2325581395348837,66.74444444444444,0.3126529161518373
2019-11-24,44,44,19,0.4318181818181818,66.38888888888889,0.3148193170024487
2019-11-25,58,58,18,0.3103448275862069,66.28888888888889,0.3142874933620301
2019-11-26,79,79,26,0.3291139240506329,66.25555555555556,0.3141502767999911
2019-11-27,80,80,26,0.325,66.07777777777778,0.3144049064296207
2019-11-28,64,64,16,0.25,65.8,0.31555971292150586
2019-11-29,61,61,11,0.180327868852459,66.05555555555556,0.3137621863181121
2019-11-30,35,35,15,0.4285714285714285,66.0,0.31352409108001683
2019-12-01,41,41,12,0.2926829268292683,65.43333333333334,0.3129113893008252
2019-12-02,81,81,23,0.2839506172839506,65.25555555555556,0.3133172552660649
2019-12-03,77,77,22,0.2857142857142857,65.36666666666666,0.3123459214589102
2019-12-04,69,69,20,0.2898550724637681,65.1,0.31234072692356146
2019-12-05,50,50,18,0.36,64.85555555555555,0.313717270133438
2019-12-06,57,57,14,0.2456140350877192,64.84444444444445,0.31127390117464254
2019-12-07,67,67,15,0.2238805970149253,64.97777777777777,0.309519039121273
2019-12-08,47,47,15,0.3191489361702128,64.62222222222222,0.31025219889025285
2019-12-09,91,91,26,0.2857142857142857,64.82222222222222,0.30992604102984844
2019-12-10,83,83,18,0.216867469879518,64.87777777777778,0.3089168761652618
2019-12-11,76,76,26,0.3421052631578947,64.94444444444444,0.30954344258130195
2019-12-12,75,75,24,0.32,65.26666666666667,0.30899271794362076
2019-12-13,69,69,16,0.2318840579710145,65.37777777777778,0.30799105305102004
2019-12-14,51,51,19,0.3725490196078431,65.35555555555555,0.3077279708789479
2019-12-15,60,60,25,0.4166666666666667,65.05555555555556,0.30852618288405637
2019-12-16,78,78,21,0.2692307692307692,64.81111111111112,0.3084065247643983
2019-12-17,57,57,17,0.2982456140350877,64.42222222222222,0.30858026830198626
2019-12-18,69,69,26,0.3768115942028985,64.23333333333333,0.30902029376728973
2019-12-19,91,91,26,0.2857142857142857,64.27777777777777,0.3095129046047282
2019-12-20,67,67,19,0.2835820895522388,64.34444444444445,0.3077457839239789
2019-12-21,53,53,22,0.4150943396226415,64.3,0.3068998535845034
2019-12-22,62,62,26,0.4193548387096774,63.644444444444446,0.3080699119393125
2019-12-23,64,64,17,0.265625,63.044444444444444,0.3069723366097456
2019-12-24,43,43,19,0.4418604651162791,62.388888888888886,0.3082871260914297
2019-12-25,48,48,21,0.4375,61.91111111111111,0.31033993439423807
2019-12-26,60,60,17,0.2833333333333333,61.77777777777778,0.3117905516781887
2019-12-27,53,53,13,0.2452830188679245,61.71111111111111,0.30980782062606205
2019-12-28,49,49,16,0.3265306122448979,61.55555555555556,0.31008496852225753
2019-12-29,48,48,19,0.3958333333333333,61.422222222222224,0.30966830185559086
2019-12-30,61,61,14,0.2295081967213114,61.355555555555554,0.30807245594851423
2019-12-31,51,51,11,0.2156862745098039,61.3,0.3059054780462422
2020-01-01,34,34,14,0.4117647058823529,60.8,0.30696446704268465
2020-01-02,53,53,14,0.2641509433962264,60.477777777777774,0.30827346126470234
2020-01-03,54,54,13,0.2407407407407407,60.644444444444446,0.30809935553504114
2020-01-04,47,47,12,0.2553191489361702,60.63333333333333,0.30676956830099855
2020-01-05,50,50,18,0.36,60.455555555555556,0.30807596560739586
2020-01-06,71,71,15,0.2112676056338028,60.53333333333333,0.3062567167811048
2020-01-07,46,46,17,0.3695652173913043,60.266666666666666,0.3076645842759288
2020-01-08,86,86,28,0.3255813953488372,60.63333333333333,0.30813750124731
2020-01-09,84,84,27,0.3214285714285714,60.922222222222224,0.30921850836279985
2020-01-10,95,95,19,0.2,61.36666666666667,0.307400326544618
2020-01-11,59,59,19,0.3220338983050847,61.55555555555556,0.305952025943775
2020-01-12,69,69,22,0.3188405797101449,61.455555555555556,0.3062183457753123
2020-01-13,77,77,19,0.2467532467532467,61.388888888888886,0.3058810659199601
2020-01-14,97,97,22,0.2268041237113402,61.611111111111114,0.30436070769857104
2020-01-15,82,82,22,0.2682926829268293,61.77777777777778,0.30336163800638155
2020-01-16,85,85,25,0.2941176470588235,62.12222222222222,0.3035431921095043
2020-01-17,73,73,15,0.2054794520547945,62.48888888888889,0.30138185268789086
2020-01-18,59,59,19,0.3220338983050847,62.51111111111111,0.2996968492187661
2020-01-19,56,56,22,0.3928571428571428,62.333333333333336,0.3005125458677961
2020-01-20,74,74,24,0.3243243243243243,62.5,0.3005379950457876
2020-01-21,98,98,28,0.2857142857142857,63.022222222222226,0.30000889451668705
2020-01-22,86,86,23,0.2674418604651162,63.3,0.29933748349453265
2020-01-23,73,73,23,0.3150684931506849,63.31111111111111,0.3009863926776884
2020-01-24,75,75,21,0.28,63.8,0.30158854321532286
2020-01-25,73,73,23,0.3150684931506849,64.16666666666667,0.3003670820281082
2020-01-26,67,67,24,0.3582089552238806,64.06666666666666,0.30142320492240865
2020-01-27,88,88,23,0.2613636363636363,64.4,0.3008789694643801
2020-01-28,82,82,28,0.3414634146341463,64.58888888888889,0.3015960843278364
2020-01-29,95,95,31,0.3263157894736842,64.86666666666666,0.30236467246484555
2020-01-30,92,92,20,0.217391304347826,65.03333333333333,0.30304852967044194
2020-01-31,81,81,13,0.1604938271604938,65.38888888888889,0.30279097809013905
2020-02-01,53,53,12,0.2264150943396226,65.45555555555555,0.30176060206979916
2020-02-02,51,51,23,0.4509803921568627,65.23333333333333,0.3028591322486939
2020-02-03,95,95,23,0.2421052631578947,65.6,0.30124811545940877
2020-02-04,75,75,15,0.2,65.66666666666667,0.30137693993605935
2020-02-05,75,75,20,0.2666666666666666,66.03333333333333,0.3016944002535197
2020-02-06,75,75,20,0.2666666666666666,66.41111111111111,0.30140533069615744
2020-02-07,79,79,15,0.189873417721519,66.86666666666666,0.3002986610685018
2020-02-08,55,55,16,0.2909090909090909,66.94444444444444,0.29913283615267694
2020-02-09,59,59,18,0.3050847457627119,66.71111111111111,0.29905044443892925
2020-02-10,77,77,22,0.2857142857142857,66.55555555555556,0.29953884492732974
2020-02-11,81,81,21,0.2592592592592592,66.71111111111111,0.29910275377813744
2020-02-12,74,74,21,0.2837837837837837,66.9888888888889,0.2972672447997713
2020-02-13,62,62,12,0.1935483870967742,67.0,0.2975962888094076
2020-02-14,74,74,17,0.2297297297297297,67.35555555555555,0.29565148686460563
2020-02-15,52,52,17,0.3269230769230769,67.34444444444445,0.2950910933796838
2020-02-16,53,53,23,0.4339622641509434,67.03333333333333,0.2971694120897287
2020-02-17,96,96,31,0.3229166666666667,67.46666666666667,0.2968587395751087
2020-02-18,91,91,26,0.2857142857142857,67.65555555555555,0.29597928869565787
2020-02-19,82,82,22,0.2682926829268293,67.82222222222222,0.29647275631690123
2020-02-20,78,78,21,0.2692307692307692,67.88888888888889,0.2974580364688481
2020-02-21,65,65,13,0.2,68.13333333333334,0.29709627936290495
2020-02-22,38,38,12,0.3157894736842105,68.06666666666666,0.29580707149474966
2020-02-23,35,35,13,0.3714285714285714,67.81111111111112,0.29648577975966484
2020-02-24,56,56,18,0.3214285714285714,67.55555555555556,0.29640038695275306
2020-02-25,61,61,25,0.4098360655737705,67.34444444444445,0.2973430099035727
2020-02-26,72,72,19,0.2638888888888889,67.43333333333334,0.29749733089122704
2020-02-27,57,57,14,0.2456140350877192,67.38888888888889,0.2982227327382855
2020-02-28,57,57,16,0.2807017543859649,67.63333333333334,0.296579736358447
2020-02-29,53,53,15,0.2830188679245283,67.76666666666667,0.2964723579261721
2020-03-01,45,45,14,0.3111111111111111,67.36666666666666,0.29677414119091833
2020-03-02,89,89,23,0.2584269662921348,67.5,0.2964709487528945
2020-03-03,75,75,17,0.2266666666666666,67.56666666666666,0.29576885535514885
2020-03-04,63,63,19,0.3015873015873015,67.71111111111111,0.2951198253727855
2020-03-05,64,64,21,0.328125,67.78888888888889,0.2960366138718109
2020-03-06,59,59,11,0.1864406779661017,67.7,0.2956206147712684
2020-03-07,39,39,7,0.1794871794871795,67.61111111111111,0.2940688174747903
2020-03-08,23,23,4,0.1739130434782608,66.85555555555555,0.29282658144994556
2020-03-09,48,48,18,0.375,66.46666666666667,0.2945836095623954
2020-03-10,72,72,24,0.3333333333333333,66.42222222222222,0.2944861436754558
2020-03-11,100,100,27,0.27,66.7,0.29393058811990025
2020-03-12,77,77,18,0.2337662337662337,66.78888888888889,0.29395150118429153
2020-03-13,57,57,10,0.175438596491228,66.85555555555555,0.29176138537188473
2020-03-14,32,32,11,0.34375,66.54444444444445,0.29095120018669957
2020-03-15,34,34,10,0.2941176470588235,66.05555555555556,0.29122772105145567
2020-03-16,52,52,18,0.3461538461538461,66.0,0.2917600347416641
2020-03-17,51,51,13,0.2549019607843137,65.8,0.2904054832592354
2020-03-18,51,51,14,0.2745098039215686,65.35555555555555,0.2902809890170941
2020-03-19,35,35,16,0.4571428571428571,65.0,0.2922094419903232
2020-03-20,50,50,13,0.26,64.96666666666667,0.29048617155007156
2020-03-21,40,40,13,0.325,64.72222222222223,0.28943778445329743
2020-03-22,39,39,15,0.3846153846153846,64.44444444444444,0.2907598998379128
2020-03-23,51,51,15,0.2941176470588235,64.53333333333333,0.28911831297060775
2020-03-24,46,46,9,0.1956521739130435,64.5111111111111,0.2864311149029749
2020-03-25,36,36,13,0.3611111111111111,64.24444444444444,0.28729531243383905
2020-03-26,36,36,13,0.3611111111111111,64.05555555555556,0.28858229123654117
2020-03-27,39,39,10,0.2564102564102564,63.94444444444444,0.2878031761717118
2020-03-28,31,31,15,0.4838709677419355,63.75555555555555,0.2887813721095852
2020-03-29,52,52,14,0.2692307692307692,63.65555555555556,0.2892227340263569
2020-03-30,65,65,15,0.2307692307692307,63.81111111111111,0.28939032242923945
2020-03-31,43,43,16,0.3720930232558139,63.91111111111111,0.2889495259556112
2020-04-01,50,50,10,0.2,63.87777777777778,0.28823673769565317
2020-04-02,20,20,4,0.2,63.5,0.2877840627985338
2020-04-03,34,34,7,0.2058823529411764,63.355555555555554,0.28723476506525614
2020-04-04,25,25,8,0.32,63.077777777777776,0.2867903206208116
2020-04-05,26,26,10,0.3846153846153846,62.577777777777776,0.28871640705394036
2020-04-06,28,28,4,0.1428571428571428,62.37777777777778,0.2861974284480052
2020-04-07,16,16,3,0.1875,61.6,0.28466319072190704
2020-04-08,39,39,10,0.2564102564102564,61.1,0.2839407649994813
2020-04-09,41,41,11,0.2682926829268293,60.5,0.2846995725875572
2020-04-10,30,30,10,0.3333333333333333,60.17777777777778,0.28482512186564884
2020-04-11,34,34,10,0.2941176470588235,59.78888888888889,0.2845504226139675
2020-04-12,29,29,9,0.3103448275862069,59.25555555555555,0.2852569957343337
2020-04-13,36,36,11,0.3055555555555556,58.577777777777776,0.2861320116437139
2020-04-14,31,31,7,0.2258064516129032,58.01111111111111,0.2856599424068925
2020-04-15,19,19,3,0.1578947368421052,57.27777777777778,0.2841463545155956
2020-04-16,20,20,5,0.25,56.68888888888889,0.28464102727054236
2020-04-17,21,21,3,0.1428571428571428,56.266666666666666,0.2826501744322319
2020-04-18,16,16,2,0.125,55.82222222222222,0.2796739839560414
2020-04-19,24,24,5,0.2083333333333333,55.266666666666666,0.27838519516725263
2020-04-20,51,51,17,0.3333333333333333,54.74444444444445,0.2789142956963532
2020-04-21,44,44,16,0.3636363636363636,54.27777777777778,0.279983123509367
2020-04-22,36,36,12,0.3333333333333333,53.86666666666667,0.28018606617806313
2020-04-23,40,40,13,0.325,53.477777777777774,0.2806860661780631
2020-04-24,31,31,9,0.2903225806451613,53.01111111111111,0.28041111159466836
2020-04-25,25,25,8,0.32,52.544444444444444,0.2799865676477364
2020-04-26,31,31,13,0.4193548387096774,51.91111111111111,0.28174202545158133
2020-04-27,33,33,11,0.3333333333333333,51.36666666666667,0.2816516912149056
2020-04-28,66,66,17,0.2575757575757575,51.044444444444444,0.28088791308270644
2020-04-29,47,47,10,0.2127659574468085,50.544444444444444,0.28083652033936174
2020-04-30,29,29,9,0.3103448275862069,49.96666666666667,0.282501531455203
2020-05-01,32,32,5,0.15625,49.733333333333334,0.28172191929587387
2020-05-02,24,24,9,0.375,49.43333333333333,0.28087769271635316
2020-05-03,33,33,11,0.3333333333333333,48.74444444444445,0.28189133794052473
2020-05-04,37,37,11,0.2972972972972973,48.32222222222222,0.2829724190216058
2020-05-05,38,38,7,0.1842105263157894,47.91111111111111,0.2820562396843738
2020-05-06,20,20,4,0.2,47.3,0.2813154989436331
2020-05-07,21,21,6,0.2857142857142857,46.65555555555556,0.28238039747688604
2020-05-08,17,17,8,0.4705882352941176,46.233333333333334,0.2843768324144974
2020-05-09,18,18,4,0.2222222222222222,45.77777777777778,0.28345613770849204
2020-05-10,12,12,7,0.5833333333333334,45.05555555555556,0.2867630160153703
2020-05-11,41,41,10,0.2439024390243902,44.611111111111114,0.2865923846794273
2020-05-12,28,28,10,0.3571428571428571,44.1,0.28740748549452816
2020-05-13,31,31,11,0.3548387096774194,43.75555555555555,0.2891996001898687
2020-05-14,44,44,5,0.1136363636363636,43.422222222222224,0.2879096738999424
2020-05-15,21,21,3,0.1428571428571428,43.077777777777776,0.28586449685476534
2020-05-16,22,22,3,0.1363636363636363,42.733333333333334,0.28255784543490636
2020-05-17,12,12,4,0.3333333333333333,41.8,0.28267358617564714
2020-05-18,32,32,10,0.3125,41.144444444444446,0.28297120522326613
2020-05-19,34,34,11,0.3235294117647059,40.611111111111114,0.2835849466547981
2020-05-20,36,36,10,0.2777777777777778,40.144444444444446,0.28367991341643156
2020-05-21,30,30,3,0.1,39.75555555555555,0.28256880230532044
2020-05-22,15,15,6,0.4,39.5,0.2835044748199403
2020-05-23,14,14,3,0.2142857142857142,39.266666666666666,0.28175844307390857
2020-05-24,8,8,3,0.375,38.733333333333334,0.28235368116914666
2020-05-25,23,23,7,0.3043478260869565,38.31111111111111,0.2811815896192932
2020-05-26,41,41,5,0.1219512195121951,37.96666666666667,0.27960450440399653
2020-05-27,26,26,8,0.3076923076923077,37.62222222222222,0.28029426298849197
2020-05-28,36,36,10,0.2777777777777778,37.388888888888886,0.28026177435951216
2020-05-29,23,23,9,0.391304347826087,37.05555555555556,0.28146494635841834
2020-05-30,20,20,3,0.15,36.77777777777778,0.2796748229016282
2020-05-31,14,14,4,0.2857142857142857,35.94444444444444,0.2799780153396521
2020-06-01,24,24,9,0.375,35.37777777777778,0.2816261634878003
2020-06-02,22,22,3,0.1363636363636363,34.922222222222224,0.27979034498531513
2020-06-03,19,19,5,0.2631578947368421,34.422222222222224,0.2790684882601689
2020-06-04,27,27,7,0.2592592592592592,34.06666666666667,0.2798775836078707
2020-06-05,25,25,9,0.36,33.91111111111111,0.2818832816135686
2020-06-06,29,29,5,0.1724137931034483,33.977777777777774,0.28186662327607076
2020-06-07,31,31,13,0.4193548387096774,33.78888888888889,0.2823594548172894
2020-06-08,70,70,18,0.2571428571428571,33.766666666666666,0.2815128939707285
2020-06-09,49,49,14,0.2857142857142857,33.2,0.2816874971453317
2020-06-10,44,44,5,0.1136363636363636,32.833333333333336,0.2803527208105554
2020-06-11,20,20,7,0.35,32.422222222222224,0.2822922919606528
2020-06-12,38,38,8,0.2105263157894736,32.48888888888889,0.28081202880275813
2020-06-13,17,17,3,0.1764705882352941,32.3,0.2795048392602745
2020-06-14,19,19,6,0.3157894736842105,31.933333333333334,0.27916745734394516
2020-06-15,46,46,13,0.2826086956521739,31.877777777777776,0.27947530995358805
2020-06-16,32,32,6,0.1875,31.666666666666668,0.27850853435445955
2020-06-17,23,23,3,0.1304347826086956,31.533333333333335,0.2748784446374133
2020-06-18,15,15,4,0.2666666666666666,31.144444444444446,0.27495251871148735
2020-06-19,22,22,9,0.4090909090909091,30.944444444444443,0.27588686214583075
2020-06-20,34,34,11,0.3235294117647059,30.88888888888889,0.2752081291141566
2020-06-21,32,32,13,0.40625,30.677777777777777,0.27645404414683633
2020-06-22,36,36,15,0.4166666666666667,30.566666666666666,0.2789097607329877
2020-06-23,37,37,8,0.2162162162162162,30.57777777777778,0.2772998174563778
2020-06-24,23,23,10,0.4347826086956521,30.433333333333334,0.2781183896517615
2020-06-25,28,28,6,0.2142857142857142,30.31111111111111,0.27765033918371107
2020-06-26,39,39,7,0.1794871794871795,30.4,0.2742682970919915
2020-06-27,20,20,5,0.25,30.044444444444444,0.27405462187831636
2020-06-28,28,28,8,0.2857142857142857,29.633333333333333,0.2746651224888169
2020-06-29,40,40,9,0.225,29.6,0.2730307555637524
2020-06-30,31,31,15,0.4838709677419355,29.38888888888889,0.27618487742755166
2020-07-01,50,50,12,0.24,29.72222222222222,0.27662932187199607
2020-07-02,31,31,11,0.3548387096774194,29.68888888888889,0.2782843925023988
2020-07-03,37,37,16,0.4324324324324324,29.822222222222223,0.279533641751648
2020-07-04,39,39,10,0.2564102564102564,29.966666666666665,0.27810914032714656
2020-07-05,36,36,9,0.25,30.055555555555557,0.27929961651762275
2020-07-06,46,46,12,0.2608695652173913,30.38888888888889,0.2801148339089271
2020-07-07,43,43,13,0.3023255813953488,30.433333333333334,0.2806250041865393
2020-07-08,42,42,12,0.2857142857142857,30.444444444444443,0.28081857755084433
2020-07-09,53,53,17,0.320754716981132,30.7,0.280678815146931
2020-07-10,45,45,8,0.1777777777777777,30.822222222222223,0.2793861499326971
2020-07-11,29,29,8,0.2758620689655172,30.822222222222223,0.27900300817024504
2020-07-12,24,24,9,0.375,30.68888888888889,0.27977461310851665
2020-07-13,34,34,8,0.2352941176470588,30.72222222222222,0.2798800316200073
2020-07-14,36,36,5,0.1388888888888889,30.91111111111111,0.27966885553163817
2020-07-15,33,33,13,0.3939393939393939,31.055555555555557,0.2812681821309648
2020-07-16,37,37,9,0.2432432432432432,31.233333333333334,0.2823835832463659
2020-07-17,29,29,6,0.2068965517241379,31.377777777777776,0.28329354493218967
2020-07-18,28,28,4,0.1428571428571428,31.42222222222222,0.2825660317046764
2020-07-19,29,29,12,0.4137931034482758,31.177777777777777,0.283460029150398
2020-07-20,43,43,11,0.2558139534883721,31.166666666666668,0.2822620023709759
2020-07-21,31,31,11,0.3548387096774194,31.11111111111111,0.2825009509970213
2020-07-22,42,42,16,0.3809523809523809,31.133333333333333,0.2831226441187144
2020-07-23,43,43,13,0.3023255813953488,31.266666666666666,0.2832560107937165
2020-07-24,36,36,10,0.2777777777777778,31.38888888888889,0.2827868749912474
2020-07-25,32,32,11,0.34375,31.4,0.2819468212278065
2020-07-26,27,27,8,0.2962962962962963,31.333333333333332,0.2815352985940617
2020-07-27,40,40,10,0.25,31.044444444444444,0.28145112350988655
2020-07-28,29,29,6,0.2068965517241379,30.844444444444445,0.2813859078907458
2020-07-29,23,23,9,0.391304347826087,30.77777777777778,0.2822854581156333
2020-07-30,36,36,9,0.25,30.822222222222223,0.2833271247823
2020-07-31,35,35,2,0.0571428571428571,30.944444444444443,0.279795378750554
2020-08-01,17,17,5,0.2941176470588235,30.766666666666666,0.2793596489030594
2020-08-02,21,21,7,0.3333333333333333,30.58888888888889,0.2797600493034598
2020-08-03,47,47,15,0.3191489361702128,30.68888888888889,0.28125936496850895
2020-08-04,43,43,14,0.3255813953488372,30.944444444444443,0.28265471380571827
2020-08-05,36,36,8,0.2222222222222222,31.11111111111111,0.28194924643358427
2020-08-06,36,36,3,0.0833333333333333,31.322222222222223,0.27764641418957553
2020-08-07,12,12,5,0.4166666666666667,31.255555555555556,0.279806908016736
2020-08-08,25,25,6,0.24,31.4,0.2759920932019212
2020-08-09,22,22,9,0.4090909090909091,31.18888888888889,0.27782752064710475
2020-08-10,31,31,10,0.3225806451612903,31.22222222222222,0.2774434960695318
2020-08-11,26,26,10,0.3846153846153846,31.166666666666668,0.27777434801328693
2020-08-12,23,23,6,0.2608695652173913,30.933333333333334,0.27941027247529837
2020-08-13,26,26,9,0.3461538461538461,30.988888888888887,0.2816691247341506
2020-08-14,36,36,5,0.1388888888888889,31.144444444444446,0.2816971830955423
2020-08-15,28,28,13,0.4642857142857143,31.322222222222223,0.2831522095505688
2020-08-16,36,36,14,0.3888888888888889,31.366666666666667,0.2840009749826675
2020-08-17,44,44,16,0.3636363636363636,31.477777777777778,0.28444660778124153
2020-08-18,36,36,11,0.3055555555555556,31.477777777777778,0.28475524975655014
2020-08-19,35,35,15,0.4285714285714285,31.533333333333335,0.28840604340734377
2020-08-20,39,39,12,0.3076923076923077,31.8,0.2873804023817028
2020-08-21,40,40,7,0.175,32.08888888888889,0.28694389444519486
2020-08-22,27,27,4,0.1481481481481481,32.3,0.2844233183135076
2020-08-23,17,17,9,0.5294117647058824,32.233333333333334,0.28692402874260675
2020-08-24,56,56,11,0.1964285714285714,32.4,0.2877515548750109
2020-08-25,36,36,11,0.3055555555555556,32.51111111111111,0.2877278131846026
2020-08-26,40,40,11,0.275,32.55555555555556,0.2876969489870717
2020-08-27,39,39,14,0.358974358974359,32.733333333333334,0.2873377268887192
2020-08-28,26,26,7,0.2692307692307692,32.8,0.28866251321350556
2020-08-29,28,28,12,0.4285714285714285,32.955555555555556,0.29024981480080714
2020-08-30,31,31,10,0.3225806451612903,33.03333333333333,0.28966737752482147
2020-08-31,46,46,14,0.3043478260869565,33.3,0.29153386852174723
2020-09-01,40,40,14,0.35,33.53333333333333,0.29249878080244895
2020-09-02,38,38,12,0.3157894736842105,33.65555555555556,0.29312689429605954
2020-09-03,42,42,10,0.238095238095238,33.84444444444444,0.2917723969415622
2020-09-04,27,27,6,0.2222222222222222,33.82222222222222,0.2923258239317708
2020-09-05,30,30,7,0.2333333333333333,33.81111111111111,0.2902589183164781
2020-09-06,20,20,8,0.4,33.25555555555555,0.2918462199037797
2020-09-07,25,25,3,0.12,32.98888888888889,0.2900049500625098
2020-09-08,21,21,3,0.1428571428571428,32.733333333333334,0.29032962538718515
2020-09-09,15,15,5,0.3333333333333333,32.67777777777778,0.290144440202
2020-09-10,27,27,8,0.2962962962962963,32.55555555555556,0.2910974399854091
2020-09-11,19,19,2,0.1052631578947368,32.577777777777776,0.2903062463149585
2020-09-12,17,17,6,0.3529411764705882,32.55555555555556,0.2907190430125849
2020-09-13,14,14,5,0.3571428571428571,32.2,0.2915472003624814
2020-09-14,11,11,3,0.2727272727272727,31.966666666666665,0.29249417005945105
2020-09-15,25,25,9,0.36,31.988888888888887,0.29504489469713224
2020-09-16,36,36,15,0.4166666666666667,32.22222222222222,0.2967115613637989
2020-09-17,39,39,9,0.2307692307692307,32.41111111111111,0.29473020938244693
2020-09-18,22,22,7,0.3181818181818182,32.27777777777778,0.2946707916759704
2020-09-19,21,21,8,0.3809523809523809,32.15555555555556,0.2943897070198857
2020-09-20,23,23,6,0.2608695652173913,32.01111111111111,0.2926586281148938
2020-09-21,19,19,7,0.3684210526315789,31.81111111111111,0.29434979296395336
2020-09-22,32,32,12,0.375,31.91111111111111,0.2936855417562239
2020-09-23,40,40,13,0.325,32.044444444444444,0.2949157004863826
2020-09-24,36,36,11,0.3055555555555556,32.01111111111111,0.2963164602204757
2020-09-25,33,33,8,0.2424242424242424,32.15555555555556,0.2962322851363006
2020-09-26,20,20,9,0.45,32.06666666666667,0.29805768196169746
2020-09-27,16,16,7,0.4375,31.8,0.30041879307280855
2020-09-28,23,23,6,0.2608695652173913,31.711111111111112,0.2979409997114247
2020-09-29,31,31,12,0.3870967741935484,31.5,0.29957540831357526
2020-09-30,50,50,14,0.28,31.711111111111112,0.2987438670949373
2020-10-01,50,50,18,0.36,31.855555555555554,0.29793906229013245
2020-10-02,45,45,8,0.1777777777777777,31.92222222222222,0.2970653680831049
2020-10-03,22,22,3,0.1363636363636363,31.766666666666666,0.29580274182047867
2020-10-04,16,16,4,0.25,31.433333333333334,0.29568196887361875
2020-10-05,24,24,5,0.2083333333333333,31.22222222222222,0.2946376105618186
2020-10-06,29,29,8,0.2758620689655172,31.07777777777778,0.29452814148683226
2020-10-07,39,39,11,0.282051282051282,30.92222222222222,0.29409810332094505
2020-10-08,47,47,11,0.2340425531914893,30.944444444444443,0.2947232674922085
2020-10-09,32,32,5,0.15625,30.977777777777778,0.2933942445037028
2020-10-10,15,15,5,0.3333333333333333,30.877777777777776,0.2929312815407398
2020-10-11,31,31,8,0.2580645161290322,30.844444444444445,0.29318428596831725
2020-10-12,27,27,8,0.2962962962962963,30.744444444444444,0.2949332571617329
2020-10-13,39,39,9,0.2307692307692307,30.81111111111111,0.2931202553487311
2020-10-14,30,30,6,0.2,30.733333333333334,0.2926397748682506
2020-10-15,28,28,5,0.1785714285714285,30.72222222222222,0.29232505127766495
2020-10-16,34,34,4,0.1176470588235294,30.788888888888888,0.292044939232847
2020-10-17,14,14,5,0.3571428571428571,30.622222222222224,0.2914154920516757
2020-10-18,23,23,7,0.3043478260869565,30.4,0.2919547573027711
2020-10-19,35,35,6,0.1714285714285714,30.444444444444443,0.2899168668777839
2020-10-20,22,22,6,0.2727272727272727,30.22222222222222,0.2887143656752827
2020-10-21,27,27,9,0.3333333333333333,30.044444444444444,0.2890588962523714
2020-10-22,24,24,7,0.2916666666666667,29.91111111111111,0.28921321724002574
2020-10-23,22,22,7,0.3181818181818182,29.8,0.2889291263309348
2020-10-24,26,26,6,0.2307692307692307,29.788888888888888,0.28820104782507855
2020-10-25,21,21,6,0.2857142857142857,29.57777777777778,0.28859787322190394
2020-10-26,29,29,13,0.4482758620689655,29.57777777777778,0.29127986555906865
2020-10-27,39,39,5,0.1282051282051282,29.755555555555556,0.2883565408966136
2020-10-28,28,28,4,0.1428571428571428,29.666666666666668,0.28716606470613737
2020-10-29,18,18,5,0.2777777777777778,29.477777777777778,0.2896175638243032
2020-10-30,27,27,5,0.1851851851851851,29.58888888888889,0.2884072031368183
2020-10-31,15,15,6,0.4,29.522222222222222,0.2891479438775591
2020-11-01,19,19,1,0.0526315789473684,29.211111111111112,0.2861866399084163
2020-11-02,10,10,2,0.2,28.844444444444445,0.28479129107120704
2020-11-03,22,22,7,0.3181818181818182,28.68888888888889,0.28585750880409144
2020-11-04,25,25,7,0.28,28.566666666666666,0.2880426939892766
2020-11-05,23,23,3,0.1304347826086956,28.68888888888889,0.28486233972196584
2020-11-06,22,22,2,0.0909090909090909,28.655555555555555,0.2832057740654002
2020-11-07,15,15,2,0.1333333333333333,28.57777777777778,0.2801418010014271
2020-11-08,19,19,3,0.1578947368421052,28.444444444444443,0.27831195757565835
2020-11-09,14,14,5,0.3571428571428571,28.31111111111111,0.2780067072704081
2020-11-10,12,12,3,0.25,28.18888888888889,0.2778859343235482
2020-11-11,17,17,2,0.1176470588235294,28.08888888888889,0.275346970019878
2020-11-12,16,16,0,0.0,27.866666666666667,0.2738037601433348
2020-11-13,15,15,3,0.2,27.72222222222222,0.27086725220682684
2020-11-14,10,10,4,0.4,27.433333333333334,0.2709907089969503
2020-11-15,19,19,6,0.3157894736842105,27.155555555555555,0.27045907688637083
2020-11-16,27,27,10,0.3703703703703703,27.055555555555557,0.27117924149542433
2020-11-17,44,44,8,0.1818181818181818,27.155555555555555,0.2684375387537216
2020-11-18,23,23,3,0.1304347826086956,26.977777777777778,0.266468010697237
2020-11-19,19,19,5,0.2631578947368421,26.744444444444444,0.26744754286097966
2020-11-20,15,15,4,0.2666666666666666,26.61111111111111,0.2687644152889633
2020-11-21,10,10,4,0.4,26.533333333333335,0.2673265067922312
2020-11-22,21,21,2,0.0952380952380952,26.144444444444446,0.2662021681678926
2020-11-23,12,12,4,0.3333333333333333,25.877777777777776,0.26651081014320127
2020-11-24,30,30,5,0.1666666666666666,25.766666666666666,0.2653071064394975
2020-11-25,22,22,3,0.1363636363636363,25.57777777777778,0.262833653966045
2020-11-26,21,21,8,0.3809523809523809,25.522222222222222,0.26407500520739624
2020-11-27,27,27,8,0.2962962962962963,25.511111111111113,0.2626052815154504
2020-11-28,31,31,6,0.1935483870967742,25.511111111111113,0.261171589759178
2020-11-29,24,24,6,0.25,25.266666666666666,0.26056772502487846
2020-11-30,30,30,4,0.1333333333333333,25.155555555555555,0.25816031761747105
2020-12-01,21,21,7,0.3333333333333333,24.966666666666665,0.2583552493913502
2020-12-02,26,26,6,0.2307692307692307,24.788888888888888,0.25827384930995007
2020-12-03,18,18,3,0.1666666666666666,24.68888888888889,0.25765656535933285
2020-12-04,31,31,5,0.1612903225806451,24.7,0.2568560874620807
2020-12-05,20,20,6,0.3,24.7,0.2557449763509696
2020-12-06,13,13,7,0.5384615384615384,24.566666666666666,0.26039454900054226
2020-12-07,48,48,18,0.375,24.866666666666667,0.2629739140799074
2020-12-08,44,44,5,0.1136363636363636,25.18888888888889,0.2605328366388299
2020-12-09,20,20,5,0.25,25.11111111111111,0.26001843334664887
2020-12-10,20,20,6,0.3,25.122222222222224,0.2621821760367073
2020-12-11,19,19,8,0.4210526315789473,25.144444444444446,0.2629389699823558
2020-12-12,29,29,7,0.2413793103448276,25.31111111111111,0.2616527083512666
2020-12-13,22,22,5,0.2272727272727272,25.433333333333334,0.261147657846216
2020-12-14,30,30,3,0.1,25.488888888888887,0.25825876895732713
2020-12-15,31,31,9,0.2903225806451613,25.433333333333334,0.25685494577931045
2020-12-16,32,32,5,0.15625,25.355555555555554,0.256026954326319
2020-12-17,29,29,5,0.1724137931034483,25.433333333333334,0.254407309603226
2020-12-18,24,24,3,0.125,25.466666666666665,0.2515633942593106
2020-12-19,20,20,8,0.4,25.433333333333334,0.25310928797911736
2020-12-20,21,21,9,0.4285714285714285,25.455555555555556,0.2537776254895601
2020-12-21,41,41,5,0.1219512195121951,25.555555555555557,0.25096597237302903
2020-12-22,32,32,11,0.34375,25.466666666666665,0.25117430570636234
2020-12-23,42,42,8,0.1904761904761904,25.533333333333335,0.24989564609436937
2020-12-24,36,36,8,0.2222222222222222,25.566666666666666,0.2496711792032358
2020-12-25,29,29,7,0.2413793103448276,25.666666666666668,0.2473531715404006
2020-12-26,16,16,8,0.5,25.666666666666668,0.24804761598484504
2020-12-27,31,31,3,0.0967741935483871,25.755555555555556,0.24622433407741162
2020-12-28,8,8,4,0.5,25.5,0.24747881436414998
2020-12-29,29,29,14,0.4827586206896552,25.266666666666666,0.2497316879273684
2020-12-30,39,39,13,0.3333333333333333,25.144444444444446,0.2494353916310721
2020-12-31,40,40,9,0.225,25.08888888888889,0.24996008298909678
2021-01-01,31,31,9,0.2903225806451613,25.18888888888889,0.25167073792555816
2021-01-02,19,19,1,0.0526315789473684,25.22222222222222,0.2494777554694178
2021-01-03,15,15,1,0.0666666666666666,25.122222222222224,0.24790368139534372
2021-01-04,22,22,7,0.3181818181818182,25.044444444444444,0.2483739008310804
2021-01-05,44,44,6,0.1363636363636363,25.1,0.24675514921232883
2021-01-06,19,19,5,0.2631578947368421,24.788888888888888,0.2470786530072772
2021-01-07,29,29,5,0.1724137931034483,24.755555555555556,0.2472582507084266
2021-01-08,24,24,8,0.3333333333333333,24.855555555555554,0.2472582507084266
2021-01-09,20,20,9,0.45,24.733333333333334,0.2493908671958818
2021-01-10,33,33,12,0.3636363636363636,24.8,0.25013909016632696
2021-01-11,46,46,8,0.1739130434782608,24.877777777777776,0.24950735475198288
2021-01-12,35,35,5,0.1428571428571428,24.933333333333334,0.24887243411706225
2021-01-13,32,32,5,0.15625,24.977777777777778,0.24862441824404635
2021-01-14,22,22,6,0.2727272727272727,24.844444444444445,0.25034753173186575
2021-01-15,45,45,8,0.1777777777777777,25.18888888888889,0.24835458640558705
2021-01-16,24,24,6,0.25,25.2,0.24775072167128753
2021-01-17,30,30,10,0.3333333333333333,25.144444444444446,0.24954966347022933
2021-01-18,52,52,20,0.3846153846153846,25.477777777777778,0.2507928647134306
2021-01-19,44,44,15,0.3409090909090909,25.666666666666668,0.25087703979760567
2021-01-20,33,33,7,0.2121212121212121,25.766666666666666,0.24999320141376727
2021-01-21,37,37,11,0.2972972972972973,25.933333333333334,0.24976115118171707
2021-01-22,25,25,7,0.28,25.92222222222222,0.25030815972872567
2021-01-23,32,32,11,0.34375,26.044444444444444,0.2509530009985669
2021-01-24,35,35,8,0.2285714285714285,26.11111111111111,0.24851184062637202
2021-01-25,32,32,11,0.34375,26.033333333333335,0.2509067836463151
2021-01-26,25,25,6,0.24,26.0,0.25198614872568015
2021-01-27,42,42,7,0.1666666666666666,26.266666666666666,0.25075158082444554
2021-01-28,23,23,10,0.4347826086956521,26.22222222222222,0.2535248855301174
2021-01-29,35,35,9,0.2571428571428571,26.444444444444443,0.2519375839428158
2021-01-30,21,21,8,0.3809523809523809,26.466666666666665,0.2555855928539827
2021-01-31,20,20,2,0.1,26.57777777777778,0.2544744817428715
2021-02-01,29,29,12,0.4137931034482758,26.655555555555555,0.2555368293569433
2021-02-02,33,33,8,0.2424242424242424,26.744444444444444,0.25511932093943485
2021-02-03,17,17,3,0.1764705882352941,26.677777777777777,0.2556308298908415
2021-02-04,24,24,5,0.2083333333333333,26.7,0.2569355436955553
2021-02-05,40,40,4,0.1,26.977777777777778,0.25656517332518497
2021-02-06,28,28,2,0.0714285714285714,27.07777777777778,0.2556044381539234
2021-02-07,16,16,6,0.375,27.1,0.2558028508523361
2021-02-08,27,27,9,0.3333333333333333,27.266666666666666,0.25672877677826206
2021-02-09,25,25,5,0.2,27.355555555555554,0.25764380945800064
2021-02-10,30,30,5,0.1666666666666666,27.511111111111113,0.2594956613098525
2021-02-11,23,23,3,0.1304347826086956,27.6,0.25872271444994915
2021-02-12,7,7,3,0.4285714285714285,27.566666666666666,0.2590401747674094
2021-02-13,22,22,6,0.2727272727272727,27.6,0.2585617058678879
2021-02-14,16,16,3,0.1875,27.477777777777778,0.2565298128637727
2021-02-15,21,21,5,0.238095238095238,27.22222222222222,0.2571551134890733
2021-02-16,16,16,6,0.375,27.144444444444446,0.2598725047934211
2021-02-17,21,21,6,0.2857142857142857,27.166666666666668,0.26012313135983717
2021-02-18,25,25,7,0.28,27.27777777777778,0.2602712795079853
2021-02-19,15,15,4,0.2666666666666666,27.333333333333332,0.2587897980265038
2021-02-20,9,9,2,0.2222222222222222,27.2,0.26020073277077194
2021-02-21,16,16,2,0.125,27.244444444444444,0.2578859179559571
2021-02-22,22,22,2,0.0909090909090909,27.155555555555555,0.25704416711420625
2021-02-23,14,14,3,0.2142857142857142,27.066666666666666,0.25790996798000715
2021-02-24,29,29,11,0.3793103448275862,27.155555555555555,0.2578917231341761
2021-02-25,29,29,7,0.2413793103448276,27.177777777777777,0.25728153440138196
2021-02-26,34,34,6,0.1764705882352941,27.211111111111112,0.25709178108069886
2021-02-27,25,25,7,0.28,27.22222222222222,0.2574251144140322
2021-02-28,20,20,5,0.25,27.11111111111111,0.2587214107103285
2021-03-01,20,20,10,0.5,27.1,0.26057326256218033
2021-03-02,46,46,6,0.1304347826086956,27.322222222222223,0.25945843536039664
2021-03-03,26,26,4,0.1538461538461538,27.41111111111111,0.25931598521794647
2021-03-04,22,22,1,0.0454545454545454,27.31111111111111,0.25802892102765645
2021-03-05,13,13,0,0.0,27.233333333333334,0.2546955876943231
2021-03-06,16,16,8,0.5,27.266666666666666,0.2542682372669727
2021-03-07,23,23,7,0.3043478260869565,26.988888888888887,0.2534832131123833
2021-03-08,29,29,8,0.2758620689655172,26.822222222222223,0.25528572094937396
2021-03-09,32,32,11,0.34375,26.955555555555556,0.2563273876160406
2021-03-10,43,43,10,0.2325581395348837,27.211111111111112,0.25557803361087267
2021-03-11,36,36,14,0.3888888888888889,27.4,0.2552206586920942
2021-03-12,26,26,8,0.3076923076923077,27.366666666666667,0.2559574697737329
2021-03-13,17,17,5,0.2941176470588235,27.31111111111111,0.2567001911046895
2021-03-14,15,15,3,0.2,27.144444444444446,0.2578113022158006
2021-03-15,18,18,6,0.3333333333333333,27.0,0.2582891994678914
2021-03-16,22,22,4,0.1818181818181818,26.88888888888889,0.2585732903769823
2021-03-17,25,25,2,0.08,26.844444444444445,0.2575464704536107
2021-03-18,16,16,4,0.25,26.755555555555556,0.25893535934249956
2021-03-19,23,23,3,0.1304347826086956,26.788888888888888,0.255940190260374
2021-03-20,12,12,2,0.1666666666666666,26.68888888888889,0.2530301373503211
2021-03-21,21,21,4,0.1904761904761904,26.466666666666665,0.25379152591658766
2021-03-22,26,26,7,0.2692307692307692,26.4,0.2529635344635962
2021-03-23,31,31,13,0.4193548387096774,26.27777777777778,0.25550663055507944
2021-03-24,31,31,11,0.3548387096774194,26.22222222222222,0.2569801470823594
2021-03-25,33,33,11,0.3333333333333333,26.266666666666666,0.25800185844889834
2021-03-26,32,32,8,0.25,26.444444444444443,0.25522408067112057
2021-03-27,27,27,10,0.3703703703703703,26.4,0.25826403819136484
2021-03-28,20,20,6,0.3,26.533333333333335,0.2560418159691426
2021-03-29,27,27,5,0.1851851851851851,26.511111111111113,0.25273544446353735
2021-03-30,28,28,8,0.2857142857142857,26.38888888888889,0.2522063439344368
2021-03-31,30,30,7,0.2333333333333333,26.27777777777778,0.25229893652702945
2021-04-01,22,22,7,0.3181818181818182,26.177777777777777,0.2526084836107701
2021-04-02,34,34,6,0.1764705882352941,26.344444444444445,0.25398447260285817
2021-04-03,23,23,6,0.2608695652173913,26.433333333333334,0.2561422825867551
2021-04-04,40,40,11,0.275,26.633333333333333,0.25566248460695706
2021-04-05,36,36,9,0.25,26.544444444444444,0.2569251108695833
2021-04-06,32,32,5,0.15625,26.68888888888889,0.2557372453725073
2021-04-07,15,15,4,0.2666666666666666,26.533333333333335,0.25678449952320975
2021-04-08,18,18,5,0.2777777777777778,26.466666666666665,0.2561672155725925
2021-04-09,27,27,2,0.074074074074074,26.544444444444444,0.2519902608400822
2021-04-10,20,20,8,0.4,26.4,0.2523943012441226
2021-04-11,32,32,15,0.46875,26.244444444444444,0.25567026742769744
2021-04-12,34,34,8,0.2352941176470588,26.233333333333334,0.25669734492536317
2021-04-13,23,23,3,0.1304347826086956,26.133333333333333,0.25641050917657093
2021-04-14,15,15,5,0.3333333333333333,26.055555555555557,0.2570839098499716
2021-04-15,18,18,7,0.3888888888888889,25.755555555555556,0.2594295888623173
2021-04-16,23,23,7,0.3043478260869565,25.744444444444444,0.2600334535966168
2021-04-17,30,30,4,0.1333333333333333,25.744444444444444,0.2578112313743946
2021-04-18,15,15,5,0.3333333333333333,25.333333333333332,0.257241430804594
2021-04-19,20,20,7,0.35,25.066666666666666,0.2573424409056041
2021-04-20,30,30,8,0.2666666666666666,25.033333333333335,0.2579485015116647
2021-04-21,23,23,6,0.2608695652173913,24.877777777777776,0.2575437489329991
2021-04-22,25,25,7,0.28,24.877777777777776,0.2575437489329991
2021-04-23,35,35,5,0.1428571428571428,24.91111111111111,0.25531160607585623
2021-04-24,18,18,4,0.2222222222222222,24.72222222222222,0.25524105933864283
2021-04-25,19,19,9,0.4736842105263157,24.57777777777778,0.2566847727889352
2021-04-26,22,22,7,0.3181818181818182,24.544444444444444,0.2575534596576221
2021-04-27,18,18,4,0.2222222222222222,24.27777777777778,0.2581707436082394
2021-04-28,16,16,6,0.375,24.2,0.25750649240050993
2021-04-29,35,35,10,0.2857142857142857,24.2,0.2578239527179702
2021-04-30,24,24,3,0.125,24.233333333333334,0.25498003737405484
2021-05-01,18,18,5,0.2777777777777778,24.211111111111112,0.2569553460160302
2021-05-02,35,35,9,0.2571428571428571,24.27777777777778,0.2552147877237477
2021-05-03,32,32,8,0.25,24.266666666666666,0.25529896280792286
2021-05-04,34,34,9,0.2647058823529412,24.455555555555556,0.2562793549647856
2021-05-05,40,40,6,0.15,24.633333333333333,0.2556312068166374
2021-05-06,17,17,4,0.2352941176470588,24.377777777777776,0.2571344747904937
2021-05-07,30,30,15,0.5,24.4,0.2618963795523985
2021-05-08,28,28,8,0.2857142857142857,24.533333333333335,0.26090431606033493
2021-05-09,33,33,12,0.3636363636363636,24.6,0.26124101639703523
2021-05-10,33,33,8,0.2424242424242424,24.68888888888889,0.26171239686841574
2021-05-11,20,20,3,0.15,24.57777777777778,0.2615272116832305
2021-05-12,22,22,6,0.2727272727272727,24.566666666666666,0.2631082393512147
2021-05-13,25,25,9,0.36,24.766666666666666,0.26234633458930995
2021-05-14,34,34,13,0.3823529411764705,24.9,0.26356439757207883
2021-05-15,34,34,6,0.1764705882352941,25.1,0.263441848552471
2021-05-16,26,26,8,0.3076923076923077,25.155555555555555,0.2642151493257718
2021-05-17,29,29,8,0.2758620689655172,25.3,0.26311361675872197
2021-05-18,31,31,8,0.2580645161290322,25.41111111111111,0.2628063970966636
2021-05-19,21,21,5,0.238095238095238,25.366666666666667,0.2623407886310551
2021-05-20,26,26,9,0.3461538461538461,25.488888888888887,0.26322397951424603
2021-05-21,26,26,6,0.2307692307692307,25.677777777777777,0.26331894627587943
2021-05-22,15,15,5,0.3333333333333333,25.666666666666668,0.26563376109069425
2021-05-23,21,21,7,0.3333333333333333,25.655555555555555,0.26832736378429695
2021-05-24,20,20,7,0.35,25.72222222222222,0.26983530029223346
2021-05-25,26,26,10,0.3846153846153846,25.68888888888889,0.26989424517876454
2021-05-26,34,34,10,0.2941176470588235,25.744444444444444,0.2704802266978089
2021-05-27,46,46,7,0.1521739130434782,25.877777777777776,0.27021026364012213
2021-05-28,40,40,10,0.25,26.044444444444444,0.2698769303067888
2021-05-29,31,31,12,0.3870967741935484,26.166666666666668,0.2714002277978282
2021-05-30,41,41,9,0.2195121951219512,26.4,0.2682836966325165
2021-05-31,29,29,9,0.3103448275862069,26.211111111111112,0.27028269713226666
2021-06-01,39,39,7,0.1794871794871795,26.355555555555554,0.27056759741716696
2021-06-02,29,29,4,0.1379310344827586,26.433333333333334,0.27159511396192487
2021-06-03,15,15,1,0.0666666666666666,26.455555555555556,0.27233585470266564
2021-06-04,14,14,4,0.2857142857142857,26.433333333333334,0.26995490232171326
2021-06-05,35,35,10,0.2857142857142857,26.566666666666666,0.26974786298423914
2021-06-06,27,27,11,0.4074074074074074,26.544444444444444,0.2712094778558157
2021-06-07,44,44,15,0.3409090909090909,26.677777777777777,0.27117791219925
2021-06-08,45,45,13,0.2888888888888888,26.7,0.2718038094142945
2021-06-09,36,36,11,0.3055555555555556,26.7,0.2708778834883686
2021-06-10,21,21,4,0.1904761904761904,26.644444444444446,0.2695754821859673
2021-06-11,31,31,10,0.3225806451612903,26.8,0.2698917377204392
2021-06-12,20,20,7,0.35,26.855555555555554,0.2715584043871058
2021-06-13,19,19,7,0.3684210526315789,26.866666666666667,0.27194826793486404
2021-06-14,37,37,12,0.3243243243243243,27.033333333333335,0.2735316695182657
2021-06-15,43,43,12,0.2790697674418604,27.233333333333334,0.2757435558231752
2021-06-16,41,41,8,0.1951219512195122,27.511111111111113,0.27513379972561425
2021-06-17,35,35,6,0.1714285714285714,27.644444444444446,0.27558928626805734
2021-06-18,19,19,5,0.2631578947368421,27.72222222222222,0.2766614110243926
2021-06-19,20,20,6,0.3,27.711111111111112,0.27787834224132385
2021-06-20,24,24,10,0.4166666666666667,27.68888888888889,0.27951651887950046
2021-06-21,37,37,8,0.2162162162162162,27.755555555555556,0.2772594230740176
2021-06-22,35,35,14,0.4,27.8,0.27776121518871294
2021-06-23,34,34,18,0.5294117647058824,27.81111111111111,0.2799398644261857
2021-06-24,42,42,13,0.3095238095238095,27.92222222222222,0.2806012400875613
2021-06-25,34,34,6,0.1764705882352941,28.0,0.2784467980638382
2021-06-26,25,25,4,0.16,28.055555555555557,0.2768912425082827
2021-06-27,29,29,7,0.2413793103448276,28.07777777777778,0.27751562167672317
2021-06-28,33,33,4,0.1212121212121212,28.133333333333333,0.2756878198489214
2021-06-29,28,28,6,0.2142857142857142,28.11111111111111,0.27547617963728116
2021-06-30,33,33,17,0.5151515151515151,28.233333333333334,0.27766473182583334
2021-07-01,60,60,21,0.35,28.522222222222222,0.2795928364009967
2021-07-02,49,49,6,0.1224489795918367,28.81111111111111,0.2780548298940461
2021-07-03,20,20,1,0.05,28.58888888888889,0.2755548298940461
2021-07-04,18,18,4,0.2222222222222222,28.38888888888889,0.2752461879187375
2021-07-05,21,21,3,0.1428571428571428,28.266666666666666,0.2750973783949279
2021-07-06,13,13,2,0.1538461538461538,28.244444444444444,0.2738438171413667
2021-07-07,25,25,10,0.4,28.322222222222223,0.2752018418327247
2021-07-08,40,40,10,0.25,28.466666666666665,0.2771565743430128
2021-07-09,29,29,1,0.0344827586206896,28.566666666666666,0.2730952716610205
2021-07-10,18,18,3,0.1666666666666666,28.41111111111111,0.26973879017953895
2021-07-11,20,20,3,0.15,28.255555555555556,0.26879107776123834
2021-07-12,22,22,4,0.1818181818181818,28.244444444444444,0.2693620044191215
2021-07-13,43,43,9,0.2093023255813953,28.555555555555557,0.2679838821107666
2021-07-14,33,33,10,0.303030303030303,28.72222222222222,0.267029897823449
2021-07-15,30,30,11,0.3666666666666666,28.8,0.2677223293854458
2021-07-16,35,35,6,0.1714285714285714,28.855555555555554,0.2681456098087262
2021-07-17,21,21,7,0.3333333333333333,28.92222222222222,0.2681456098087262
2021-07-18,13,13,4,0.3076923076923077,28.844444444444445,0.2676755243386407
2021-07-19,17,17,5,0.2941176470588235,28.7,0.2679805352318869
2021-07-20,22,22,8,0.3636363636363636,28.68888888888889,0.2691223885476533
2021-07-21,23,23,6,0.2608695652173913,28.666666666666668,0.2689098281611798
2021-07-22,22,22,9,0.4090909090909091,28.522222222222222,0.2718679811193328
2021-07-23,47,47,11,0.2340425531914893,28.844444444444445,0.2719993181301025
2021-07-24,30,30,8,0.2666666666666666,28.966666666666665,0.26969912319832856
2021-07-25,31,31,13,0.4193548387096774,29.066666666666666,0.2708232678708603
2021-07-26,52,52,7,0.1346153846153846,29.444444444444443,0.2698498585641177
2021-07-27,25,25,8,0.32,29.544444444444444,0.2692387474530066
2021-07-28,27,27,9,0.3333333333333333,29.455555555555556,0.2697678479821071
2021-07-29,40,40,9,0.225,29.633333333333333,0.27087895909321824
2021-07-30,33,33,4,0.1212121212121212,29.8,0.2691393406869332
2021-07-31,22,22,8,0.3636363636363636,29.655555555555555,0.27032260187019436
2021-08-01,22,22,12,0.5454545454545454,29.544444444444444,0.27360543015302263
2021-08-02,41,41,7,0.1707317073170731,29.622222222222224,0.2725612726526241
2021-08-03,43,43,5,0.1162790697674418,29.655555555555555,0.2721865956500401
2021-08-04,33,33,5,0.1515151515151515,29.833333333333332,0.2712557182485744
2021-08-05,24,24,3,0.125,29.766666666666666,0.26708905158190777
2021-08-06,13,13,3,0.2307692307692307,29.6,0.2664785509714072
2021-08-07,13,13,8,0.6153846153846154,29.377777777777776,0.26927575376860996
2021-08-08,23,23,5,0.217391304347826,29.266666666666666,0.2689976100122054
2021-08-09,18,18,6,0.3333333333333333,29.244444444444444,0.2710346470492424
2021-08-10,32,32,7,0.21875,29.355555555555554,0.27043489957449496
2021-08-11,26,26,6,0.2307692307692307,29.366666666666667,0.2689990021385975
2021-08-12,28,28,7,0.25,29.3,0.2675284139033034
2021-08-13,25,25,5,0.2,29.2,0.2677898518118001
2021-08-14,23,23,5,0.217391304347826,29.166666666666668,0.26678650733019477
2021-08-15,27,27,11,0.4074074074074074,29.144444444444446,0.2682481222017713
2021-08-16,46,46,10,0.217391304347826,29.31111111111111,0.2677961976264246
2021-08-17,32,32,11,0.34375,29.433333333333334,0.2689701394253664
2021-08-18,52,52,5,0.0961538461538461,29.72222222222222,0.2661923616475886
2021-08-19,25,25,5,0.2,29.711111111111112,0.26585048130570826
2021-08-20,26,26,8,0.3076923076923077,29.833333333333332,0.26556558102080796
2021-08-21,25,25,7,0.28,29.877777777777776,0.2649729884282154
2021-08-22,35,35,10,0.2857142857142857,30.044444444444444,0.26425870271392965
2021-08-23,42,42,9,0.2142857142857142,30.22222222222222,0.26236615082137776
2021-08-24,42,42,11,0.2619047619047619,30.31111111111111,0.26200822987522154
2021-08-25,34,34,11,0.3235294117647059,30.177777777777777,0.26391217986101295
2021-08-26,28,28,8,0.2857142857142857,30.044444444444444,0.26430900525783835
2021-08-27,24,24,7,0.2916666666666667,29.966666666666665,0.2632486707297619
2021-08-28,28,28,9,0.3214285714285714,29.822222222222223,0.26438107491094653
2021-08-29,34,34,9,0.2647058823529412,29.877777777777776,0.26387397551946584
2021-08-30,58,58,19,0.3275862068965517,30.08888888888889,0.2655195202684589
2021-08-31,54,54,9,0.1666666666666666,30.366666666666667,0.2658388050705023
2021-09-01,38,38,9,0.2368421052631578,30.622222222222224,0.26772964327713
2021-09-02,29,29,8,0.2758620689655172,30.788888888888888,0.2676201742021436
2021-09-03,21,21,4,0.1904761904761904,30.633333333333333,0.2665619731439426
2021-09-04,30,30,6,0.2,30.666666666666668,0.26425744639497134
2021-09-05,29,29,3,0.1034482758620689,30.5,0.2616189928944489
2021-09-06,17,17,3,0.1764705882352941,30.18888888888889,0.26036990066496457
2021-09-07,26,26,5,0.1923076923076923,30.07777777777778,0.2591115910733216
2021-09-08,16,16,3,0.1875,30.022222222222222,0.25907852229025286
2021-09-09,26,26,7,0.2692307692307692,29.966666666666665,0.2584857458910248
2021-09-10,29,29,9,0.3103448275862069,30.066666666666666,0.2580451328642049
2021-09-11,35,35,13,0.3714285714285714,30.244444444444444,0.25807854973972705
2021-09-12,28,28,11,0.3928571428571428,30.144444444444446,0.2588400255012028
2021-09-13,39,39,7,0.1794871794871795,30.1,0.25773355230170636
2021-09-14,19,19,3,0.1578947368421052,29.855555555555554,0.25731991658640185
2021-09-15,22,22,10,0.4545454545454545,29.711111111111112,0.2604656597321449
2021-09-16,37,37,8,0.2162162162162162,29.91111111111111,0.2599440855263602
2021-09-17,48,48,9,0.1875,30.22222222222222,0.25869408552636025
2021-09-18,36,36,6,0.1666666666666666,30.355555555555554,0.25591630774858243
2021-09-19,21,21,7,0.3333333333333333,30.177777777777777,0.2572176090498837
2021-09-20,31,31,7,0.2258064516129032,30.133333333333333,0.255282125178916
2021-09-21,20,20,9,0.45,29.977777777777778,0.2543997722377395
2021-09-22,37,37,12,0.3243243243243243,29.92222222222222,0.2545642224021897
2021-09-23,39,39,11,0.282051282051282,29.977777777777778,0.2557373412223673
2021-09-24,31,31,4,0.1290322580645161,30.044444444444444,0.255393255200862
2021-09-25,20,20,7,0.35,29.944444444444443,0.2566001517525861
2021-09-26,19,19,10,0.5263157894736842,29.788888888888888,0.26110130362215905
2021-09-27,40,40,10,0.25,29.92222222222222,0.2614981290189844
2021-09-28,38,38,16,0.4210526315789473,29.977777777777778,0.2604525858681781
2021-09-29,40,40,13,0.325,29.755555555555556,0.26017480809040033
2021-09-30,28,28,10,0.3571428571428571,29.522222222222222,0.26278251784096723
2021-10-01,34,34,8,0.2352941176470588,29.677777777777777,0.264841341370379
2021-10-02,29,29,8,0.2758620689655172,29.8,0.2654373396675267
2021-10-03,26,26,7,0.2692307692307692,29.855555555555554,0.26684149107167815
2021-10-04,53,53,16,0.3018867924528302,30.3,0.26848638705619676
2021-10-05,46,46,11,0.2391304347826087,30.533333333333335,0.2666989474426702
2021-10-06,41,41,14,0.3414634146341463,30.544444444444444,0.2677152076052718
2021-10-07,54,54,17,0.3148148148148148,30.822222222222223,0.270830008229651
2021-10-08,41,41,6,0.1463414634146341,31.07777777777778,0.2706041726379617
2021-10-09,22,22,4,0.1818181818181818,31.1,0.27095770799149704
2021-10-10,26,26,4,0.1538461538461538,31.144444444444446,0.27064690768069677
2021-10-11,33,33,10,0.303030303030303,31.033333333333335,0.2716883296523513
2021-10-12,27,27,16,0.5925925925925926,30.966666666666665,0.27490568842526564
2021-10-13,57,57,16,0.2807017543859649,31.266666666666666,0.2739505227332578
2021-10-14,54,54,11,0.2037037037037037,31.477777777777778,0.2743091353140926
2021-10-15,35,35,4,0.1142857142857142,31.633333333333333,0.2718752728802302
2021-10-16,24,24,7,0.2916666666666667,31.755555555555556,0.27169721020216747
2021-10-17,28,28,11,0.3928571428571428,31.877777777777776,0.27279431571103774
2021-10-18,39,39,4,0.1025641025641025,32.06666666666667,0.2698935128102348
2021-10-19,32,32,11,0.34375,32.166666666666664,0.27081440653004163
2021-10-20,32,32,5,0.15625,32.27777777777778,0.26800506309569816
2021-10-21,17,17,4,0.2352941176470588,31.944444444444443,0.2680189693674267
2021-10-22,18,18,6,0.3333333333333333,31.81111111111111,0.26875971010816746
2021-10-23,31,31,10,0.3225806451612903,31.81111111111111,0.2676844412909632
2021-10-24,31,31,7,0.2258064516129032,31.57777777777778,0.26869767536871336
2021-10-25,26,26,4,0.1538461538461538,31.58888888888889,0.26685152152255953
2021-10-26,25,25,8,0.32,31.566666666666666,0.26670337337441136
2021-10-27,28,28,8,0.2857142857142857,31.433333333333334,0.2673779765490145
2021-10-28,22,22,6,0.2727272727272727,31.31111111111111,0.2690614782325162
2021-10-29,20,20,4,0.2,31.288888888888888,0.2672432964143344
2021-10-30,24,24,4,0.1666666666666666,31.31111111111111,0.2630345422055802
2021-10-31,21,21,5,0.238095238095238,31.08888888888889,0.26378302588089314
2021-11-01,28,28,10,0.3571428571428571,30.92222222222222,0.2664592901850644
2021-11-02,39,39,13,0.3333333333333333,30.988888888888887,0.26847949220526646
2021-11-03,32,32,8,0.25,31.07777777777778,0.26986838109415534
2021-11-04,31,31,7,0.2258064516129032,31.27777777777778,0.26981323910352945
2021-11-05,26,26,4,0.1538461538461538,31.42222222222222,0.26468503397532434
2021-11-06,22,22,3,0.1363636363636363,31.41111111111111,0.2637847265532778
2021-11-07,23,23,13,0.5652173913043478,31.466666666666665,0.26636121608628904
2021-11-08,37,37,12,0.3243243243243243,31.522222222222222,0.26753426413433706
2021-11-09,34,34,7,0.2058823529411764,31.61111111111111,0.26725774326958096
2021-11-10,20,20,3,0.15,31.522222222222222,0.26614663215846984
2021-11-11,26,26,10,0.3846153846153846,31.533333333333335,0.2681979142097519
2021-11-12,33,33,11,0.3333333333333333,31.644444444444446,0.2694861589762575
2021-11-13,16,16,7,0.4375,31.522222222222222,0.2698205211161752
2021-11-14,26,26,10,0.3846153846153846,31.3,0.2716785664524814
2021-11-15,38,38,16,0.4210526315789473,31.366666666666667,0.2725374845811364
2021-11-16,46,46,12,0.2608695652173913,31.3,0.274367659237398
2021-11-17,44,44,8,0.1818181818181818,31.511111111111113,0.27416563903537783
2021-11-18,25,25,5,0.2,31.5,0.2729690578387966
2021-11-19,12,12,2,0.1666666666666666,31.355555555555554,0.27170979857953736
2021-11-20,20,20,9,0.45,31.18888888888889,0.2735351954049342
2021-11-21,35,35,10,0.2857142857142857,31.11111111111111,0.27432884619858494
2021-11-22,38,38,14,0.3684210526315789,31.066666666666666,0.275512360539994
2021-11-23,36,36,4,0.1111111111111111,31.08888888888889,0.2731521571993985
2021-11-24,21,21,3,0.1428571428571428,31.011111111111113,0.2715648556120969
2021-11-25,23,23,8,0.3478260869565217,31.0,0.2721888491708731
2021-11-26,27,27,6,0.2222222222222222,30.988888888888887,0.2710865564019137
2021-11-27,30,30,6,0.2,30.944444444444443,0.27036760215354766
2021-11-28,30,30,10,0.3333333333333333,30.633333333333333,0.2704314591139564
2021-11-29,44,44,5,0.1136363636363636,30.522222222222222,0.26984223352473075
2021-11-30,31,31,6,0.1935483870967742,30.444444444444443,0.2693611922117709
2021-12-01,38,38,14,0.3684210526315789,30.544444444444444,0.27038962536361605
2021-12-02,43,43,7,0.1627906976744186,30.788888888888888,0.2700820087769297
2021-12-03,33,33,3,0.0909090909090909,30.822222222222223,0.2688698875648085
2021-12-04,21,21,7,0.3333333333333333,30.733333333333334,0.2714241659811559
2021-12-05,18,18,2,0.1111111111111111,30.744444444444444,0.27069794956866494
2021-12-06,24,24,8,0.3333333333333333,30.72222222222222,0.2722649011356165
2021-12-07,29,29,4,0.1379310344827586,30.866666666666667,0.2717141348520916
2021-12-08,28,28,4,0.1428571428571428,30.88888888888889,0.2703099834479402
2021-12-09,31,31,8,0.2580645161290322,30.91111111111111,0.2697290910984161
2021-12-10,24,24,5,0.2083333333333333,30.788888888888888,0.2679169217862467
2021-12-11,14,14,4,0.2857142857142857,30.633333333333333,0.2667264455957706
2021-12-12,25,25,10,0.4,30.477777777777778,0.26917658804591305
2021-12-13,34,34,8,0.2352941176470588,30.644444444444446,0.270036581165968
2021-12-14,18,18,6,0.3333333333333333,30.6,0.26868977981916675
2021-12-15,27,27,7,0.2592592592592592,30.488888888888887,0.2691680358529783
2021-12-16,28,28,4,0.1428571428571428,30.266666666666666,0.2686720041069466
2021-12-17,30,30,6,0.2,30.2,0.26904237447731694
2021-12-18,18,18,9,0.5,30.166666666666668,0.27089422632916876
2021-12-19,24,24,6,0.25,30.08888888888889,0.2711630435334698
2021-12-20,34,34,9,0.2647058823529412,30.244444444444444,0.2691042200040581
2021-12-21,30,30,9,0.3,30.166666666666668,0.2688339497337878
2021-12-22,29,29,10,0.3448275862068966,30.055555555555557,0.26953146422440577
2021-12-23,32,32,4,0.125,30.066666666666666,0.26948666135702226
2021-12-24,19,19,5,0.2631578947368421,30.055555555555557,0.2685217490763205
2021-12-25,19,19,8,0.4210526315789473,30.055555555555557,0.26735215843304566
2021-12-26,29,29,12,0.4137931034482758,29.933333333333334,0.2691720818046931
2021-12-27,35,35,6,0.1714285714285714,29.9,0.26639848113635567
2021-12-28,26,26,9,0.3461538461538461,29.744444444444444,0.2666335238713983
2021-12-29,24,24,8,0.3333333333333333,29.7,0.2663689736068481
2021-12-30,34,34,8,0.2352941176470588,29.7,0.2663689736068481
2021-12-31,29,29,9,0.3103448275862069,29.7,0.2667521153693002
2022-01-01,24,24,8,0.3333333333333333,29.677777777777777,0.2674643660815509
2022-01-02,30,30,12,0.4,29.42222222222222,0.26855451283207504
2022-01-03,37,37,10,0.2702702702702703,29.322222222222223,0.2689005110041602
2022-01-04,51,51,12,0.2352941176470588,29.433333333333334,0.2677208521487481
2022-01-05,37,37,9,0.2432432432432432,29.244444444444444,0.2669256124646195
2022-01-06,40,40,9,0.225,29.233333333333334,0.2677995962044569
2022-01-07,28,28,11,0.3928571428571428,29.3,0.27014447354933424
2022-01-08,25,25,6,0.24,29.288888888888888,0.2711017385065992
2022-01-09,19,19,5,0.2631578947368421,29.133333333333333,0.27065871174778294
2022-01-10,30,30,8,0.2666666666666666,29.166666666666668,0.26703731257082824
2022-01-11,32,32,9,0.28125,28.88888888888889,0.267043404188762
2022-01-12,40,40,15,0.375,28.733333333333334,0.26894669636983193
2022-01-13,46,46,11,0.2391304347826087,28.855555555555554,0.2703338599309085
2022-01-14,22,22,5,0.2272727272727272,28.833333333333332,0.26961837171542036
2022-01-15,23,23,6,0.2608695652173913,28.77777777777778,0.26815184307497864
2022-01-16,14,14,6,0.4285714285714285,28.5,0.2717741466972822
2022-01-17,42,42,13,0.3095238095238095,28.61111111111111,0.2713938556919912
2022-01-18,39,39,10,0.2564102564102564,28.68888888888889,0.27250674742988296
2022-01-19,25,25,4,0.16,28.77777777777778,0.2716701461226934
2022-01-20,15,15,3,0.2,28.744444444444444,0.27018866464121194
2022-01-21,23,23,6,0.2608695652173913,28.655555555555555,0.26950298597516864
2022-01-22,20,20,2,0.1,28.533333333333335,0.26810513651280304
2022-01-23,15,15,5,0.3333333333333333,28.41111111111111,0.27009943850710505
2022-01-24,23,23,9,0.391304347826087,28.38888888888889,0.270891709038506
2022-01-25,33,33,8,0.2424242424242424,28.444444444444443,0.27041070855750554
2022-01-26,19,19,8,0.4210526315789473,28.41111111111111,0.27205876810030194
2022-01-27,27,27,3,0.1111111111111111,28.488888888888887,0.27107111377931425
2022-01-28,22,22,7,0.3181818181818182,28.466666666666665,0.27275461546281593
2022-01-29,21,21,9,0.4285714285714285,28.466666666666665,0.27487101757921806
2022-01-30,30,30,9,0.3,28.488888888888887,0.2742360969442974
2022-01-31,27,27,4,0.1481481481481481,28.355555555555554,0.27217848377557313
2022-02-01,15,15,2,0.1333333333333333,28.166666666666668,0.27088218747927684
2022-02-02,22,22,7,0.3181818181818182,28.066666666666666,0.2719085804411537
2022-02-03,41,41,14,0.3414634146341463,28.233333333333334,0.2739932166721314
2022-02-04,40,40,3,0.075,28.433333333333334,0.27331139849031316
2022-02-05,12,12,2,0.1666666666666666,28.31111111111111,0.2688830571054501
2022-02-06,21,21,6,0.2857142857142857,28.133333333333333,0.2684540566764496
2022-02-07,36,36,9,0.25,28.155555555555555,0.268944252754881
2022-02-08,23,23,3,0.1304347826086956,28.18888888888889,0.2687268614505332
2022-02-09,19,19,4,0.2105263157894736,28.11111111111111,0.26679253846357864
2022-02-10,33,33,8,0.2424242424242424,28.11111111111111,0.2657824374534776
2022-02-11,26,26,5,0.1923076923076923,28.22222222222222,0.2630580784791186
2022-02-12,17,17,4,0.2352941176470588,28.122222222222224,0.2613989532905817
2022-02-13,25,25,7,0.28,27.977777777777778,0.2598317018285934
2022-02-14,36,36,9,0.25,27.866666666666667,0.25971092888173347
2022-02-15,37,37,10,0.2702702702702703,27.788888888888888,0.26069372986453443
2022-02-16,31,31,5,0.1612903225806451,27.855555555555554,0.26026362233765277
2022-02-17,18,18,3,0.1666666666666666,27.92222222222222,0.2602636223376527
2022-02-18,14,14,5,0.3571428571428571,27.855555555555554,0.2592318763059067
2022-02-19,16,16,7,0.4375,27.644444444444446,0.26091838424241465
2022-02-20,17,17,7,0.4117647058823529,27.41111111111111,0.26139998038964546
2022-02-21,44,44,14,0.3181818181818182,27.5,0.26370076602376447
2022-02-22,33,33,6,0.1818181818181818,27.633333333333333,0.26413366645666486
2022-02-23,18,18,1,0.0555555555555555,27.57777777777778,0.26088621610776525
2022-02-24,15,15,4,0.2666666666666666,27.444444444444443,0.2613800432682591
2022-02-25,17,17,6,0.3529411764705882,27.3,0.2630793896734879
2022-02-26,21,21,8,0.3809523809523809,27.2,0.26360849020258836
2022-02-27,19,19,5,0.2631578947368421,26.92222222222222,0.2652698405481492
2022-02-28,26,26,8,0.3076923076923077,26.866666666666667,0.26653810633254404
2022-03-01,38,38,14,0.3684210526315789,26.866666666666667,0.26653810633254404
2022-03-02,36,36,11,0.3055555555555556,26.788888888888888,0.26812438253122334
2022-03-03,33,33,9,0.2727272727272727,26.788888888888888,0.27014458455142537
2022-03-04,21,21,5,0.238095238095238,26.788888888888888,0.26908638349322433
2022-03-05,13,13,5,0.3846153846153846,26.733333333333334,0.27212531986549404
2022-03-06,29,29,6,0.2068965517241379,26.788888888888888,0.27072046673650296
2022-03-07,38,38,8,0.2105263157894736,26.88888888888889,0.27152708097324424
2022-03-08,29,29,9,0.3103448275862069,26.9,0.2733880552480116
2022-03-09,45,45,11,0.2444444444444444,27.055555555555557,0.27323672111818287
2022-03-10,22,22,6,0.2727272727272727,27.033333333333335,0.2739522093336711
2022-03-11,33,33,8,0.2424242424242424,27.244444444444444,0.27347120885267057
2022-03-12,22,22,8,0.3636363636363636,27.211111111111112,0.27306716844863016
2022-03-13,25,25,8,0.32,27.11111111111111,0.27400834491921844
2022-03-14,28,28,14,0.5,27.22222222222222,0.27586019677107027
2022-03-15,42,42,12,0.2857142857142857,27.38888888888889,0.27615414150945944
2022-03-16,43,43,10,0.2325581395348837,27.555555555555557,0.27715081925032325
2022-03-17,28,28,7,0.25,27.533333333333335,0.2777063748058788
2022-03-18,39,39,10,0.2564102564102564,27.766666666666666,0.2749998220993261
2022-03-19,31,31,8,0.2580645161290322,27.844444444444445,0.2750894278340931
2022-03-20,24,24,6,0.25,27.733333333333334,0.27492602914128267
2022-03-21,23,23,5,0.217391304347826,27.655555555555555,0.2740081547451474
2022-03-22,27,27,16,0.5925925925925926,27.633333333333333,0.27676109926054404
2022-03-23,37,37,17,0.4594594594594595,27.68888888888889,0.28047731547676025
2022-03-24,33,33,17,0.5151515151515151,27.844444444444445,0.2832772445924788
2022-03-25,33,33,13,0.3939393939393939,28.0,0.28297598639648375
2022-03-26,27,27,8,0.2962962962962963,27.977777777777778,0.28167046631701737
2022-03-27,15,15,7,0.4666666666666667,27.755555555555556,0.2849508895974406
2022-03-28,31,31,12,0.3870967741935484,27.81111111111111,0.285405811020104
2022-03-29,40,40,9,0.225,27.988888888888887,0.2842021073164003
2022-03-30,22,22,9,0.4090909090909091,27.855555555555554,0.2861331827768875
2022-03-31,22,22,5,0.2272727272727272,27.77777777777778,0.28521015944007105
2022-04-01,20,20,6,0.3,27.733333333333334,0.2848397890697007
2022-04-02,24,24,13,0.5416666666666666,27.666666666666668,0.28641386314377476
2022-04-03,42,42,12,0.2857142857142857,27.72222222222222,0.28658546331537493
2022-04-04,41,41,8,0.1951219512195122,27.61111111111111,0.2861391059106244
2022-04-05,27,27,9,0.3333333333333333,27.5,0.28714010691162545
2022-04-06,34,34,7,0.2058823529411764,27.433333333333334,0.28692768861097184
2022-04-07,27,27,5,0.1851851851851851,27.42222222222222,0.28462022241461676
2022-04-08,22,22,8,0.3636363636363636,27.38888888888889,0.28599395978835407
2022-04-09,30,30,13,0.4333333333333333,27.511111111111113,0.2878847979949818
2022-04-10,24,24,9,0.375,27.444444444444443,0.2890885016986855
2022-04-11,46,46,16,0.3478260869565217,27.6,0.2898282359982024
2022-04-12,49,49,7,0.1428571428571428,27.7,0.28724887091883733
2022-04-13,22,22,8,0.3636363636363636,27.433333333333334,0.28863227012832354
2022-04-14,29,29,8,0.2758620689655172,27.511111111111113,0.2891721517026878
2022-04-15,23,23,3,0.1304347826086956,27.511111111111113,0.28772287634036897
2022-04-16,9,9,0,0.0,27.455555555555556,0.2829609715784642
2022-04-17,18,18,7,0.3888888888888889,27.18888888888889,0.28384280579363175
2022-04-18,40,40,5,0.125,27.2,0.28238269183351783
2022-04-19,28,28,4,0.1428571428571428,27.233333333333334,0.28219221564304164
2022-04-20,36,36,7,0.1944444444444444,27.466666666666665,0.2821304872479799
2022-04-21,31,31,8,0.2580645161290322,27.555555555555557,0.282099320035887
2022-04-22,36,36,7,0.1944444444444444,27.733333333333334,0.2831487027519364
2022-04-23,20,20,5,0.25,27.788888888888888,0.28222277682601044
2022-04-24,21,21,2,0.0952380952380952,27.766666666666666,0.278933151797255
2022-04-25,13,13,2,0.1538461538461538,27.544444444444444,0.277948950813054
2022-04-26,20,20,5,0.25,27.555555555555557,0.27604836601773236
2022-04-27,22,22,9,0.4090909090909091,27.5,0.27935925266195233
2022-04-28,50,50,14,0.28,27.81111111111111,0.27893501023770995
2022-04-29,32,32,6,0.1875,27.933333333333334,0.2762564388091385
2022-04-30,20,20,8,0.4,27.822222222222223,0.27736754992024965
2022-05-01,28,28,11,0.3928571428571428,27.833333333333332,0.28008653875034956
2022-05-02,30,30,10,0.3333333333333333,28.0,0.2823087609725718
2022-05-03,26,26,10,0.3846153846153846,28.044444444444444,0.2830469117107225
2022-05-04,32,32,10,0.3125,27.944444444444443,0.28272509599256535
2022-05-05,32,32,9,0.28125,27.855555555555554,0.28501676265923204
2022-05-06,24,24,4,0.1666666666666666,27.988888888888887,0.28501676265923204
2022-05-07,24,24,6,0.25,28.022222222222222,0.28461993726240664
2022-05-08,23,23,7,0.3043478260869565,27.877777777777776,0.28522380199670616
2022-05-09,40,40,10,0.25,28.066666666666666,0.2865523044121651
2022-05-10,34,34,11,0.3235294117647059,28.233333333333334,0.2878078943674454
2022-05-11,41,41,11,0.2682926829268293,28.322222222222223,0.2880953214841408
2022-05-12,38,38,5,0.131578947368421,28.455555555555556,0.2874205576514823
2022-05-13,23,23,4,0.1739130434782608,28.522222222222222,0.2867385457162734
2022-05-14,21,21,9,0.4285714285714285,28.477777777777778,0.28838933936706707
2022-05-15,22,22,4,0.1818181818181818,28.322222222222223,0.28763176360949133
2022-05-16,13,13,6,0.4615384615384615,28.055555555555557,0.2897569657346934
2022-05-17,29,29,6,0.2068965517241379,28.033333333333335,0.29026370161406556
2022-05-18,28,28,9,0.3214285714285714,28.144444444444446,0.2919832783336423
2022-05-19,26,26,7,0.2692307692307692,28.27777777777778,0.29100647735684126
2022-05-20,31,31,9,0.2903225806451613,28.444444444444443,0.2893711726973431
2022-05-21,23,23,10,0.4347826086956521,28.511111111111113,0.28962692717304644
2022-05-22,27,27,8,0.2962962962962963,28.322222222222223,0.2893837547076517
2022-05-23,23,23,7,0.3043478260869565,28.211111111111112,0.290745195199527
2022-05-24,30,30,8,0.2666666666666666,28.344444444444445,0.2930908742118727
2022-05-25,39,39,9,0.2307692307692307,28.61111111111111,0.2926920138130123
2022-05-26,31,31,7,0.2258064516129032,28.766666666666666,0.291279405759038
2022-05-27,33,33,9,0.2727272727272727,28.9,0.2900769045565368
2022-05-28,22,22,7,0.3181818181818182,28.933333333333334,0.29068828148370324
2022-05-29,29,29,8,0.2758620689655172,28.966666666666665,0.29033461216451667
2022-05-30,38,38,7,0.1842105263157894,28.966666666666665,0.28828782853878565
2022-05-31,33,33,9,0.2727272727272727,28.933333333333334,0.2879230698406936
2022-06-01,41,41,15,0.3658536585365853,29.022222222222222,0.2889578074607971
2022-06-02,43,43,10,0.2325581395348837,29.266666666666666,0.2888962841434598
2022-06-03,31,31,6,0.1935483870967742,29.466666666666665,0.28677331750436413
2022-06-04,23,23,9,0.391304347826087,29.4,0.28882229301660806
2022-06-05,32,32,7,0.21875,29.333333333333332,0.2889136672856139
2022-06-06,41,41,9,0.2195121951219512,29.466666666666665,0.28790441581378884
2022-06-07,45,45,12,0.2666666666666666,29.466666666666665,0.2881513293940357
2022-06-08,60,60,23,0.3833333333333333,29.88888888888889,0.28938028562299195
2022-06-09,76,76,21,0.2763157894736842,30.366666666666667,0.28975685836798576
2022-06-10,59,59,11,0.1864406779661017,30.77777777777778,0.28778801741609394
2022-06-11,29,29,8,0.2758620689655172,30.822222222222223,0.2872975959601553
2022-06-12,22,22,10,0.4545454545454545,30.755555555555556,0.28679254545510474
2022-06-13,54,54,11,0.2037037037037037,30.88888888888889,0.28588131676609824
2022-06-14,33,33,9,0.2727272727272727,30.77777777777778,0.2863276404682359
2022-06-15,21,21,5,0.238095238095238,30.7,0.2861953653359608
2022-06-16,34,34,17,0.5,30.644444444444446,0.2889019180425135
2022-06-17,57,57,9,0.1578947368421052,30.933333333333334,0.287788920494881
2022-06-18,21,21,1,0.0476190476190476,30.9,0.28554024324620375
2022-06-19,10,10,1,0.1,30.755555555555556,0.2842358954201168
2022-06-20,38,38,14,0.3684210526315789,30.877777777777776,0.2817451005316611
2022-06-21,47,47,10,0.2127659574468085,30.988888888888887,0.2790040616204094
2022-06-22,35,35,10,0.2857142857142857,31.011111111111113,0.2764547590711069
2022-06-23,54,54,14,0.2592592592592592,31.244444444444444,0.27495831313021646
2022-06-24,47,47,5,0.1063829787234042,31.466666666666665,0.2728481651571843
2022-06-25,21,21,4,0.1904761904761904,31.533333333333335,0.26977938208840124
2022-06-26,28,28,8,0.2857142857142857,31.5,0.2686529099941873
2022-06-27,47,47,14,0.2978723404255319,31.57777777777778,0.26946260266558203
2022-06-28,51,51,6,0.1176470588235294,31.9,0.2662243376626111
2022-06-29,26,26,9,0.3461538461538461,31.944444444444443,0.26754523898351246
2022-06-30,33,33,7,0.2121212121212121,32.08888888888889,0.2665688080070815
2022-07-01,22,22,4,0.1818181818181818,32.06666666666667,0.26257049150876505
2022-07-02,32,32,10,0.3125,31.955555555555556,0.26286811055638404
2022-07-03,41,41,16,0.3902439024390244,31.955555555555556,0.26503613223660083
2022-07-04,50,50,13,0.26,32.21111111111111,0.264221317421786
2022-07-05,47,47,13,0.2765957446808511,32.355555555555554,0.26500702177444907
2022-07-06,48,48,24,0.5,32.58888888888889,0.26850496416128034
2022-07-07,56,56,16,0.2857142857142857,32.96666666666667,0.2676391632954795
2022-07-08,39,39,10,0.2564102564102564,33.06666666666667,0.2656733513296675
2022-07-09,23,23,10,0.4347826086956521,33.05555555555556,0.266337602537397
2022-07-10,27,27,4,0.1481481481481481,32.84444444444444,0.26411895877285946
2022-07-11,18,18,6,0.3333333333333333,32.5,0.26623536088926164
2022-07-12,34,34,17,0.5,32.63333333333333,0.26775051240441317
2022-07-13,45,45,10,0.2222222222222222,32.81111111111111,0.26715451410726543
2022-07-14,35,35,8,0.2285714285714285,32.94444444444444,0.2682449212846291
2022-07-15,44,44,8,0.1818181818181818,33.333333333333336,0.27026512330483116
2022-07-16,24,24,12,0.5,33.4,0.2714996912060657
2022-07-17,39,39,14,0.358974358974359,33.388888888888886,0.2740994063057808
2022-07-18,53,53,15,0.2830188679245283,33.666666666666664,0.27565675880652957
2022-07-19,38,38,9,0.2368421052631578,33.68888888888889,0.27612784392673745
2022-07-20,51,51,17,0.3333333333333333,33.91111111111111,0.2769641641178963
2022-07-21,60,60,22,0.3666666666666666,34.17777777777778,0.27887774436480994
2022-07-22,48,48,9,0.1875,34.48888888888889,0.2781832999203655
2022-07-23,19,19,8,0.4210526315789473,34.46666666666667,0.28180346143526386
2022-07-24,30,30,11,0.3666666666666666,34.65555555555556,0.2841681337999363
2022-07-25,40,40,21,0.525,34.87777777777778,0.2872236893554918
2022-07-26,56,56,17,0.3035714285714285,35.25555555555555,0.2860512506830531
2022-07-27,46,46,12,0.2608695652173913,35.21111111111111,0.28583869029657966
2022-07-28,40,40,12,0.3,35.3,0.28708869029657963
2022-07-29,30,30,7,0.2333333333333333,35.41111111111111,0.2852368384447278
2022-07-30,25,25,10,0.4,35.37777777777778,0.2853162035240929
2022-07-31,31,31,15,0.4838709677419355,35.388888888888886,0.28698884390641066
2022-08-01,56,56,15,0.2678571428571428,35.72222222222222,0.2856915301090969
2022-08-02,42,42,10,0.238095238095238,35.833333333333336,0.28486481053237733
2022-08-03,38,38,8,0.2105263157894736,35.9,0.28407899181892704
2022-08-04,30,30,6,0.2,35.96666666666667,0.2844493621892974
2022-08-05,26,26,9,0.3461538461538461,35.98888888888889,0.28551773825767346
2022-08-06,39,39,19,0.4871794871794871,36.166666666666664,0.2875492011587016
2022-08-07,52,52,15,0.2884615384615384,36.3,0.287976551586052
2022-08-08,43,43,11,0.2558139534883721,36.4,0.28722415760520387
2022-08-09,41,41,17,0.4146341463414634,36.4,0.2888501738653665
2022-08-10,34,34,15,0.4411764705882353,36.355555555555554,0.2922901463455866
2022-08-11,41,41,16,0.3902439024390244,36.55555555555556,0.29469382255626175
2022-08-12,37,37,9,0.2432432432432432,36.733333333333334,0.29263462049705974
2022-08-13,23,23,8,0.3478260869565217,36.74444444444445,0.2944791527763746
2022-08-14,29,29,15,0.5172413793103449,36.922222222222224,0.2950980740849511
2022-08-15,50,50,16,0.32,37.15555555555556,0.296354779065794
2022-08-16,53,53,22,0.4150943396226415,37.43333333333333,0.2973955098235059
2022-08-17,54,54,19,0.3518518518518518,37.74444444444445,0.298313521852629
2022-08-18,39,39,13,0.3333333333333333,37.833333333333336,0.2987914191047198
2022-08-19,47,47,11,0.2340425531914893,38.1,0.29656097404356246
2022-08-20,33,33,13,0.3939393939393939,38.166666666666664,0.29764589735070796
2022-08-21,34,34,10,0.2941176470588235,38.28888888888889,0.29753222869483986
2022-08-22,43,43,16,0.3720930232558139,38.43333333333333,0.2987036326569415
2022-08-23,40,40,15,0.375,38.44444444444444,0.3003061967595056
2022-08-24,47,47,14,0.2978723404255319,38.62222222222222,0.3011069288574237
2022-08-25,41,41,12,0.2926829268292683,38.71111111111111,0.3013286583474459
2022-08-26,29,29,9,0.3103448275862069,38.78888888888889,0.3012415806741613
2022-08-27,24,24,15,0.625,38.733333333333334,0.30512089101898887
2022-08-28,48,48,19,0.3958333333333333,38.84444444444444,0.30747225554140606
2022-08-29,45,45,12,0.2666666666666666,38.977777777777774,0.30740491547406595
2022-08-30,49,49,14,0.2857142857142857,39.06666666666667,0.30651447799826265
2022-08-31,50,50,15,0.3,39.144444444444446,0.30726383200343055
2022-09-01,30,30,6,0.2,39.13333333333333,0.30733551659124425
2022-09-02,23,23,5,0.217391304347826,39.13333333333333,0.3054031494414857
2022-09-03,18,18,3,0.1666666666666666,38.977777777777774,0.30482444573778206
2022-09-04,15,15,4,0.2666666666666666,38.68888888888889,0.3053483843105011
2022-09-05,30,30,16,0.5333333333333333,38.522222222222226,0.3083113472734641
2022-09-06,57,57,16,0.2807017543859649,38.48888888888889,0.3071709963962711
2022-09-07,54,54,18,0.3333333333333333,38.24444444444445,0.3078045246613783
2022-09-08,49,49,12,0.2448979591836734,38.13333333333333,0.3084540500082402
2022-09-09,37,37,9,0.2432432432432432,38.22222222222222,0.30809161861132606
2022-09-10,21,21,11,0.5238095238095238,38.21111111111111,0.3088612193809268
2022-09-11,45,45,13,0.2888888888888888,38.111111111111114,0.30980772143853996
2022-09-12,36,36,10,0.2777777777777778,38.144444444444446,0.3098638381613234
2022-09-13,34,34,14,0.4117647058823529,38.28888888888889,0.3117934989145136
2022-09-14,45,45,7,0.1555555555555555,38.41111111111111,0.30796633842068644
2022-09-15,32,32,6,0.1875,38.13333333333333,0.3082952857891075
2022-09-16,36,36,6,0.1666666666666666,38.3,0.30961803711185876
2022-09-17,21,21,5,0.238095238095238,38.422222222222224,0.3111524286462503
2022-09-18,26,26,7,0.2692307692307692,38.28888888888889,0.31005031438624125
2022-09-19,40,40,9,0.225,38.21111111111111,0.3101862481923879
2022-09-20,42,42,9,0.2142857142857142,38.28888888888889,0.3093925973987371
2022-09-21,41,41,9,0.2195121951219512,38.144444444444446,0.308950963352767
2022-09-22,32,32,9,0.28125,37.977777777777774,0.3108939302558403
2022-09-23,27,27,8,0.2962962962962963,38.044444444444444,0.31206970920939703
2022-09-24,32,32,5,0.15625,38.08888888888889,0.3106312171459049
2022-09-25,25,25,10,0.4,37.84444444444444,0.3117659689189546
2022-09-26,42,42,16,0.3809523809523809,37.74444444444445,0.3146915836092751
2022-09-27,43,43,14,0.3255813953488372,37.93333333333333,0.31446300082255285
2022-09-28,43,43,17,0.3953488372093023,38.044444444444444,0.3164988633235316
2022-09-29,47,47,20,0.425531914893617,38.32222222222222,0.31920679369103644
2022-09-30,53,53,4,0.0754716981132075,38.55555555555556,0.3165731458922943
2022-10-01,17,17,6,0.3529411764705882,38.28888888888889,0.31615867115931173
2022-10-02,29,29,10,0.3448275862068966,38.05555555555556,0.3171011998949439
2022-10-03,41,41,18,0.4390243902439024,37.98888888888889,0.3189059626234222
2022-10-04,47,47,12,0.2553191489361702,37.977777777777774,0.31618728650049077
2022-10-05,34,34,9,0.2647058823529412,37.733333333333334,0.31595385979647583
2022-10-06,42,42,10,0.238095238095238,37.766666666666666,0.3157503595929756
2022-10-07,32,32,9,0.28125,37.86666666666667,0.3140444417185795
2022-10-08,30,30,9,0.3,37.9,0.3157316845169334
2022-10-09,36,36,15,0.4166666666666667,38.1,0.31665761044285934
2022-10-10,59,59,17,0.288135593220339,38.37777777777778,0.31430356147864086
2022-10-11,49,49,15,0.3061224489795918,38.422222222222224,0.3152357862203894
2022-10-12,43,43,14,0.3255813953488372,38.51111111111111,0.31631367474013844
2022-10-13,48,48,11,0.2291666666666666,38.55555555555556,0.3168397690162327
2022-10-14,34,34,8,0.2352941176470588,38.666666666666664,0.31389859254564445
2022-10-15,27,27,7,0.2592592592592592,38.53333333333333,0.3127906469932545
2022-10-16,32,32,11,0.34375,38.3,0.3134654373496486
2022-10-17,59,59,10,0.1694915254237288,38.53333333333333,0.31271709757365496
2022-10-18,32,32,8,0.25,38.32222222222222,0.311791171647729
2022-10-19,42,42,10,0.238095238095238,38.12222222222222,0.31036260021915757
2022-10-20,38,38,10,0.2631578947368421,38.01111111111111,0.3112032434940114
2022-10-21,33,33,8,0.2424242424242424,38.166666666666664,0.30921848361451465
2022-10-22,37,37,15,0.4054054054054054,38.24444444444445,0.30964891404494505
2022-10-23,41,41,13,0.3170731707317073,38.25555555555555,0.3073386159419641
2022-10-24,30,30,12,0.4,37.96666666666667,0.30841004451339266
2022-10-25,51,51,18,0.3529411764705882,38.022222222222226,0.3094330624162059
2022-10-26,55,55,12,0.2181818181818181,38.18888888888889,0.308523971507115
2022-10-27,43,43,14,0.3255813953488372,38.333333333333336,0.309548949973954
2022-10-28,38,38,10,0.2631578947368421,38.477777777777774,0.3080284821376967
2022-10-29,30,30,3,0.1,38.46666666666667,0.30376324916278624
2022-10-30,20,20,9,0.45,38.06666666666667,0.30578705868659584
2022-10-31,37,37,11,0.2972972972972973,38.01111111111111,0.3064448593443964
2022-11-01,41,41,12,0.2926829268292683,38.044444444444444,0.3073577105781719
2022-11-02,32,32,8,0.25,38.06666666666667,0.3079132661337275
2022-11-03,25,25,6,0.24,38.05555555555556,0.3067337789542403
2022-11-04,19,19,3,0.1578947368421052,37.833333333333336,0.3030750595060472
2022-11-05,11,11,6,0.5454545454545454,37.37777777777778,0.30593053736152503
2022-11-06,26,26,12,0.4615384615384615,37.18888888888889,0.3082163652287483
2022-11-07,45,45,17,0.3777777777777777,37.233333333333334,0.30780685002248503
2022-11-08,52,52,11,0.2115384615384615,37.43333333333333,0.3052553165885987
2022-11-09,37,37,5,0.1351351351351351,37.388888888888886,0.3024207747296666
2022-11-10,29,29,6,0.2068965517241379,37.3,0.30201692260167656
2022-11-11,32,32,9,0.28125,37.4,0.30127718830215966
2022-11-12,40,40,12,0.3,37.522222222222226,0.29886339519871136
2022-11-13,39,39,12,0.3076923076923077,37.4,0.29872664306195923
2022-11-14,46,46,8,0.1739130434782608,37.32222222222222,0.2960468508825772
2022-11-15,27,27,6,0.2222222222222222,37.022222222222226,0.29460652166447027
2022-11-16,23,23,5,0.217391304347826,36.84444444444444,0.2933182768979646
2022-11-17,24,24,9,0.375,36.58888888888889,0.29488447075139246
2022-11-18,40,40,4,0.1,36.666666666666664,0.29161847748539926
2022-11-19,22,22,2,0.0909090909090909,36.53333333333333,0.28936060463929103
2022-11-20,27,27,8,0.2962962962962963,36.355555555555554,0.2885184187841853
2022-11-21,43,43,9,0.2093023255813953,36.388888888888886,0.28667733351286745
2022-11-22,26,26,8,0.3076923076923077,36.15555555555556,0.2867864442602761
2022-11-23,42,42,16,0.3809523809523809,36.166666666666664,0.2877672159727551
2022-11-24,52,52,16,0.3076923076923077,36.422222222222224,0.28773774352948955
2022-11-25,34,34,8,0.2352941176470588,36.53333333333333,0.28340767817001244
2022-11-26,23,23,9,0.391304347826087,36.25555555555555,0.28335735610882085
2022-11-27,32,32,14,0.4375,36.111111111111114,0.285255504256969
2022-11-28,59,59,19,0.3220338983050847,36.22222222222222,0.2856590555079779
2022-11-29,66,66,16,0.2424242424242424,36.4,0.2850193248682472
2022-11-30,68,68,15,0.2205882352941176,36.82222222222222,0.2852480830381819
2022-12-01,50,50,16,0.32,37.12222222222222,0.28638817965653934
2022-12-02,58,58,10,0.1724137931034483,37.56666666666667,0.286452036616948
2022-12-03,33,33,5,0.1515151515151515,37.766666666666666,0.28517257533748674
2022-12-04,22,22,3,0.1363636363636363,37.67777777777778,0.2807618009267123
2022-12-05,22,22,4,0.1818181818181818,37.28888888888889,0.2796630945648481
2022-12-06,31,31,6,0.1935483870967742,37.03333333333333,0.278109928495553
2022-12-07,18,18,3,0.1666666666666666,36.68888888888889,0.2772406919120307
2022-12-08,37,37,12,0.3243243243243243,36.68888888888889,0.27814159281293155
2022-12-09,44,44,5,0.1136363636363636,36.94444444444444,0.273584113255452
2022-12-10,19,19,5,0.2631578947368421,36.65555555555556,0.2732982133204293
2022-12-11,31,31,10,0.3225806451612903,36.6,0.2737960229580239
2022-12-12,45,45,9,0.2,36.72222222222222,0.2714430817815533
2022-12-13,36,36,12,0.3333333333333333,36.62222222222222,0.27341839042352856
2022-12-14,40,40,8,0.2,36.71111111111111,0.2735572793124175
2022-12-15,31,31,11,0.3548387096774194,36.65555555555556,0.27564807979031475
2022-12-16,22,22,9,0.4090909090909091,36.666666666666664,0.27754803169026665
2022-12-17,37,37,8,0.2162162162162162,36.78888888888889,0.2769589811012161
2022-12-18,23,23,13,0.5652173913043478,36.6,0.28073917433793105
2022-12-19,69,69,24,0.3478260869565217,36.9,0.2822229562564955
2022-12-20,51,51,17,0.3333333333333333,37.01111111111111,0.2834876355699554
2022-12-21,59,59,17,0.288135593220339,37.31111111111111,0.28356414216129244
2022-12-22,41,41,13,0.3170731707317073,37.46666666666667,0.2837949963216859
2022-12-23,39,39,14,0.358974358974359,37.544444444444444,0.28604748919917883
2022-12-24,34,34,9,0.2647058823529412,37.644444444444446,0.2845442212253226
2022-12-25,25,25,12,0.48,37.455555555555556,0.2856447503258517
2022-12-26,33,33,14,0.4242424242424242,37.34444444444444,0.28674098398022485
2022-12-27,45,45,12,0.2666666666666666,37.36666666666667,0.2853111820853067
2022-12-28,37,37,9,0.2432432432432432,37.25555555555555,0.28328575240030257
2022-12-29,43,43,10,0.2325581395348837,37.144444444444446,0.28503115730498785
2022-12-30,33,33,10,0.303030303030303,37.32222222222222,0.28447659204454023
2022-12-31,27,27,12,0.4444444444444444,37.3,0.28558344602495744
2023-01-01,36,36,14,0.3888888888888889,37.24444444444445,0.2850263848987906
2023-01-02,34,34,8,0.2352941176470588,37.1,0.2848038845511338
2023-01-03,30,30,6,0.2,37.05555555555556,0.2840849303027678
2023-01-04,38,38,13,0.3421052631578947,37.01111111111111,0.28524059724790846
2023-01-05,44,44,11,0.25,37.144444444444446,0.28489337502568624
2023-01-06,35,35,11,0.3142857142857143,37.2,0.28505210518441637
2023-01-07,38,38,14,0.3684210526315789,37.22222222222222,0.2845160428062487
2023-01-08,35,35,14,0.4,36.955555555555556,0.28575898065935607
2023-01-09,44,44,19,0.4318181818181818,36.9,0.28715559991311823
2023-01-10,39,39,11,0.282051282051282,36.855555555555554,0.2866719319875898
2023-01-11,26,26,12,0.4615384615384615,36.611111111111114,0.2892538408194986
2023-01-12,40,40,13,0.325,36.67777777777778,0.29025057284564243
2023-01-13,35,35,12,0.3428571428571428,36.766666666666666,0.29117943821895226
2023-01-14,33,33,17,0.5151515151515151,36.77777777777778,0.2930838994984135
2023-01-15,39,39,13,0.3333333333333333,36.55555555555556,0.29490436403074244
2023-01-16,51,51,17,0.3333333333333333,36.766666666666666,0.2958302899566683
2023-01-17,45,45,11,0.2444444444444444,36.8,0.2959008366938818
2023-01-18,19,19,6,0.3157894736842105,36.58888888888889,0.2964856320155192
2023-01-19,33,33,16,0.4848484848484848,36.58888888888889,0.2991792347091219
2023-01-20,40,40,10,0.25,36.62222222222222,0.2974525079823952
2023-01-21,26,26,5,0.1923076923076923,36.455555555555556,0.29606622488879497
2023-01-22,16,16,6,0.375,36.3,0.2957884471110172
2023-01-23,32,32,5,0.15625,36.08888888888889,0.29360298959467734
2023-01-24,28,28,12,0.4285714285714285,35.78888888888889,0.2959406519323397
2023-01-25,32,32,15,0.46875,35.666666666666664,0.29753141420624146
2023-01-26,48,48,9,0.1875,35.77777777777778,0.2966907709313877
2023-01-27,29,29,6,0.2068965517241379,35.766666666666666,0.29787851039498925
2023-01-28,25,25,9,0.36,35.82222222222222,0.2968785103949892
2023-01-29,26,26,11,0.4230769230769231,35.7,0.2982760617925406
2023-01-30,30,30,12,0.4,35.577777777777776,0.2994684737166599
2023-01-31,34,34,7,0.2058823529411764,35.6,0.2989782776382285
2023-02-01,34,34,8,0.2352941176470588,35.7,0.29892599005652915
2023-02-02,38,38,9,0.2368421052631578,35.91111111111111,0.29980318303898534
2023-02-03,43,43,10,0.2325581395348837,36.266666666666666,0.2963265563065446
2023-02-04,34,34,10,0.2941176470588235,36.355555555555554,0.2944663250345486
2023-02-05,28,28,11,0.3928571428571428,36.166666666666664,0.29463387353543047
2023-02-06,40,40,7,0.175,36.03333333333333,0.2942278906294476
2023-02-07,31,31,11,0.3548387096774194,35.96666666666667,0.2966690414576951
2023-02-08,40,40,5,0.125,36.08888888888889,0.2957590797718714
2023-02-09,23,23,6,0.2608695652173913,35.98888888888889,0.2955326304965091
2023-02-10,40,40,9,0.225,35.98888888888889,0.2946992971631758
2023-02-11,24,24,10,0.4166666666666667,35.82222222222222,0.29591012337400197
2023-02-12,42,42,12,0.2857142857142857,35.77777777777778,0.2971523593988467
2023-02-13,42,42,15,0.3571428571428571,35.94444444444444,0.2986514775646315
2023-02-14,45,45,17,0.3777777777777777,36.18888888888889,0.300433549491631
2023-02-15,42,42,14,0.3333333333333333,36.388888888888886,0.29997058652866804
2023-02-16,45,45,15,0.3333333333333333,36.44444444444444,0.3025631791212606
2023-02-17,40,40,6,0.15,36.644444444444446,0.30321974477782626
2023-02-18,27,27,8,0.2962962962962963,36.644444444444446,0.30321974477782626
2023-02-19,24,24,9,0.375,36.43333333333333,0.3050608300491441
2023-02-20,40,40,13,0.325,36.58888888888889,0.3052531377414518
2023-02-21,54,54,18,0.3333333333333333,36.72222222222222,0.30472403721235125
2023-02-22,50,50,13,0.26,36.7,0.30419412268243673
2023-02-23,52,52,15,0.2884615384615384,36.9,0.3047848718025976
2023-02-24,45,45,13,0.2888888888888888,37.144444444444446,0.303646922258851
2023-02-25,33,33,12,0.3636363636363636,37.15555555555556,0.3028262151881439
2023-02-26,33,33,6,0.1818181818181818,36.86666666666667,0.3012682627827339
2023-02-27,35,35,10,0.2857142857142857,36.522222222222226,0.30174926326373436
2023-02-28,33,33,11,0.3333333333333333,36.13333333333333,0.30300198657528116
2023-03-01,46,46,17,0.3695652173913043,36.08888888888889,0.30355271121296235
2023-03-02,51,51,20,0.392156862745098,36.01111111111111,0.30599430087564733
2023-03-03,57,57,12,0.2105263157894736,36.27777777777778,0.3066499804786954
2023-03-04,32,32,8,0.25,36.388888888888886,0.30791260674132165
2023-03-05,26,26,6,0.2307692307692307,36.43333333333333,0.30845650728522217
2023-03-06,49,49,17,0.3469387755102041,36.63333333333333,0.31016084493426027
2023-03-07,47,47,12,0.2553191489361702,36.955555555555556,0.3111458725150325
2023-03-08,38,38,11,0.2894736842105263,36.96666666666667,0.3107586431804348
2023-03-09,36,36,7,0.1944444444444444,36.87777777777778,0.31165651074496903
2023-03-10,33,33,7,0.2121212121212121,37.03333333333333,0.31108943649368426
2023-03-11,22,22,10,0.4545454545454545,36.93333333333333,0.3125557121535083
2023-03-12,37,37,10,0.2702702702702703,36.84444444444444,0.31333649293428906
2023-03-13,37,37,15,0.4054054054054054,36.855555555555554,0.3141372937350899
2023-03-14,63,63,14,0.2222222222222222,37.111111111111114,0.3143842073153368
2023-03-15,44,44,8,0.1818181818181818,37.25555555555555,0.3124617570057897
2023-03-16,32,32,8,0.25,37.36666666666667,0.3106940802381129
2023-03-17,47,47,12,0.2553191489361702,37.477777777777774,0.3111285572683346
2023-03-18,35,35,8,0.2285714285714285,37.611111111111114,0.3073880465713022
2023-03-19,15,15,6,0.4,37.01111111111111,0.3079677567162298
2023-03-20,46,46,9,0.1956521739130435,36.955555555555556,0.30643796605600426
2023-03-21,25,25,9,0.36,36.577777777777776,0.30723645946466716
2023-03-22,37,37,13,0.3513513513513513,36.53333333333333,0.3076173281382188
2023-03-23,51,51,9,0.1764705882352941,36.666666666666664,0.30558950846334026
2023-03-24,23,23,4,0.1739130434782608,36.544444444444444,0.3045806991425105
2023-03-25,18,18,7,0.3888888888888889,36.46666666666667,0.30356835346349814
2023-03-26,25,25,7,0.28,36.37777777777778,0.3019656598608046
2023-03-27,44,44,10,0.2272727272727272,36.36666666666667,0.30152794942309413
2023-03-28,43,43,12,0.2790697674418604,36.43333333333333,0.3019260219141899
2023-03-29,41,41,15,0.3658536585365853,36.41111111111111,0.303407083236431
2023-03-30,42,42,10,0.238095238095238,36.51111111111111,0.30268558251493033
2023-03-31,29,29,5,0.1724137931034483,36.53333333333333,0.29966301972225257
2023-04-01,11,11,5,0.4545454545454545,36.25555555555555,0.3003925371184366
2023-04-02,27,27,12,0.4444444444444444,36.17777777777778,0.30271642963840756
2023-04-03,37,37,13,0.3513513513513513,36.25555555555555,0.30439811132008926
2023-04-04,33,33,7,0.2121212121212121,36.2,0.30295384408634835
2023-04-05,34,34,8,0.2352941176470588,36.08888888888889,0.3027904453935379
2023-04-06,20,20,5,0.25,35.922222222222224,0.30207615967925217
2023-04-07,22,22,6,0.2727272727272727,35.74444444444445,0.3010128954580932
2023-04-08,27,27,8,0.2962962962962963,35.65555555555556,0.29986063208360764
2023-04-09,20,20,4,0.2,35.388888888888886,0.29728487450785
2023-04-10,37,37,11,0.2972972972972973,35.36666666666667,0.29745427467725016
2023-04-11,35,35,12,0.3428571428571428,35.46666666666667,0.2961355933585689
2023-04-12,43,43,16,0.3720930232558139,35.5,0.2966588491725224
2023-04-13,35,35,6,0.1714285714285714,35.5,0.2947540872677605
2023-04-14,28,28,3,0.1071428571428571,35.44444444444444,0.2902206577343309
2023-04-15,34,34,10,0.2941176470588235,35.388888888888886,0.2897849278868364
2023-04-16,35,35,7,0.2,35.21111111111111,0.28830344640535494
2023-04-17,27,27,8,0.2962962962962963,35.01111111111111,0.2888795780925977
2023-04-18,35,35,9,0.2571428571428571,35.18888888888889,0.288227949019916
2023-04-19,30,30,9,0.3,35.15555555555556,0.28617407696604397
2023-04-20,42,42,10,0.238095238095238,35.17777777777778,0.2860418018337688
2023-04-21,43,43,11,0.2558139534883721,35.36666666666667,0.28674742695799854
2023-04-22,26,26,8,0.3076923076923077,35.477777777777774,0.28599956371013535
2023-04-23,26,26,14,0.5384615384615384,35.41111111111111,0.2902463585819302
2023-04-24,40,40,9,0.225,35.544444444444444,0.28798445382002547
2023-04-25,23,23,10,0.4347826086956521,35.44444444444444,0.28760703836108825
2023-04-26,36,36,12,0.3333333333333333,35.31111111111111,0.28922740873145864
2023-04-27,39,39,12,0.3076923076923077,35.422222222222224,0.29034736157554936
2023-04-28,40,40,7,0.175,35.58888888888889,0.2882918060199938
2023-04-29,24,24,8,0.3333333333333333,35.56666666666667,0.28729465502284285
2023-04-30,34,34,8,0.2352941176470588,35.611111111111114,0.2854645896633657
2023-05-01,29,29,6,0.2068965517241379,35.55555555555556,0.2854758585387319
2023-05-02,29,29,9,0.3103448275862069,35.5,0.28630975531583364
2023-05-03,43,43,17,0.3953488372093023,35.55555555555556,0.2880709412263463
2023-05-04,39,39,16,0.4102564102564102,35.51111111111111,0.2900453664565855
2023-05-05,43,43,13,0.3023255813953488,35.611111111111114,0.2901365657269913
2023-05-06,30,30,9,0.3,35.63333333333333,0.28910481969524526
2023-05-07,27,27,11,0.4074074074074074,35.48888888888889,0.2916871242219943
2023-05-08,46,46,13,0.2826086956521739,35.65555555555556,0.2908845685106027
2023-05-09,41,41,8,0.1951219512195122,35.666666666666664,0.2916637013019306
2023-05-10,35,35,11,0.3142857142857143,35.8,0.29225721406935634
2023-05-11,44,44,13,0.2954545454545454,35.84444444444444,0.29304004235218467
2023-05-12,46,46,9,0.1956521739130435,36.08888888888889,0.2905843257660333
2023-05-13,17,17,5,0.2941176470588235,35.81111111111111,0.2906776964476393
2023-05-14,27,27,8,0.2962962962962963,35.644444444444446,0.29000162354934417
2023-05-15,33,33,17,0.5151515151515151,35.51111111111111,0.29152799840905236
2023-05-16,56,56,15,0.2678571428571428,35.666666666666664,0.2908004851815391
2023-05-17,63,63,6,0.0952380952380952,35.86666666666667,0.2881549825360365
2023-05-18,40,40,12,0.3,35.86666666666667,0.28982164920270315
2023-05-19,39,39,8,0.2051282051282051,36.0,0.2888086704119466
2023-05-20,21,21,13,0.6190476190476191,35.96666666666667,0.29152031062358674
2023-05-21,32,32,7,0.21875,35.87777777777778,0.2903397550680312
2023-05-22,37,37,10,0.2702702702702703,35.68888888888889,0.2896390543673305
2023-05-23,34,34,10,0.2941176470588235,35.51111111111111,0.2900181393346508
2023-05-24,31,31,9,0.2903225806451613,35.27777777777778,0.2900388175811355
2023-05-25,29,29,6,0.2068965517241379,35.1,0.28912779161263824
2023-05-26,33,33,9,0.2727272727272727,35.1,0.2881176906025372
2023-05-27,28,28,6,0.2142857142857142,35.044444444444444,0.28847844096328756
2023-05-28,26,26,3,0.1153846153846153,34.94444444444444,0.28658588907073573
2023-05-29,18,18,7,0.3888888888888889,34.77777777777778,0.287203173021353
2023-05-30,38,38,15,0.3947368421052631,34.68888888888889,0.28748285774039695
2023-05-31,58,58,20,0.3448275862068966,34.766666666666666,0.2869569768899725
2023-06-01,54,54,14,0.2592592592592592,34.733333333333334,0.28749845403963675
2023-06-02,55,55,7,0.1272727272727272,34.98888888888889,0.2861348176760004
2023-06-03,22,22,9,0.4090909090909091,34.94444444444444,0.28811616965735243
2023-06-04,36,36,16,0.4444444444444444,34.8,0.289199565978844
2023-06-05,53,53,16,0.3018867924528302,34.86666666666667,0.2897169842401402
2023-06-06,33,33,10,0.303030303030303,34.81111111111111,0.2898676133381377
2023-06-07,25,25,7,0.28,34.68888888888889,0.29081823062208834
2023-06-08,31,31,12,0.3870967741935484,34.666666666666664,0.2927624035340032
2023-06-09,43,43,10,0.2325581395348837,34.9,0.2902958778116635
2023-06-10,26,26,3,0.1153846153846153,34.77777777777778,0.2885749260907118
2023-06-11,19,19,6,0.3157894736842105,34.577777777777776,0.2875791935160318
2023-06-12,40,40,16,0.4,34.32222222222222,0.28955450215800715
2023-06-13,53,53,19,0.3584905660377358,34.422222222222224,0.29151752864933556
2023-06-14,42,42,21,0.5,34.53333333333333,0.2942953064271133
2023-06-15,42,42,13,0.3095238095238095,34.477777777777774,0.2948975804336426
2023-06-16,32,32,10,0.3125,34.44444444444444,0.2958301201161823
2023-06-17,23,23,8,0.3478260869565217,34.53333333333333,0.2952504099712548
2023-06-18,25,25,10,0.4,34.3,0.29752094137222096
2023-06-19,39,39,14,0.358974358974359,34.455555555555556,0.29750954536082497
2023-06-20,71,71,20,0.2816901408450704,34.833333333333336,0.2967355319107552
2023-06-21,45,45,13,0.2888888888888888,34.766666666666666,0.2979846241402396
2023-06-22,45,45,12,0.2666666666666666,35.01111111111111,0.2990152199534441
2023-06-23,44,44,15,0.3409090909090909,35.3,0.29848211108700184
2023-06-24,35,35,6,0.1714285714285714,35.41111111111111,0.29727576188065263
2023-06-25,13,13,6,0.4615384615384615,35.06666666666667,0.29987871448360526
2023-06-26,34,34,6,0.1764705882352941,34.96666666666667,0.2987387236035323
2023-06-27,21,21,7,0.3333333333333333,34.74444444444445,0.2983773866568295
2023-06-28,32,32,10,0.3125,34.63333333333333,0.29920410623354904
2023-06-29,37,37,15,0.4054054054054054,34.72222222222222,0.301792901925793
2023-06-30,46,46,15,0.3260869565217391,35.111111111111114,0.3003655852810851
2023-07-01,37,37,12,0.3243243243243243,35.22222222222222,0.29903091727975045
2023-07-02,31,31,12,0.3870967741935484,35.15555555555556,0.2994280886446637
2023-07-03,50,50,8,0.16,35.34444444444444,0.2988489640655391
2023-07-04,42,42,11,0.2619047619047619,35.43333333333333,0.29914463789062473
2023-07-05,49,49,15,0.3061224489795918,35.75555555555555,0.29976822065706465
2023-07-06,42,42,15,0.3571428571428571,35.977777777777774,0.30070617159501556
2023-07-07,38,38,11,0.2894736842105263,36.1,0.3006303647940626
2023-07-08,28,28,13,0.4642857142857143,36.18888888888889,0.30356687273057054
2023-07-09,25,25,6,0.24,36.05555555555556,0.3029302360939339
2023-07-10,20,20,5,0.25,35.888888888888886,0.30189849006218783
2023-07-11,28,28,14,0.5,35.72222222222222,0.3033196786926788
2023-07-12,42,42,12,0.2857142857142857,35.8,0.30458951996252004
2023-07-13,44,44,13,0.2954545454545454,35.977777777777774,0.30668187205487213
2023-07-14,32,32,8,0.25,35.955555555555556,0.3061916759764408
2023-07-15,23,23,8,0.3478260869565217,35.82222222222222,0.3078341880537355
2023-07-16,32,32,13,0.40625,35.87777777777778,0.3090558958726655
2023-07-17,38,38,8,0.2105263157894736,35.91111111111111,0.3085379343020724
2023-07-18,20,20,5,0.25,35.8,0.3079823787465168
2023-07-19,19,19,8,0.4210526315789473,35.544444444444444,0.3100152386741136
2023-07-20,38,38,17,0.4473684210526316,35.48888888888889,0.31214362164704984
2023-07-21,46,46,14,0.3043478260869565,35.71111111111111,0.31210646074032367
2023-07-22,40,40,17,0.425,35.86666666666667,0.31084577697963994
2023-07-23,43,43,14,0.3255813953488372,35.9,0.31196334803907144
2023-07-24,49,49,13,0.2653061224489796,36.18888888888889,0.3100802759696639
2023-07-25,40,40,14,0.35,36.233333333333334,0.31026546115484915
2023-07-26,31,31,9,0.2903225806451613,36.144444444444446,0.31007246418765866
2023-07-27,26,26,6,0.2307692307692307,35.98888888888889,0.3106921223073168
2023-07-28,37,37,14,0.3783783783783784,36.13333333333333,0.3111926228078173
2023-07-29,34,34,8,0.2352941176470588,36.13333333333333,0.3111926228078173
2023-07-30,40,40,18,0.45,36.25555555555555,0.31389377223310466
2023-07-31,60,60,20,0.3333333333333333,36.6,0.31414920007473934
2023-08-01,50,50,13,0.26,36.67777777777778,0.31264532410574714
2023-08-02,40,40,9,0.225,36.68888888888889,0.3105869195473426
2023-08-03,29,29,10,0.3448275862068966,36.53333333333333,0.31105916404524864
2023-08-04,29,29,7,0.2413793103448276,36.522222222222226,0.3104078230490801
2023-08-05,27,27,11,0.4074074074074074,36.522222222222226,0.3104078230490801
2023-08-06,38,38,10,0.2631578947368421,36.43333333333333,0.3101917030389097
2023-08-07,44,44,11,0.25,36.46666666666667,0.31080145913647067
2023-08-08,35,35,7,0.2,36.46666666666667,0.3095316178666294
2023-08-09,37,37,8,0.2162162162162162,36.388888888888886,0.3086511919862035
2023-08-10,33,33,9,0.2727272727272727,36.24444444444445,0.3095075819730283
2023-08-11,38,38,8,0.2105263157894736,36.477777777777774,0.30857878940336886
2023-08-12,28,28,7,0.25,36.48888888888889,0.30806438611118775
2023-08-13,36,36,9,0.25,36.522222222222226,0.30511825816505983
2023-08-14,31,31,12,0.3870967741935484,36.24444444444445,0.30644314295768654
2023-08-15,39,39,12,0.3076923076923077,35.977777777777774,0.3088037453182889
2023-08-16,40,40,11,0.275,35.977777777777774,0.30852596754051115
2023-08-17,36,36,12,0.3333333333333333,35.94444444444444,0.3099504689650126
2023-08-18,43,43,7,0.1627906976744186,36.18888888888889,0.3048809476164215
2023-08-19,30,30,11,0.3666666666666666,36.166666666666664,0.30652446613494
2023-08-20,33,33,11,0.3333333333333333,36.12222222222222,0.30722516683564066
2023-08-21,43,43,11,0.2558139534883721,36.22222222222222,0.30679957024041343
2023-08-22,32,32,11,0.34375,36.233333333333334,0.30739320823324495
2023-08-23,38,38,8,0.2105263157894736,36.333333333333336,0.307433538945082
2023-08-24,28,28,8,0.2857142857142857,36.27777777777778,0.3075778390893822
2023-08-25,46,46,10,0.217391304347826,36.477777777777774,0.3076123456456279
2023-08-26,28,28,9,0.3214285714285714,36.5,0.3099017229350052
2023-08-27,34,34,13,0.3823529411764705,36.67777777777778,0.30982910129375607
2023-08-28,59,59,14,0.2372881355932203,36.91111111111111,0.30807967122140006
2023-08-29,45,45,4,0.0888888888888888,36.766666666666666,0.30523590791786664
2023-08-30,32,32,7,0.21875,36.522222222222226,0.3047858050372082
2023-08-31,27,27,6,0.2222222222222222,36.21111111111111,0.30584079942553594
2023-09-01,30,30,8,0.2666666666666666,36.3,0.3042583078430443
2023-09-02,26,26,8,0.3076923076923077,36.18888888888889,0.30273883965690945
2023-09-03,24,24,10,0.4166666666666667,35.86666666666667,0.3040141715926188
2023-09-04,34,34,12,0.3529411764705882,35.87777777777778,0.30456873685306635
2023-09-05,43,43,12,0.2790697674418604,36.077777777777776,0.3045584009357537
2023-09-06,37,37,9,0.2432432432432432,36.144444444444446,0.30296002836963926
2023-09-07,29,29,10,0.3448275862068966,35.98888888888889,0.30420746666599496
2023-09-08,41,41,8,0.1951219512195122,36.15555555555556,0.3050934370641605
2023-09-09,23,23,6,0.2608695652173913,36.2,0.3044832158589736
2023-09-10,28,28,10,0.3571428571428571,36.06666666666667,0.30400702538278307
2023-09-11,29,29,9,0.3103448275862069,35.8,0.30347207273332166
2023-09-12,29,29,13,0.4482758620689655,35.65555555555556,0.3028973600896435
2023-09-13,35,35,10,0.2857142857142857,35.577777777777776,0.3026328098250932
2023-09-14,36,36,8,0.2222222222222222,35.62222222222222,0.3016297234053401
2023-09-15,33,33,9,0.2727272727272727,35.733333333333334,0.3007952921361262
2023-09-16,32,32,10,0.3125,35.81111111111111,0.299823069913904
2023-09-17,34,34,10,0.2941176470588235,35.75555555555555,0.29910243978150924
2023-09-18,41,41,9,0.2195121951219512,35.422222222222224,0.298411573717919
2023-09-19,48,48,14,0.2916666666666667,35.455555555555556,0.29844243791544983
2023-09-20,53,53,18,0.3396226415094339,35.544444444444444,0.29925305985814726
2023-09-21,43,43,14,0.3255813953488372,35.53333333333333,0.29908275212970004
2023-09-22,48,48,9,0.1875,35.67777777777778,0.29926132355827145
2023-09-23,23,23,6,0.2608695652173913,35.78888888888889,0.297031669154704
2023-09-24,13,13,5,0.3846153846153846,35.55555555555556,0.29934438911448275
2023-09-25,25,25,9,0.36,35.6,0.29964068541077904
2023-09-26,32,32,13,0.40625,35.6,0.3006823520774457
2023-09-27,34,34,16,0.4705882352941176,35.56666666666667,0.30140660574287587
2023-09-28,47,47,11,0.2340425531914893,35.577777777777776,0.3003838901503175
2023-09-29,36,36,9,0.25,35.56666666666667,0.2995580643244917
2023-09-30,28,28,8,0.2857142857142857,35.53333333333333,0.2984315922302777
2023-10-01,31,31,7,0.2258064516129032,35.32222222222222,0.2991627750259766
2023-10-02,34,34,9,0.2647058823529412,35.233333333333334,0.29919389858651196
2023-10-03,36,36,9,0.25,35.08888888888889,0.29857031582007204
2023-10-04,34,34,11,0.3235294117647059,35.0,0.29819683309364814
2023-10-05,45,45,11,0.2444444444444444,35.077777777777776,0.2976965082073583
2023-10-06,36,36,9,0.25,35.166666666666664,0.29531555582640595
2023-10-07,34,34,12,0.3529411764705882,35.266666666666666,0.29657045778719027
2023-10-08,36,36,14,0.3888888888888889,35.44444444444444,0.2981136676637335
2023-10-09,44,44,10,0.2272727272727272,35.62222222222222,0.29508336463343043
2023-10-10,43,43,11,0.2558139534883721,35.63333333333333,0.2947511387198092
2023-10-11,40,40,14,0.35,35.58888888888889,0.2953571993258698
2023-10-12,39,39,8,0.2051282051282051,35.666666666666664,0.2948586238272943
2023-10-13,38,38,9,0.2368421052631578,35.833333333333336,0.29362546847514576
2023-10-14,22,22,6,0.2727272727272727,35.72222222222222,0.29214188261655993
2023-10-15,25,25,6,0.24,35.577777777777776,0.2924693679966769
2023-10-16,31,31,7,0.2258064516129032,35.7,0.2922005507923758
2023-10-17,47,47,9,0.1914893617021276,36.01111111111111,0.2896498477937445
2023-10-18,30,30,7,0.2333333333333333,35.922222222222224,0.28727168015241894
2023-10-19,39,39,12,0.3076923076923077,35.84444444444444,0.28730884105914506
2023-10-20,31,31,10,0.3225806451612903,35.74444444444445,0.28617084822760386
2023-10-21,26,26,2,0.0769230769230769,35.55555555555556,0.2834079780228732
2023-10-22,19,19,5,0.2631578947368421,35.22222222222222,0.2833841088260717
2023-10-23,31,31,12,0.3870967741935484,35.12222222222222,0.28379629520599997
2023-10-24,42,42,11,0.2619047619047619,35.24444444444445,0.28348054166444
2023-10-25,43,43,10,0.2325581395348837,35.43333333333333,0.28350041842850277
2023-10-26,33,33,11,0.3333333333333333,35.388888888888886,0.28299991792800233
2023-10-27,34,34,9,0.2647058823529412,35.388888888888886,0.2833267153136232
2023-10-28,16,16,4,0.25,35.12222222222222,0.28110449309140095
2023-10-29,25,25,8,0.32,34.733333333333334,0.28095634494325283
2023-10-30,21,21,5,0.238095238095238,34.41111111111111,0.28071295869986657
2023-10-31,21,21,6,0.2857142857142857,34.2,0.2813875618744698
2023-11-01,23,23,6,0.2608695652173913,34.13333333333333,0.28045469497458636
2023-11-02,35,35,12,0.3428571428571428,34.2,0.2815822264469454
2023-11-03,31,31,10,0.3225806451612903,34.24444444444445,0.280639706866433
2023-11-04,26,26,7,0.2692307692307692,34.111111111111114,0.2807071832496989
2023-11-05,18,18,3,0.1666666666666666,33.82222222222222,0.27978125732377296
2023-11-06,41,41,11,0.2682926829268293,33.888888888888886,0.2805400649118488
2023-11-07,29,29,11,0.3793103448275862,33.8,0.2823522218964196
2023-11-08,37,37,12,0.3243243243243243,33.84444444444444,0.2829255224697202
2023-11-09,38,38,9,0.2368421052631578,33.84444444444444,0.28321792013053887
2023-11-10,27,27,10,0.3703703703703703,33.833333333333336,0.2845553686902097
2023-11-11,27,27,13,0.4814814814814814,33.733333333333334,0.287127385151115
2023-11-12,27,27,11,0.4074074074074074,33.68888888888889,0.28735305885349127
2023-11-13,38,38,10,0.2631578947368421,33.67777777777778,0.2868582320428749
2023-11-14,30,30,3,0.1,33.56666666666667,0.2849137875984305
2023-11-15,15,15,5,0.3333333333333333,33.333333333333336,0.2849137875984305
2023-11-16,21,21,6,0.2857142857142857,33.08888888888889,0.2862796052433179
2023-11-17,32,32,8,0.25,33.111111111111114,0.2849833089470216
2023-11-18,24,24,9,0.375,33.01111111111111,0.28544627190998456
2023-11-19,26,26,7,0.2692307692307692,32.82222222222222,0.2855953476404557
2023-11-20,24,24,8,0.3333333333333333,32.733333333333334,0.2854796068997149
2023-11-21,25,25,10,0.4,32.58888888888889,0.2875848700576097
2023-11-22,33,33,11,0.3333333333333333,32.644444444444446,0.2881139705867102
2023-11-23,33,33,9,0.2727272727272727,32.5,0.28872881467981515
2023-11-24,34,34,13,0.3823529411764705,32.56666666666667,0.28940575212145847
2023-11-25,34,34,15,0.4411764705882353,32.56666666666667,0.2900593468927003
2023-11-26,34,34,9,0.2647058823529412,32.28888888888889,0.2903639885233638
2023-11-27,26,26,11,0.4230769230769231,32.077777777777776,0.29407718890323087
2023-11-28,36,36,10,0.2777777777777778,32.12222222222222,0.29473305310076175
2023-11-29,27,27,10,0.3703703703703703,32.12222222222222,0.2963791436357412
2023-11-30,28,28,11,0.3928571428571428,32.1,0.2977812600378576
2023-12-01,37,37,9,0.2432432432432432,32.22222222222222,0.2970651593217569
2023-12-02,23,23,4,0.1739130434782608,32.21111111111111,0.2943678968418857
2023-12-03,16,16,6,0.375,32.01111111111111,0.29461299488110143
2023-12-04,49,49,11,0.2244897959183673,32.077777777777776,0.2940065507530626
2023-12-05,27,27,8,0.2962962962962963,31.966666666666665,0.2945960291203187
2023-12-06,25,25,10,0.4,31.92222222222222,0.2952090559402421
2023-12-07,31,31,12,0.3870967741935484,31.81111111111111,0.29734210952884255
2023-12-08,36,36,12,0.3333333333333333,31.955555555555556,0.2981472625079085
2023-12-09,28,28,8,0.2857142857142857,31.955555555555556,0.2973536117142577
2023-12-10,28,28,11,0.3928571428571428,31.944444444444443,0.29827041521726816
2023-12-11,36,36,9,0.25,32.022222222222226,0.29606735008316853
2023-12-12,29,29,11,0.3793103448275862,31.955555555555556,0.2971073062955385
2023-12-13,34,34,12,0.3529411764705882,31.933333333333334,0.2985597391205204
2023-12-14,35,35,15,0.4285714285714285,31.955555555555556,0.3002913408521221
2023-12-15,42,42,9,0.2142857142857142,32.06666666666667,0.2992000710108523
2023-12-16,30,30,13,0.4333333333333333,32.022222222222226,0.3007469119694579
2023-12-17,28,28,12,0.4285714285714285,31.877777777777776,0.30306979234111875
2023-12-18,42,42,16,0.3809523809523809,31.81111111111111,0.3040618558331823
2023-12-19,50,50,11,0.22,31.77777777777778,0.30273271537196633
2023-12-20,36,36,7,0.1944444444444444,31.7,0.30127563813969527
2023-12-21,33,33,10,0.303030303030303,31.533333333333335,0.30255930817336535
2023-12-22,31,31,7,0.2258064516129032,31.622222222222224,0.3021697180222044
2023-12-23,39,39,8,0.2051282051282051,31.91111111111111,0.3001754160279024
2023-12-24,20,20,4,0.2,31.855555555555554,0.2983976382501246
2023-12-25,12,12,3,0.25,31.633333333333333,0.2966615271390135
2023-12-26,21,21,9,0.4285714285714285,31.488888888888887,0.29619467373098357
2023-12-27,34,34,10,0.2941176470588235,31.344444444444445,0.296862174773954
2023-12-28,33,33,10,0.303030303030303,31.31111111111111,0.2974514003631796
2023-12-29,35,35,10,0.2857142857142857,31.38888888888889,0.2974514003631796
2023-12-30,31,31,9,0.2903225806451613,31.38888888888889,0.29816824624131577
2023-12-31,23,23,3,0.1304347826086956,31.266666666666666,0.29667634513304636
2024-01-01,18,18,9,0.5,31.066666666666666,0.2994541229108241
2024-01-02,36,36,11,0.3055555555555556,31.08888888888889,0.2992544133973892
2024-01-03,51,51,10,0.196078431372549,31.155555555555555,0.2987170132521459
2024-01-04,29,29,8,0.2758620689655172,31.07777777777778,0.2990043695739849
2024-01-05,39,39,14,0.358974358974359,31.133333333333333,0.29907140493513795
2024-01-06,42,42,12,0.2857142857142857,31.2,0.29792502045542013
2024-01-07,45,45,14,0.3111111111111111,31.211111111111112,0.29885655805362443
2024-01-08,52,52,17,0.3269230769230769,31.31111111111111,0.29964665942512114
2024-01-09,46,46,16,0.3478260869565217,31.377777777777776,0.29962250483574915
2024-01-10,43,43,14,0.3255813953488372,31.42222222222222,0.3009608736159784
2024-01-11,35,35,10,0.2857142857142857,31.38888888888889,0.3015038978432132
2024-01-12,40,40,2,0.05,31.58888888888889,0.29902915036846567
2024-01-13,31,31,11,0.3548387096774194,31.655555555555555,0.3003051360315481
2024-01-14,35,35,10,0.2857142857142857,31.7,0.30097077863267463
2024-01-15,37,37,14,0.3783783783783784,31.58888888888889,0.3030473232624107
2024-01-16,50,50,17,0.34,31.81111111111111,0.30423250844759586
2024-01-17,39,39,11,0.282051282051282,31.81111111111111,0.3039476081626956
2024-01-18,34,34,12,0.3529411764705882,31.844444444444445,0.30428494739946554
2024-01-19,32,32,9,0.28125,31.91111111111111,0.30655524654476474
2024-01-20,28,28,10,0.3571428571428571,32.01111111111111,0.30759952390483153
2024-01-21,21,21,10,0.4761904761904761,31.9,0.30858945392701964
2024-01-22,29,29,14,0.4827586206896552,31.755555555555556,0.31104338569129625
2024-01-23,44,44,15,0.3409090909090909,31.766666666666666,0.3122472851510097
2024-01-24,41,41,11,0.2682926829268293,31.855555555555554,0.311524611257604
2024-01-25,41,41,14,0.3414634146341463,31.933333333333334,0.31237747272739524
2024-01-26,40,40,12,0.3,32.2,0.31293302828295083
2024-01-27,21,21,4,0.1904761904761904,32.15555555555556,0.31149387484379737
2024-01-28,24,24,7,0.2916666666666667,32.18888888888889,0.3120891129390354
2024-01-29,40,40,17,0.425,32.4,0.3136367319866545
2024-01-30,46,46,16,0.3478260869565217,32.65555555555556,0.3146029155615337
2024-01-31,44,44,8,0.1818181818181818,32.75555555555555,0.3128135937722119
2024-02-01,34,34,15,0.4411764705882353,32.78888888888889,0.31413132516584463
2024-02-02,45,45,7,0.1555555555555555,33.0,0.31286826723612
2024-02-03,30,30,10,0.3333333333333333,33.13333333333333,0.31472011908797193
2024-02-04,23,23,9,0.391304347826087,32.93333333333333,0.3160869153646303
2024-02-05,36,36,17,0.4722222222222222,33.01111111111111,0.31711926955790404
2024-02-06,51,51,18,0.3529411764705882,33.166666666666664,0.31743723458175144
2024-02-07,69,69,13,0.1884057971014492,33.51111111111111,0.31689905337995466
2024-02-08,41,41,10,0.2439024390243902,33.666666666666664,0.3154938541427771
2024-02-09,34,34,7,0.2058823529411764,33.74444444444445,0.3124316416034404
2024-02-10,30,30,7,0.2333333333333333,33.77777777777778,0.31049748522483955
2024-02-11,35,35,10,0.2857142857142857,33.74444444444445,0.3107481117912556
2024-02-12,46,46,11,0.2391304347826087,33.922222222222224,0.31229400551106234
2024-02-13,34,34,9,0.2647058823529412,34.13333333333333,0.31153147827794686
2024-02-14,39,39,11,0.282051282051282,34.333333333333336,0.31149077823724686
2024-02-15,32,32,13,0.40625,34.333333333333336,0.31322688934835796
2024-02-16,39,39,9,0.2307692307692307,34.5,0.31162432524579387
2024-02-17,24,24,7,0.2916666666666667,34.477777777777774,0.3118736129950816
2024-02-18,29,29,11,0.3793103448275862,34.53333333333333,0.31238446867835107
2024-02-19,61,61,19,0.3114754098360656,34.93333333333333,0.311400862120974
2024-02-20,41,41,15,0.3658536585365853,35.022222222222226,0.3117621990676768
2024-02-21,40,40,17,0.425,35.1,0.313454118259596
2024-02-22,55,55,19,0.3454545454545454,35.333333333333336,0.313044136084908
2024-02-23,41,41,11,0.2682926829268293,35.41111111111111,0.3111232051108923
2024-02-24,26,26,11,0.4230769230769231,35.32222222222222,0.3128828833411588
2024-02-25,27,27,10,0.3703703703703703,35.333333333333336,0.3122972549777527
2024-02-26,35,35,9,0.2571428571428571,35.32222222222222,0.3120679780818091
2024-02-27,32,32,12,0.375,35.37777777777778,0.3121194184110272
2024-02-28,29,29,13,0.4482758620689655,35.388888888888886,0.3127351819578253
2024-02-29,31,31,7,0.2258064516129032,35.32222222222222,0.3125414398285992
2024-03-01,18,18,5,0.2777777777777778,35.266666666666666,0.31369549243192724
2024-03-02,24,24,8,0.3333333333333333,35.355555555555554,0.3132325294689643
2024-03-03,29,29,10,0.3448275862068966,35.13333333333333,0.3145696160277257
2024-03-04,30,30,9,0.3,35.166666666666664,0.3146107682911002
2024-03-05,34,34,13,0.3823529411764705,35.266666666666666,0.3144146898597276
2024-03-06,46,46,15,0.3260869565217391,35.43333333333333,0.3137368029967075
2024-03-07,43,43,8,0.1860465116279069,35.51111111111111,0.3121002827555361
2024-03-08,33,33,10,0.303030303030303,35.56666666666667,0.31229268294793633
2024-03-09,29,29,10,0.3448275862068966,35.577777777777776,0.31175902120737803
2024-03-10,33,33,13,0.3939393939393939,35.544444444444444,0.31335834780670463
2024-03-11,54,54,15,0.2777777777777778,35.82222222222222,0.3122302081728178
2024-03-12,34,34,13,0.3823529411764705,35.82222222222222,0.31255700555843874
2024-03-13,35,35,7,0.2,35.82222222222222,0.31001732301875623
2024-03-14,26,26,10,0.3846153846153846,35.644444444444446,0.3119098749113081
2024-03-15,55,55,16,0.2909090909090909,35.922222222222224,0.3103273833288165
2024-03-16,37,37,13,0.3513513513513513,36.022222222222226,0.3094693824708157
2024-03-17,47,47,15,0.3191489361702128,36.077777777777776,0.3087826775287916
2024-03-18,41,41,12,0.2926829268292683,35.977777777777774,0.30959026560467234
2024-03-19,39,39,12,0.3076923076923077,36.01111111111111,0.31084857519631526
2024-03-20,35,35,15,0.4285714285714285,36.03333333333333,0.31224347659121665
2024-03-21,46,46,12,0.2608695652173913,36.2,0.3126330667423777
2024-03-22,47,47,9,0.1914893617021276,36.28888888888889,0.31248152403764345
2024-03-23,19,19,7,0.3684210526315789,36.27777777777778,0.3143528690668832
2024-03-24,18,18,7,0.3888888888888889,36.34444444444444,0.3158960789434264
2024-03-25,39,39,14,0.358974358974359,36.544444444444444,0.3151227781701257
2024-03-26,53,53,15,0.2830188679245283,36.75555555555555,0.3149994584019668
2024-03-27,37,37,11,0.2972972972972973,36.8,0.31493575833826676
2024-03-28,36,36,7,0.1944444444444444,36.81111111111111,0.3139216489908241
2024-03-29,29,29,7,0.2413793103448276,36.78888888888889,0.31337783487637594
2024-03-30,24,24,9,0.375,36.8,0.3160952261807237
2024-03-31,27,27,0,0.0,36.9,0.3105396706251682
