event_date,action_segment,base_users,retained_users,d1_retention
2011-06-21,answer_user_day,28,20,0.7142857142857143
2011-06-21,comment_only_user_day,2,0,0.0
2011-06-21,question_user_day,6,2,0.3333333333333333
2011-06-22,answer_user_day,34,17,0.5
2011-06-22,comment_only_user_day,10,6,0.6
2011-06-22,question_user_day,8,1,0.125
2011-06-23,answer_user_day,18,12,0.6666666666666666
2011-06-23,comment_only_user_day,9,3,0.3333333333333333
2011-06-23,question_user_day,6,2,0.3333333333333333
2011-06-24,answer_user_day,16,7,0.4375
2011-06-24,comment_only_user_day,10,3,0.3
2011-06-24,question_user_day,4,2,0.5
2011-06-25,answer_user_day,9,5,0.5555555555555556
2011-06-25,comment_only_user_day,6,3,0.5
2011-06-25,question_user_day,2,2,1.0
2011-06-26,answer_user_day,5,3,0.6
2011-06-26,comment_only_user_day,6,3,0.5
2011-06-26,question_user_day,3,2,0.6666666666666666
2011-06-27,answer_user_day,10,4,0.4
2011-06-27,comment_only_user_day,11,6,0.5454545454545454
2011-06-27,question_user_day,5,3,0.6
2011-06-28,answer_user_day,18,10,0.5555555555555556
2011-06-28,comment_only_user_day,11,7,0.6363636363636364
2011-06-28,question_user_day,9,6,0.6666666666666666
2011-06-29,answer_user_day,32,12,0.375
2011-06-29,comment_only_user_day,18,1,0.05555555555555555
2011-06-29,question_user_day,11,4,0.36363636363636365
2011-06-30,answer_user_day,13,6,0.46153846153846156
2011-06-30,comment_only_user_day,8,3,0.375
2011-06-30,question_user_day,4,0,0.0
2011-07-01,answer_user_day,10,2,0.2
2011-07-01,comment_only_user_day,4,1,0.25
2011-07-01,question_user_day,4,0,0.0
2011-07-02,answer_user_day,9,2,0.2222222222222222
2011-07-02,comment_only_user_day,2,1,0.5
2011-07-02,question_user_day,3,1,0.3333333333333333
2011-07-03,answer_user_day,7,2,0.2857142857142857
2011-07-03,comment_only_user_day,4,1,0.25
2011-07-03,question_user_day,2,1,0.5
2011-07-04,answer_user_day,5,1,0.2
2011-07-04,comment_only_user_day,7,3,0.42857142857142855
2011-07-04,question_user_day,4,2,0.5
2011-07-05,answer_user_day,8,3,0.375
2011-07-05,comment_only_user_day,6,2,0.3333333333333333
2011-07-05,question_user_day,7,1,0.14285714285714285
2011-07-06,answer_user_day,6,3,0.5
2011-07-06,comment_only_user_day,5,2,0.4
2011-07-06,question_user_day,3,0,0.0
2011-07-07,answer_user_day,9,4,0.4444444444444444
2011-07-07,comment_only_user_day,8,2,0.25
2011-07-07,question_user_day,3,0,0.0
2011-07-08,answer_user_day,7,2,0.2857142857142857
2011-07-08,comment_only_user_day,3,2,0.6666666666666666
2011-07-08,question_user_day,4,1,0.25
2011-07-09,answer_user_day,4,3,0.75
2011-07-09,comment_only_user_day,5,1,0.2
2011-07-09,question_user_day,4,1,0.25
2011-07-10,answer_user_day,8,4,0.5
2011-07-10,comment_only_user_day,7,1,0.14285714285714285
2011-07-10,question_user_day,2,1,0.5
2011-07-11,answer_user_day,15,10,0.6666666666666666
2011-07-11,comment_only_user_day,5,1,0.2
2011-07-11,question_user_day,6,0,0.0
2011-07-12,answer_user_day,14,8,0.5714285714285714
2011-07-12,comment_only_user_day,4,1,0.25
2011-07-12,question_user_day,3,1,0.3333333333333333
2011-07-13,answer_user_day,5,3,0.6
2011-07-13,comment_only_user_day,13,2,0.15384615384615385
2011-07-13,question_user_day,1,1,1.0
2011-07-14,answer_user_day,2,1,0.5
2011-07-14,comment_only_user_day,6,3,0.5
2011-07-14,question_user_day,4,3,0.75
2011-07-15,answer_user_day,10,5,0.5
2011-07-15,comment_only_user_day,5,3,0.6
2011-07-15,question_user_day,2,0,0.0
2011-07-16,answer_user_day,5,5,1.0
2011-07-16,comment_only_user_day,6,0,0.0
2011-07-16,question_user_day,2,1,0.5
2011-07-17,answer_user_day,7,3,0.42857142857142855
2011-07-17,comment_only_user_day,2,0,0.0
2011-07-17,question_user_day,2,1,0.5
2011-07-18,answer_user_day,13,5,0.38461538461538464
2011-07-18,comment_only_user_day,2,1,0.5
2011-07-18,question_user_day,6,1,0.16666666666666666
2011-07-19,answer_user_day,6,4,0.6666666666666666
2011-07-19,comment_only_user_day,5,2,0.4
2011-07-19,question_user_day,3,2,0.6666666666666666
2011-07-20,answer_user_day,7,2,0.2857142857142857
2011-07-20,comment_only_user_day,10,4,0.4
2011-07-20,question_user_day,2,1,0.5
2011-07-21,answer_user_day,6,3,0.5
2011-07-21,comment_only_user_day,2,0,0.0
2011-07-21,question_user_day,5,3,0.6
2011-07-22,answer_user_day,7,0,0.0
2011-07-22,comment_only_user_day,5,2,0.4
2011-07-22,question_user_day,2,1,0.5
2011-07-23,answer_user_day,3,2,0.6666666666666666
2011-07-23,comment_only_user_day,3,2,0.6666666666666666
2011-07-23,question_user_day,1,0,0.0
2011-07-24,answer_user_day,4,2,0.5
2011-07-24,comment_only_user_day,3,2,0.6666666666666666
2011-07-24,question_user_day,2,1,0.5
2011-07-25,answer_user_day,6,4,0.6666666666666666
2011-07-25,comment_only_user_day,4,0,0.0
2011-07-25,question_user_day,3,1,0.3333333333333333
2011-07-26,answer_user_day,7,3,0.42857142857142855
2011-07-26,comment_only_user_day,5,1,0.2
2011-07-26,question_user_day,3,0,0.0
2011-07-27,answer_user_day,6,3,0.5
2011-07-27,comment_only_user_day,4,2,0.5
2011-07-27,question_user_day,1,1,1.0
2011-07-28,answer_user_day,9,5,0.5555555555555556
2011-07-28,comment_only_user_day,7,1,0.14285714285714285
2011-07-28,question_user_day,2,1,0.5
2011-07-29,answer_user_day,3,0,0.0
2011-07-29,comment_only_user_day,6,2,0.3333333333333333
2011-07-29,question_user_day,5,1,0.2
2011-07-30,answer_user_day,4,1,0.25
2011-07-30,comment_only_user_day,2,1,0.5
2011-07-30,question_user_day,1,0,0.0
2011-07-31,answer_user_day,10,6,0.6
2011-07-31,comment_only_user_day,4,4,1.0
2011-07-31,question_user_day,2,0,0.0
2011-08-01,answer_user_day,13,4,0.3076923076923077
2011-08-01,comment_only_user_day,10,4,0.4
2011-08-01,question_user_day,8,2,0.25
2011-08-02,answer_user_day,10,4,0.4
2011-08-02,comment_only_user_day,13,4,0.3076923076923077
2011-08-02,question_user_day,1,0,0.0
2011-08-03,answer_user_day,6,3,0.5
2011-08-03,comment_only_user_day,7,2,0.2857142857142857
2011-08-03,question_user_day,2,0,0.0
2011-08-04,answer_user_day,4,2,0.5
2011-08-04,comment_only_user_day,7,2,0.2857142857142857
2011-08-04,question_user_day,2,0,0.0
2011-08-05,answer_user_day,11,4,0.36363636363636365
2011-08-05,comment_only_user_day,1,0,0.0
2011-08-05,question_user_day,1,1,1.0
2011-08-06,answer_user_day,6,1,0.16666666666666666
2011-08-06,comment_only_user_day,9,0,0.0
2011-08-06,question_user_day,5,2,0.4
2011-08-07,answer_user_day,5,1,0.2
2011-08-07,comment_only_user_day,5,0,0.0
2011-08-07,question_user_day,2,0,0.0
2011-08-08,answer_user_day,7,2,0.2857142857142857
2011-08-08,comment_only_user_day,8,2,0.25
2011-08-08,question_user_day,3,2,0.6666666666666666
2011-08-09,answer_user_day,7,4,0.5714285714285714
2011-08-09,comment_only_user_day,3,1,0.3333333333333333
2011-08-09,question_user_day,5,2,0.4
2011-08-10,answer_user_day,5,2,0.4
2011-08-10,comment_only_user_day,6,1,0.16666666666666666
2011-08-10,question_user_day,6,0,0.0
2011-08-11,answer_user_day,6,1,0.16666666666666666
2011-08-11,comment_only_user_day,1,0,0.0
2011-08-11,question_user_day,1,0,0.0
2011-08-12,answer_user_day,7,4,0.5714285714285714
2011-08-12,comment_only_user_day,2,1,0.5
2011-08-12,question_user_day,5,0,0.0
2011-08-13,answer_user_day,4,0,0.0
2011-08-13,comment_only_user_day,8,4,0.5
2011-08-13,question_user_day,2,2,1.0
2011-08-14,answer_user_day,3,1,0.3333333333333333
2011-08-14,comment_only_user_day,4,2,0.5
2011-08-14,question_user_day,2,1,0.5
2011-08-15,answer_user_day,6,2,0.3333333333333333
2011-08-15,comment_only_user_day,9,1,0.1111111111111111
2011-08-15,question_user_day,6,3,0.5
2011-08-16,answer_user_day,7,4,0.5714285714285714
2011-08-16,comment_only_user_day,8,2,0.25
2011-08-16,question_user_day,2,0,0.0
2011-08-17,answer_user_day,9,2,0.2222222222222222
2011-08-17,comment_only_user_day,3,1,0.3333333333333333
2011-08-17,question_user_day,3,1,0.3333333333333333
2011-08-18,answer_user_day,6,1,0.16666666666666666
2011-08-18,comment_only_user_day,2,0,0.0
2011-08-18,question_user_day,1,1,1.0
2011-08-19,answer_user_day,3,0,0.0
2011-08-19,comment_only_user_day,5,0,0.0
2011-08-19,question_user_day,3,0,0.0
2011-08-20,answer_user_day,1,0,0.0
2011-08-20,comment_only_user_day,2,1,0.5
2011-08-21,answer_user_day,2,0,0.0
2011-08-21,question_user_day,3,2,0.6666666666666666
2011-08-22,answer_user_day,8,3,0.375
2011-08-22,comment_only_user_day,4,1,0.25
2011-08-22,question_user_day,7,5,0.7142857142857143
2011-08-23,answer_user_day,5,1,0.2
2011-08-23,comment_only_user_day,8,3,0.375
2011-08-23,question_user_day,7,5,0.7142857142857143
2011-08-24,answer_user_day,15,5,0.3333333333333333
2011-08-24,comment_only_user_day,7,3,0.42857142857142855
2011-08-24,question_user_day,3,0,0.0
2011-08-25,answer_user_day,12,5,0.4166666666666667
2011-08-25,comment_only_user_day,10,3,0.3
2011-08-25,question_user_day,1,1,1.0
2011-08-26,answer_user_day,11,6,0.5454545454545454
2011-08-26,comment_only_user_day,12,4,0.3333333333333333
2011-08-26,question_user_day,2,0,0.0
2011-08-27,answer_user_day,8,3,0.375
2011-08-27,comment_only_user_day,5,1,0.2
2011-08-27,question_user_day,2,1,0.5
2011-08-28,answer_user_day,6,3,0.5
2011-08-28,comment_only_user_day,4,0,0.0
2011-08-28,question_user_day,2,0,0.0
2011-08-29,answer_user_day,4,3,0.75
2011-08-29,comment_only_user_day,3,2,0.6666666666666666
2011-08-29,question_user_day,3,2,0.6666666666666666
2011-08-30,answer_user_day,11,7,0.6363636363636364
2011-08-30,comment_only_user_day,3,0,0.0
2011-08-30,question_user_day,2,0,0.0
2011-08-31,answer_user_day,7,4,0.5714285714285714
2011-08-31,comment_only_user_day,6,2,0.3333333333333333
2011-08-31,question_user_day,5,2,0.4
2011-09-01,answer_user_day,11,4,0.36363636363636365
2011-09-01,comment_only_user_day,6,2,0.3333333333333333
2011-09-01,question_user_day,1,1,1.0
2011-09-02,answer_user_day,6,2,0.3333333333333333
2011-09-02,comment_only_user_day,8,0,0.0
2011-09-02,question_user_day,2,0,0.0
2011-09-03,answer_user_day,2,0,0.0
2011-09-03,comment_only_user_day,2,1,0.5
2011-09-04,answer_user_day,6,3,0.5
2011-09-04,comment_only_user_day,1,0,0.0
2011-09-04,question_user_day,1,0,0.0
2011-09-05,answer_user_day,4,2,0.5
2011-09-05,comment_only_user_day,5,2,0.4
2011-09-05,question_user_day,2,2,1.0
2011-09-06,answer_user_day,12,3,0.25
2011-09-06,comment_only_user_day,6,0,0.0
2011-09-06,question_user_day,6,2,0.3333333333333333
2011-09-07,answer_user_day,7,2,0.2857142857142857
2011-09-07,comment_only_user_day,3,1,0.3333333333333333
2011-09-07,question_user_day,3,2,0.6666666666666666
2011-09-08,answer_user_day,3,1,0.3333333333333333
2011-09-08,comment_only_user_day,5,1,0.2
2011-09-08,question_user_day,1,1,1.0
2011-09-09,answer_user_day,10,1,0.1
2011-09-09,comment_only_user_day,6,2,0.3333333333333333
2011-09-09,question_user_day,1,0,0.0
2011-09-10,answer_user_day,2,1,0.5
2011-09-10,comment_only_user_day,5,0,0.0
2011-09-10,question_user_day,2,1,0.5
2011-09-11,answer_user_day,5,3,0.6
2011-09-11,comment_only_user_day,2,1,0.5
2011-09-11,question_user_day,2,1,0.5
2011-09-12,answer_user_day,11,5,0.45454545454545453
2011-09-12,comment_only_user_day,2,1,0.5
2011-09-12,question_user_day,3,1,0.3333333333333333
2011-09-13,answer_user_day,8,3,0.375
2011-09-13,comment_only_user_day,5,4,0.8
2011-09-13,question_user_day,1,0,0.0
2011-09-14,answer_user_day,3,2,0.6666666666666666
2011-09-14,comment_only_user_day,9,4,0.4444444444444444
2011-09-14,question_user_day,4,1,0.25
2011-09-15,answer_user_day,6,3,0.5
2011-09-15,comment_only_user_day,6,4,0.6666666666666666
2011-09-15,question_user_day,3,1,0.3333333333333333
2011-09-16,answer_user_day,11,7,0.6363636363636364
2011-09-16,comment_only_user_day,6,1,0.16666666666666666
2011-09-16,question_user_day,3,0,0.0
2011-09-17,answer_user_day,7,1,0.14285714285714285
2011-09-17,comment_only_user_day,3,1,0.3333333333333333
2011-09-17,question_user_day,4,1,0.25
2011-09-18,answer_user_day,4,0,0.0
2011-09-18,comment_only_user_day,4,1,0.25
2011-09-18,question_user_day,2,1,0.5
2011-09-19,answer_user_day,5,2,0.4
2011-09-19,comment_only_user_day,5,2,0.4
2011-09-19,question_user_day,1,0,0.0
2011-09-20,answer_user_day,11,7,0.6363636363636364
2011-09-20,comment_only_user_day,4,1,0.25
2011-09-20,question_user_day,3,1,0.3333333333333333
2011-09-21,answer_user_day,6,4,0.6666666666666666
2011-09-21,comment_only_user_day,6,3,0.5
2011-09-21,question_user_day,2,2,1.0
2011-09-22,answer_user_day,17,8,0.47058823529411764
2011-09-22,comment_only_user_day,5,2,0.4
2011-09-22,question_user_day,6,2,0.3333333333333333
2011-09-23,answer_user_day,8,7,0.875
2011-09-23,comment_only_user_day,8,1,0.125
2011-09-23,question_user_day,2,2,1.0
2011-09-24,answer_user_day,9,3,0.3333333333333333
2011-09-24,comment_only_user_day,4,1,0.25
2011-09-24,question_user_day,1,0,0.0
2011-09-25,answer_user_day,3,3,1.0
2011-09-25,comment_only_user_day,2,0,0.0
2011-09-25,question_user_day,1,0,0.0
2011-09-26,answer_user_day,12,4,0.3333333333333333
2011-09-26,comment_only_user_day,7,2,0.2857142857142857
2011-09-26,question_user_day,5,2,0.4
2011-09-27,answer_user_day,9,5,0.5555555555555556
2011-09-27,comment_only_user_day,8,2,0.25
2011-09-27,question_user_day,4,2,0.5
2011-09-28,answer_user_day,7,3,0.42857142857142855
2011-09-28,comment_only_user_day,4,2,0.5
2011-09-28,question_user_day,2,0,0.0
2011-09-29,answer_user_day,10,3,0.3
2011-09-29,comment_only_user_day,4,1,0.25
2011-09-29,question_user_day,3,2,0.6666666666666666
2011-09-30,answer_user_day,8,2,0.25
2011-09-30,comment_only_user_day,2,1,0.5
2011-09-30,question_user_day,3,2,0.6666666666666666
2011-10-01,answer_user_day,6,3,0.5
2011-10-01,comment_only_user_day,4,2,0.5
2011-10-01,question_user_day,3,1,0.3333333333333333
2011-10-02,answer_user_day,10,5,0.5
2011-10-02,comment_only_user_day,6,2,0.3333333333333333
2011-10-02,question_user_day,2,1,0.5
2011-10-03,answer_user_day,12,5,0.4166666666666667
2011-10-03,comment_only_user_day,10,3,0.3
2011-10-03,question_user_day,1,1,1.0
2011-10-04,answer_user_day,7,4,0.5714285714285714
2011-10-04,comment_only_user_day,6,3,0.5
2011-10-04,question_user_day,1,1,1.0
2011-10-05,answer_user_day,6,3,0.5
2011-10-05,comment_only_user_day,7,1,0.14285714285714285
2011-10-05,question_user_day,3,2,0.6666666666666666
2011-10-06,answer_user_day,4,3,0.75
2011-10-06,comment_only_user_day,5,3,0.6
2011-10-07,answer_user_day,8,0,0.0
2011-10-07,comment_only_user_day,6,0,0.0
2011-10-07,question_user_day,4,1,0.25
2011-10-08,answer_user_day,4,2,0.5
2011-10-08,comment_only_user_day,2,0,0.0
2011-10-08,question_user_day,2,1,0.5
2011-10-09,answer_user_day,10,3,0.3
2011-10-09,comment_only_user_day,4,3,0.75
2011-10-09,question_user_day,2,1,0.5
2011-10-10,answer_user_day,10,3,0.3
2011-10-10,comment_only_user_day,2,0,0.0
2011-10-10,question_user_day,2,0,0.0
2011-10-11,answer_user_day,2,1,0.5
2011-10-11,comment_only_user_day,3,1,0.3333333333333333
2011-10-11,question_user_day,1,1,1.0
2011-10-12,answer_user_day,3,1,0.3333333333333333
2011-10-12,comment_only_user_day,5,3,0.6
2011-10-12,question_user_day,1,0,0.0
2011-10-13,answer_user_day,8,2,0.25
2011-10-13,comment_only_user_day,4,1,0.25
2011-10-13,question_user_day,5,2,0.4
2011-10-14,answer_user_day,5,2,0.4
2011-10-14,comment_only_user_day,4,1,0.25
2011-10-14,question_user_day,1,0,0.0
2011-10-15,answer_user_day,9,4,0.4444444444444444
2011-10-15,question_user_day,4,2,0.5
2011-10-16,answer_user_day,7,3,0.42857142857142855
2011-10-16,comment_only_user_day,5,1,0.2
2011-10-16,question_user_day,3,2,0.6666666666666666
2011-10-17,answer_user_day,7,4,0.5714285714285714
2011-10-17,comment_only_user_day,8,1,0.125
2011-10-17,question_user_day,1,0,0.0
2011-10-18,answer_user_day,5,1,0.2
2011-10-18,comment_only_user_day,7,3,0.42857142857142855
2011-10-18,question_user_day,4,1,0.25
2011-10-19,answer_user_day,9,3,0.3333333333333333
2011-10-19,comment_only_user_day,8,4,0.5
2011-10-19,question_user_day,6,2,0.3333333333333333
2011-10-20,answer_user_day,11,5,0.45454545454545453
2011-10-20,comment_only_user_day,5,0,0.0
2011-10-20,question_user_day,4,1,0.25
2011-10-21,answer_user_day,6,3,0.5
2011-10-21,comment_only_user_day,3,2,0.6666666666666666
2011-10-21,question_user_day,2,1,0.5
2011-10-22,answer_user_day,9,4,0.4444444444444444
2011-10-22,comment_only_user_day,2,1,0.5
2011-10-22,question_user_day,3,1,0.3333333333333333
2011-10-23,answer_user_day,10,7,0.7
2011-10-23,comment_only_user_day,4,1,0.25
2011-10-23,question_user_day,2,0,0.0
2011-10-24,answer_user_day,13,3,0.23076923076923078
2011-10-24,comment_only_user_day,4,2,0.5
2011-10-24,question_user_day,1,0,0.0
2011-10-25,answer_user_day,3,2,0.6666666666666666
2011-10-25,comment_only_user_day,3,1,0.3333333333333333
2011-10-25,question_user_day,1,0,0.0
2011-10-26,answer_user_day,13,5,0.38461538461538464
2011-10-26,comment_only_user_day,10,3,0.3
2011-10-26,question_user_day,3,1,0.3333333333333333
2011-10-27,answer_user_day,10,5,0.5
2011-10-27,comment_only_user_day,11,2,0.18181818181818182
2011-10-28,answer_user_day,18,2,0.1111111111111111
2011-10-28,comment_only_user_day,19,3,0.15789473684210525
2011-10-28,question_user_day,4,1,0.25
2011-10-29,answer_user_day,8,1,0.125
2011-10-29,comment_only_user_day,7,1,0.14285714285714285
2011-10-29,question_user_day,2,1,0.5
2011-10-30,answer_user_day,3,2,0.6666666666666666
2011-10-30,comment_only_user_day,3,2,0.6666666666666666
2011-10-30,question_user_day,2,1,0.5
2011-10-31,answer_user_day,15,7,0.4666666666666667
2011-10-31,comment_only_user_day,7,0,0.0
2011-10-31,question_user_day,3,0,0.0
2011-11-01,answer_user_day,10,6,0.6
2011-11-01,comment_only_user_day,3,0,0.0
2011-11-01,question_user_day,1,1,1.0
2011-11-02,answer_user_day,11,5,0.45454545454545453
2011-11-02,comment_only_user_day,4,1,0.25
2011-11-02,question_user_day,5,1,0.2
2011-11-03,answer_user_day,9,2,0.2222222222222222
2011-11-03,comment_only_user_day,10,3,0.3
2011-11-03,question_user_day,2,0,0.0
2011-11-04,answer_user_day,7,4,0.5714285714285714
2011-11-04,comment_only_user_day,7,2,0.2857142857142857
2011-11-04,question_user_day,2,1,0.5
2011-11-05,answer_user_day,10,5,0.5
2011-11-05,comment_only_user_day,6,2,0.3333333333333333
2011-11-05,question_user_day,2,1,0.5
2011-11-06,answer_user_day,6,3,0.5
2011-11-06,comment_only_user_day,7,5,0.7142857142857143
2011-11-06,question_user_day,3,2,0.6666666666666666
2011-11-07,answer_user_day,14,10,0.7142857142857143
2011-11-07,comment_only_user_day,13,3,0.23076923076923078
2011-11-07,question_user_day,6,3,0.5
2011-11-08,answer_user_day,10,7,0.7
2011-11-08,comment_only_user_day,10,1,0.1
2011-11-08,question_user_day,1,0,0.0
2011-11-09,answer_user_day,10,5,0.5
2011-11-09,comment_only_user_day,15,4,0.26666666666666666
2011-11-09,question_user_day,5,4,0.8
2011-11-10,answer_user_day,13,1,0.07692307692307693
2011-11-10,comment_only_user_day,11,2,0.18181818181818182
2011-11-10,question_user_day,4,1,0.25
2011-11-11,comment_only_user_day,5,1,0.2
2011-11-11,question_user_day,2,1,0.5
2011-11-12,answer_user_day,5,2,0.4
2011-11-12,comment_only_user_day,4,1,0.25
2011-11-12,question_user_day,4,2,0.5
2011-11-13,answer_user_day,3,2,0.6666666666666666
2011-11-13,comment_only_user_day,4,0,0.0
2011-11-13,question_user_day,1,1,1.0
2011-11-14,answer_user_day,6,5,0.8333333333333334
2011-11-14,comment_only_user_day,4,1,0.25
2011-11-14,question_user_day,5,1,0.2
2011-11-15,answer_user_day,6,1,0.16666666666666666
2011-11-15,comment_only_user_day,12,5,0.4166666666666667
2011-11-15,question_user_day,1,0,0.0
2011-11-16,answer_user_day,5,4,0.8
2011-11-16,comment_only_user_day,8,2,0.25
2011-11-16,question_user_day,4,2,0.5
2011-11-17,answer_user_day,8,6,0.75
2011-11-17,comment_only_user_day,8,1,0.125
2011-11-17,question_user_day,3,1,0.3333333333333333
2011-11-18,answer_user_day,7,3,0.42857142857142855
2011-11-18,comment_only_user_day,7,2,0.2857142857142857
2011-11-18,question_user_day,4,0,0.0
2011-11-19,answer_user_day,2,2,1.0
2011-11-19,comment_only_user_day,4,2,0.5
2011-11-19,question_user_day,1,1,1.0
2011-11-20,answer_user_day,3,2,0.6666666666666666
2011-11-20,comment_only_user_day,3,2,0.6666666666666666
2011-11-20,question_user_day,1,1,1.0
2011-11-21,answer_user_day,9,4,0.4444444444444444
2011-11-21,comment_only_user_day,5,1,0.2
2011-11-21,question_user_day,2,2,1.0
2011-11-22,answer_user_day,9,5,0.5555555555555556
2011-11-22,comment_only_user_day,5,0,0.0
2011-11-22,question_user_day,4,1,0.25
2011-11-23,answer_user_day,11,4,0.36363636363636365
2011-11-23,comment_only_user_day,5,1,0.2
2011-11-23,question_user_day,4,1,0.25
2011-11-24,answer_user_day,4,1,0.25
2011-11-24,comment_only_user_day,5,4,0.8
2011-11-24,question_user_day,2,1,0.5
2011-11-25,answer_user_day,8,3,0.375
2011-11-25,comment_only_user_day,6,0,0.0
2011-11-25,question_user_day,3,1,0.3333333333333333
2011-11-26,answer_user_day,5,3,0.6
2011-11-26,comment_only_user_day,7,1,0.14285714285714285
2011-11-26,question_user_day,2,0,0.0
2011-11-27,answer_user_day,6,3,0.5
2011-11-27,comment_only_user_day,4,1,0.25
2011-11-28,answer_user_day,7,4,0.5714285714285714
2011-11-28,comment_only_user_day,7,2,0.2857142857142857
2011-11-28,question_user_day,4,3,0.75
2011-11-29,answer_user_day,14,7,0.5
2011-11-29,comment_only_user_day,14,3,0.21428571428571427
2011-11-29,question_user_day,4,2,0.5
2011-11-30,answer_user_day,10,4,0.4
2011-11-30,comment_only_user_day,8,3,0.375
2011-11-30,question_user_day,6,3,0.5
2011-12-01,answer_user_day,10,5,0.5
2011-12-01,comment_only_user_day,5,2,0.4
2011-12-01,question_user_day,5,2,0.4
2011-12-02,answer_user_day,8,2,0.25
2011-12-02,comment_only_user_day,13,2,0.15384615384615385
2011-12-02,question_user_day,2,0,0.0
2011-12-03,answer_user_day,5,1,0.2
2011-12-03,comment_only_user_day,3,1,0.3333333333333333
2011-12-03,question_user_day,2,0,0.0
2011-12-04,answer_user_day,3,1,0.3333333333333333
2011-12-04,comment_only_user_day,5,3,0.6
2011-12-04,question_user_day,4,2,0.5
2011-12-05,answer_user_day,5,2,0.4
2011-12-05,comment_only_user_day,12,3,0.25
2011-12-05,question_user_day,3,1,0.3333333333333333
2011-12-06,answer_user_day,10,5,0.5
2011-12-06,comment_only_user_day,7,4,0.5714285714285714
2011-12-06,question_user_day,2,0,0.0
2011-12-07,answer_user_day,9,5,0.5555555555555556
2011-12-07,comment_only_user_day,15,4,0.26666666666666666
2011-12-07,question_user_day,5,0,0.0
2011-12-08,answer_user_day,8,4,0.5
2011-12-08,comment_only_user_day,10,3,0.3
2011-12-08,question_user_day,1,1,1.0
2011-12-09,answer_user_day,8,2,0.25
2011-12-09,comment_only_user_day,9,1,0.1111111111111111
2011-12-09,question_user_day,5,2,0.4
2011-12-10,answer_user_day,8,2,0.25
2011-12-10,comment_only_user_day,4,0,0.0
2011-12-10,question_user_day,1,0,0.0
2011-12-11,answer_user_day,5,2,0.4
2011-12-11,comment_only_user_day,2,1,0.5
2011-12-11,question_user_day,1,0,0.0
2011-12-12,answer_user_day,15,5,0.3333333333333333
2011-12-12,comment_only_user_day,5,3,0.6
2011-12-12,question_user_day,3,2,0.6666666666666666
2011-12-13,answer_user_day,11,4,0.36363636363636365
2011-12-13,comment_only_user_day,7,6,0.8571428571428571
2011-12-13,question_user_day,4,2,0.5
2011-12-14,answer_user_day,8,5,0.625
2011-12-14,comment_only_user_day,13,5,0.38461538461538464
2011-12-14,question_user_day,1,1,1.0
2011-12-15,answer_user_day,9,5,0.5555555555555556
2011-12-15,comment_only_user_day,7,3,0.42857142857142855
2011-12-15,question_user_day,3,2,0.6666666666666666
2011-12-16,answer_user_day,6,4,0.6666666666666666
2011-12-16,comment_only_user_day,10,2,0.2
2011-12-16,question_user_day,6,3,0.5
2011-12-17,answer_user_day,8,4,0.5
2011-12-17,comment_only_user_day,4,0,0.0
2011-12-17,question_user_day,3,1,0.3333333333333333
2011-12-18,answer_user_day,6,4,0.6666666666666666
2011-12-18,comment_only_user_day,2,1,0.5
2011-12-18,question_user_day,4,4,1.0
2011-12-19,answer_user_day,12,8,0.6666666666666666
2011-12-19,comment_only_user_day,3,1,0.3333333333333333
2011-12-19,question_user_day,6,6,1.0
2011-12-20,answer_user_day,11,6,0.5454545454545454
2011-12-20,comment_only_user_day,10,6,0.6
2011-12-20,question_user_day,3,2,0.6666666666666666
2011-12-21,answer_user_day,8,4,0.5
2011-12-21,comment_only_user_day,7,4,0.5714285714285714
2011-12-21,question_user_day,6,3,0.5
2011-12-22,answer_user_day,16,6,0.375
2011-12-22,comment_only_user_day,2,1,0.5
2011-12-22,question_user_day,4,0,0.0
2011-12-23,answer_user_day,8,3,0.375
2011-12-23,comment_only_user_day,4,1,0.25
2011-12-23,question_user_day,2,1,0.5
2011-12-24,answer_user_day,5,2,0.4
2011-12-24,comment_only_user_day,4,1,0.25
2011-12-24,question_user_day,2,1,0.5
2011-12-25,answer_user_day,5,1,0.2
2011-12-25,comment_only_user_day,3,1,0.3333333333333333
2011-12-25,question_user_day,2,1,0.5
2011-12-26,answer_user_day,5,1,0.2
2011-12-26,comment_only_user_day,4,3,0.75
2011-12-26,question_user_day,3,1,0.3333333333333333
2011-12-27,answer_user_day,12,6,0.5
2011-12-27,comment_only_user_day,4,1,0.25
2011-12-27,question_user_day,3,3,1.0
2011-12-28,answer_user_day,9,5,0.5555555555555556
2011-12-28,comment_only_user_day,12,4,0.3333333333333333
2011-12-28,question_user_day,3,2,0.6666666666666666
2011-12-29,answer_user_day,9,6,0.6666666666666666
2011-12-29,comment_only_user_day,9,0,0.0
2011-12-29,question_user_day,5,1,0.2
2011-12-30,answer_user_day,9,3,0.3333333333333333
2011-12-30,comment_only_user_day,5,0,0.0
2011-12-30,question_user_day,2,0,0.0
2011-12-31,answer_user_day,2,1,0.5
2011-12-31,comment_only_user_day,2,2,1.0
2011-12-31,question_user_day,1,0,0.0
2012-01-01,answer_user_day,3,2,0.6666666666666666
2012-01-01,comment_only_user_day,4,1,0.25
2012-01-01,question_user_day,3,2,0.6666666666666666
2012-01-02,answer_user_day,7,1,0.14285714285714285
2012-01-02,comment_only_user_day,5,1,0.2
2012-01-02,question_user_day,4,1,0.25
2012-01-03,answer_user_day,8,4,0.5
2012-01-03,comment_only_user_day,2,1,0.5
2012-01-03,question_user_day,3,0,0.0
2012-01-04,answer_user_day,13,3,0.23076923076923078
2012-01-04,comment_only_user_day,8,1,0.125
2012-01-04,question_user_day,2,0,0.0
2012-01-05,answer_user_day,5,1,0.2
2012-01-05,comment_only_user_day,8,1,0.125
2012-01-05,question_user_day,1,0,0.0
2012-01-06,answer_user_day,1,1,1.0
2012-01-06,comment_only_user_day,2,0,0.0
2012-01-06,question_user_day,1,1,1.0
2012-01-07,answer_user_day,7,2,0.2857142857142857
2012-01-07,comment_only_user_day,2,1,0.5
2012-01-07,question_user_day,3,2,0.6666666666666666
2012-01-08,answer_user_day,10,5,0.5
2012-01-08,comment_only_user_day,3,1,0.3333333333333333
2012-01-08,question_user_day,3,1,0.3333333333333333
2012-01-09,answer_user_day,7,2,0.2857142857142857
2012-01-09,comment_only_user_day,11,5,0.45454545454545453
2012-01-10,answer_user_day,9,6,0.6666666666666666
2012-01-10,comment_only_user_day,9,4,0.4444444444444444
2012-01-10,question_user_day,3,2,0.6666666666666666
2012-01-11,answer_user_day,12,6,0.5
2012-01-11,comment_only_user_day,10,2,0.2
2012-01-11,question_user_day,4,2,0.5
2012-01-12,answer_user_day,13,8,0.6153846153846154
2012-01-12,comment_only_user_day,12,3,0.25
2012-01-12,question_user_day,2,1,0.5
2012-01-13,answer_user_day,11,2,0.18181818181818182
2012-01-13,comment_only_user_day,9,1,0.1111111111111111
2012-01-13,question_user_day,5,1,0.2
2012-01-14,answer_user_day,3,2,0.6666666666666666
2012-01-14,comment_only_user_day,3,0,0.0
2012-01-14,question_user_day,2,0,0.0
2012-01-15,answer_user_day,6,2,0.3333333333333333
2012-01-15,comment_only_user_day,1,0,0.0
2012-01-15,question_user_day,3,2,0.6666666666666666
2012-01-16,answer_user_day,11,1,0.09090909090909091
2012-01-16,comment_only_user_day,5,4,0.8
2012-01-16,question_user_day,8,3,0.375
2012-01-17,answer_user_day,12,4,0.3333333333333333
2012-01-17,comment_only_user_day,11,5,0.45454545454545453
2012-01-17,question_user_day,1,1,1.0
2012-01-18,answer_user_day,13,9,0.6923076923076923
2012-01-18,comment_only_user_day,9,2,0.2222222222222222
2012-01-18,question_user_day,5,0,0.0
2012-01-19,answer_user_day,11,4,0.36363636363636365
2012-01-19,comment_only_user_day,8,0,0.0
2012-01-19,question_user_day,5,2,0.4
2012-01-20,answer_user_day,8,3,0.375
2012-01-20,comment_only_user_day,7,4,0.5714285714285714
2012-01-20,question_user_day,6,1,0.16666666666666666
2012-01-21,answer_user_day,8,3,0.375
2012-01-21,comment_only_user_day,5,0,0.0
2012-01-21,question_user_day,6,4,0.6666666666666666
2012-01-22,answer_user_day,8,7,0.875
2012-01-22,comment_only_user_day,4,2,0.5
2012-01-22,question_user_day,5,3,0.6
2012-01-23,answer_user_day,11,8,0.7272727272727273
2012-01-23,comment_only_user_day,15,4,0.26666666666666666
2012-01-23,question_user_day,7,3,0.42857142857142855
2012-01-24,answer_user_day,11,4,0.36363636363636365
2012-01-24,comment_only_user_day,12,3,0.25
2012-01-24,question_user_day,6,3,0.5
2012-01-25,answer_user_day,7,4,0.5714285714285714
2012-01-25,comment_only_user_day,13,3,0.23076923076923078
2012-01-25,question_user_day,3,2,0.6666666666666666
2012-01-26,answer_user_day,11,5,0.45454545454545453
2012-01-26,comment_only_user_day,10,3,0.3
2012-01-26,question_user_day,4,2,0.5
2012-01-27,answer_user_day,8,4,0.5
2012-01-27,comment_only_user_day,9,2,0.2222222222222222
2012-01-27,question_user_day,3,2,0.6666666666666666
2012-01-28,answer_user_day,5,1,0.2
2012-01-28,comment_only_user_day,5,3,0.6
2012-01-28,question_user_day,4,3,0.75
2012-01-29,answer_user_day,11,6,0.5454545454545454
2012-01-29,comment_only_user_day,5,1,0.2
2012-01-29,question_user_day,8,5,0.625
2012-01-30,answer_user_day,16,11,0.6875
2012-01-30,comment_only_user_day,13,4,0.3076923076923077
2012-01-30,question_user_day,8,3,0.375
2012-01-31,answer_user_day,14,6,0.42857142857142855
2012-01-31,comment_only_user_day,17,2,0.11764705882352941
2012-01-31,question_user_day,5,3,0.6
2012-02-01,answer_user_day,12,7,0.5833333333333334
2012-02-01,comment_only_user_day,5,1,0.2
2012-02-01,question_user_day,4,1,0.25
2012-02-02,answer_user_day,21,4,0.19047619047619047
2012-02-02,comment_only_user_day,14,3,0.21428571428571427
2012-02-02,question_user_day,5,1,0.2
2012-02-03,answer_user_day,3,0,0.0
2012-02-03,comment_only_user_day,13,3,0.23076923076923078
2012-02-03,question_user_day,1,0,0.0
2012-02-04,answer_user_day,6,1,0.16666666666666666
2012-02-04,comment_only_user_day,4,0,0.0
2012-02-04,question_user_day,2,2,1.0
2012-02-05,answer_user_day,4,1,0.25
2012-02-05,comment_only_user_day,6,2,0.3333333333333333
2012-02-05,question_user_day,3,2,0.6666666666666666
2012-02-06,answer_user_day,8,6,0.75
2012-02-06,comment_only_user_day,5,3,0.6
2012-02-06,question_user_day,2,1,0.5
2012-02-07,answer_user_day,9,5,0.5555555555555556
2012-02-07,comment_only_user_day,10,6,0.6
2012-02-07,question_user_day,4,0,0.0
2012-02-08,answer_user_day,19,7,0.3684210526315789
2012-02-08,comment_only_user_day,10,3,0.3
2012-02-08,question_user_day,4,2,0.5
2012-02-09,answer_user_day,14,3,0.21428571428571427
2012-02-09,comment_only_user_day,8,1,0.125
2012-02-09,question_user_day,3,0,0.0
2012-02-10,answer_user_day,8,2,0.25
2012-02-10,comment_only_user_day,5,0,0.0
2012-02-10,question_user_day,4,1,0.25
2012-02-11,answer_user_day,5,3,0.6
2012-02-11,comment_only_user_day,4,1,0.25
2012-02-11,question_user_day,3,1,0.3333333333333333
2012-02-12,answer_user_day,6,5,0.8333333333333334
2012-02-12,comment_only_user_day,8,5,0.625
2012-02-13,answer_user_day,15,8,0.5333333333333333
2012-02-13,comment_only_user_day,9,2,0.2222222222222222
2012-02-13,question_user_day,4,3,0.75
2012-02-14,answer_user_day,8,5,0.625
2012-02-14,comment_only_user_day,10,4,0.4
2012-02-14,question_user_day,4,3,0.75
2012-02-15,answer_user_day,7,4,0.5714285714285714
2012-02-15,comment_only_user_day,10,4,0.4
2012-02-15,question_user_day,4,3,0.75
2012-02-16,answer_user_day,8,3,0.375
2012-02-16,comment_only_user_day,13,1,0.07692307692307693
2012-02-16,question_user_day,5,4,0.8
2012-02-17,answer_user_day,6,2,0.3333333333333333
2012-02-17,comment_only_user_day,4,1,0.25
2012-02-17,question_user_day,4,1,0.25
2012-02-18,answer_user_day,2,1,0.5
2012-02-18,comment_only_user_day,7,1,0.14285714285714285
2012-02-18,question_user_day,1,0,0.0
2012-02-19,answer_user_day,6,3,0.5
2012-02-19,comment_only_user_day,5,4,0.8
2012-02-19,question_user_day,6,5,0.8333333333333334
2012-02-20,answer_user_day,14,5,0.35714285714285715
2012-02-20,comment_only_user_day,13,5,0.38461538461538464
2012-02-20,question_user_day,4,0,0.0
2012-02-21,answer_user_day,13,5,0.38461538461538464
2012-02-21,comment_only_user_day,10,2,0.2
2012-02-21,question_user_day,4,1,0.25
2012-02-22,answer_user_day,11,5,0.45454545454545453
2012-02-22,comment_only_user_day,11,4,0.36363636363636365
2012-02-22,question_user_day,2,1,0.5
2012-02-23,answer_user_day,8,2,0.25
2012-02-23,comment_only_user_day,8,0,0.0
2012-02-23,question_user_day,4,2,0.5
2012-02-24,answer_user_day,5,2,0.4
2012-02-24,comment_only_user_day,10,2,0.2
2012-02-24,question_user_day,2,0,0.0
2012-02-25,answer_user_day,6,2,0.3333333333333333
2012-02-25,comment_only_user_day,3,1,0.3333333333333333
2012-02-25,question_user_day,3,1,0.3333333333333333
2012-02-26,answer_user_day,7,3,0.42857142857142855
2012-02-26,comment_only_user_day,4,2,0.5
2012-02-26,question_user_day,2,1,0.5
2012-02-27,answer_user_day,7,1,0.14285714285714285
2012-02-27,comment_only_user_day,10,5,0.5
2012-02-27,question_user_day,3,1,0.3333333333333333
2012-02-28,answer_user_day,6,5,0.8333333333333334
2012-02-28,comment_only_user_day,9,3,0.3333333333333333
2012-02-28,question_user_day,2,2,1.0
2012-02-29,answer_user_day,7,4,0.5714285714285714
2012-02-29,comment_only_user_day,9,5,0.5555555555555556
2012-03-01,answer_user_day,7,3,0.42857142857142855
2012-03-01,comment_only_user_day,11,4,0.36363636363636365
2012-03-01,question_user_day,1,0,0.0
2012-03-02,answer_user_day,6,1,0.16666666666666666
2012-03-02,comment_only_user_day,8,1,0.125
2012-03-02,question_user_day,2,0,0.0
2012-03-03,answer_user_day,2,0,0.0
2012-03-03,comment_only_user_day,6,1,0.16666666666666666
2012-03-03,question_user_day,1,1,1.0
2012-03-04,answer_user_day,1,1,1.0
2012-03-04,comment_only_user_day,8,4,0.5
2012-03-04,question_user_day,4,3,0.75
2012-03-05,answer_user_day,8,4,0.5
2012-03-05,comment_only_user_day,8,2,0.25
2012-03-05,question_user_day,6,2,0.3333333333333333
2012-03-06,answer_user_day,10,6,0.6
2012-03-06,comment_only_user_day,9,3,0.3333333333333333
2012-03-06,question_user_day,4,1,0.25
2012-03-07,answer_user_day,7,6,0.8571428571428571
2012-03-07,comment_only_user_day,7,2,0.2857142857142857
2012-03-07,question_user_day,2,2,1.0
2012-03-08,answer_user_day,10,3,0.3
2012-03-08,comment_only_user_day,9,3,0.3333333333333333
2012-03-08,question_user_day,6,1,0.16666666666666666
2012-03-09,answer_user_day,8,0,0.0
2012-03-09,comment_only_user_day,5,1,0.2
2012-03-09,question_user_day,1,0,0.0
2012-03-10,answer_user_day,6,3,0.5
2012-03-10,comment_only_user_day,1,0,0.0
2012-03-10,question_user_day,2,1,0.5
2012-03-11,answer_user_day,6,2,0.3333333333333333
2012-03-11,comment_only_user_day,6,0,0.0
2012-03-11,question_user_day,4,1,0.25
2012-03-12,answer_user_day,7,4,0.5714285714285714
2012-03-12,comment_only_user_day,4,1,0.25
2012-03-12,question_user_day,2,1,0.5
2012-03-13,answer_user_day,13,6,0.46153846153846156
2012-03-13,comment_only_user_day,3,1,0.3333333333333333
2012-03-13,question_user_day,5,2,0.4
2012-03-14,answer_user_day,10,7,0.7
2012-03-14,comment_only_user_day,9,2,0.2222222222222222
2012-03-14,question_user_day,3,1,0.3333333333333333
2012-03-15,answer_user_day,15,7,0.4666666666666667
2012-03-15,comment_only_user_day,6,0,0.0
2012-03-15,question_user_day,5,2,0.4
2012-03-16,answer_user_day,12,2,0.16666666666666666
2012-03-16,comment_only_user_day,5,1,0.2
2012-03-16,question_user_day,4,0,0.0
2012-03-17,answer_user_day,4,3,0.75
2012-03-17,comment_only_user_day,3,0,0.0
2012-03-17,question_user_day,3,2,0.6666666666666666
2012-03-18,answer_user_day,5,2,0.4
2012-03-18,comment_only_user_day,9,3,0.3333333333333333
2012-03-18,question_user_day,1,1,1.0
2012-03-19,answer_user_day,6,3,0.5
2012-03-19,comment_only_user_day,10,3,0.3
2012-03-19,question_user_day,2,1,0.5
2012-03-20,answer_user_day,11,5,0.45454545454545453
2012-03-20,comment_only_user_day,14,1,0.07142857142857142
2012-03-20,question_user_day,4,0,0.0
2012-03-21,answer_user_day,2,0,0.0
2012-03-21,comment_only_user_day,10,2,0.2
2012-03-22,answer_user_day,7,3,0.42857142857142855
2012-03-22,comment_only_user_day,3,1,0.3333333333333333
2012-03-22,question_user_day,6,3,0.5
2012-03-23,answer_user_day,8,2,0.25
2012-03-23,comment_only_user_day,6,1,0.16666666666666666
2012-03-23,question_user_day,7,2,0.2857142857142857
2012-03-24,answer_user_day,5,2,0.4
2012-03-24,comment_only_user_day,3,1,0.3333333333333333
2012-03-24,question_user_day,4,2,0.5
2012-03-25,answer_user_day,5,3,0.6
2012-03-25,comment_only_user_day,9,2,0.2222222222222222
2012-03-25,question_user_day,3,2,0.6666666666666666
2012-03-26,answer_user_day,4,1,0.25
2012-03-26,comment_only_user_day,12,2,0.16666666666666666
2012-03-26,question_user_day,5,3,0.6
2012-03-27,answer_user_day,8,5,0.625
2012-03-27,comment_only_user_day,7,2,0.2857142857142857
2012-03-27,question_user_day,5,2,0.4
2012-03-28,answer_user_day,8,5,0.625
2012-03-28,comment_only_user_day,6,3,0.5
2012-03-28,question_user_day,4,3,0.75
2012-03-29,answer_user_day,5,1,0.2
2012-03-29,comment_only_user_day,12,6,0.5
2012-03-29,question_user_day,4,1,0.25
2012-03-30,answer_user_day,14,3,0.21428571428571427
2012-03-30,comment_only_user_day,5,3,0.6
2012-03-30,question_user_day,3,3,1.0
2012-03-31,answer_user_day,4,1,0.25
2012-03-31,comment_only_user_day,8,2,0.25
2012-03-31,question_user_day,3,2,0.6666666666666666
2012-04-01,answer_user_day,4,2,0.5
2012-04-01,comment_only_user_day,2,0,0.0
2012-04-01,question_user_day,3,2,0.6666666666666666
2012-04-02,answer_user_day,8,4,0.5
2012-04-02,comment_only_user_day,8,4,0.5
2012-04-02,question_user_day,3,0,0.0
2012-04-03,answer_user_day,9,2,0.2222222222222222
2012-04-03,comment_only_user_day,5,1,0.2
2012-04-03,question_user_day,6,0,0.0
2012-04-04,answer_user_day,6,2,0.3333333333333333
2012-04-04,comment_only_user_day,6,3,0.5
2012-04-04,question_user_day,3,1,0.3333333333333333
2012-04-05,answer_user_day,6,0,0.0
2012-04-05,comment_only_user_day,10,2,0.2
2012-04-05,question_user_day,7,3,0.42857142857142855
2012-04-06,answer_user_day,5,1,0.2
2012-04-06,comment_only_user_day,6,1,0.16666666666666666
2012-04-07,answer_user_day,4,0,0.0
2012-04-07,comment_only_user_day,2,1,0.5
2012-04-07,question_user_day,4,0,0.0
2012-04-08,answer_user_day,8,2,0.25
2012-04-08,comment_only_user_day,2,0,0.0
2012-04-08,question_user_day,2,0,0.0
2012-04-09,answer_user_day,4,0,0.0
2012-04-09,comment_only_user_day,4,0,0.0
2012-04-10,answer_user_day,9,1,0.1111111111111111
2012-04-10,comment_only_user_day,3,2,0.6666666666666666
2012-04-10,question_user_day,3,1,0.3333333333333333
2012-04-11,answer_user_day,6,4,0.6666666666666666
2012-04-11,comment_only_user_day,8,3,0.375
2012-04-11,question_user_day,4,0,0.0
2012-04-12,answer_user_day,5,2,0.4
2012-04-12,comment_only_user_day,6,1,0.16666666666666666
2012-04-12,question_user_day,5,4,0.8
2012-04-13,answer_user_day,7,3,0.42857142857142855
2012-04-13,comment_only_user_day,10,2,0.2
2012-04-13,question_user_day,6,5,0.8333333333333334
2012-04-14,answer_user_day,6,2,0.3333333333333333
2012-04-14,comment_only_user_day,9,3,0.3333333333333333
2012-04-14,question_user_day,1,0,0.0
2012-04-15,answer_user_day,13,6,0.46153846153846156
2012-04-15,comment_only_user_day,5,1,0.2
2012-04-15,question_user_day,7,2,0.2857142857142857
2012-04-16,answer_user_day,3,2,0.6666666666666666
2012-04-16,comment_only_user_day,14,4,0.2857142857142857
2012-04-16,question_user_day,1,1,1.0
2012-04-17,answer_user_day,10,3,0.3
2012-04-17,comment_only_user_day,12,2,0.16666666666666666
2012-04-17,question_user_day,3,2,0.6666666666666666
2012-04-18,answer_user_day,6,3,0.5
2012-04-18,comment_only_user_day,7,1,0.14285714285714285
2012-04-18,question_user_day,3,0,0.0
2012-04-19,answer_user_day,4,3,0.75
2012-04-19,comment_only_user_day,10,4,0.4
2012-04-19,question_user_day,1,1,1.0
2012-04-20,answer_user_day,6,3,0.5
2012-04-20,comment_only_user_day,8,1,0.125
2012-04-20,question_user_day,4,2,0.5
2012-04-21,answer_user_day,2,2,1.0
2012-04-21,comment_only_user_day,5,3,0.6
2012-04-21,question_user_day,2,1,0.5
2012-04-22,answer_user_day,6,1,0.16666666666666666
2012-04-22,comment_only_user_day,7,2,0.2857142857142857
2012-04-22,question_user_day,4,1,0.25
2012-04-23,answer_user_day,12,6,0.5
2012-04-23,comment_only_user_day,5,1,0.2
2012-04-23,question_user_day,4,2,0.5
2012-04-24,answer_user_day,10,3,0.3
2012-04-24,comment_only_user_day,9,4,0.4444444444444444
2012-04-24,question_user_day,2,0,0.0
2012-04-25,answer_user_day,7,5,0.7142857142857143
2012-04-25,comment_only_user_day,6,1,0.16666666666666666
2012-04-25,question_user_day,5,3,0.6
2012-04-26,answer_user_day,8,6,0.75
2012-04-26,comment_only_user_day,7,2,0.2857142857142857
2012-04-26,question_user_day,5,2,0.4
2012-04-27,answer_user_day,13,1,0.07692307692307693
2012-04-27,comment_only_user_day,4,1,0.25
2012-04-27,question_user_day,5,2,0.4
2012-04-28,answer_user_day,5,2,0.4
2012-04-28,comment_only_user_day,8,0,0.0
2012-04-28,question_user_day,4,0,0.0
2012-04-29,answer_user_day,4,2,0.5
2012-04-29,comment_only_user_day,2,0,0.0
2012-04-29,question_user_day,2,1,0.5
2012-04-30,answer_user_day,9,3,0.3333333333333333
2012-04-30,comment_only_user_day,9,4,0.4444444444444444
2012-04-30,question_user_day,3,0,0.0
2012-05-01,answer_user_day,7,3,0.42857142857142855
2012-05-01,comment_only_user_day,8,3,0.375
2012-05-01,question_user_day,2,1,0.5
2012-05-02,answer_user_day,6,4,0.6666666666666666
2012-05-02,comment_only_user_day,11,5,0.45454545454545453
2012-05-02,question_user_day,3,1,0.3333333333333333
2012-05-03,answer_user_day,8,5,0.625
2012-05-03,comment_only_user_day,12,5,0.4166666666666667
2012-05-03,question_user_day,4,2,0.5
2012-05-04,answer_user_day,14,2,0.14285714285714285
2012-05-04,comment_only_user_day,7,0,0.0
2012-05-04,question_user_day,9,3,0.3333333333333333
2012-05-05,answer_user_day,7,0,0.0
2012-05-05,comment_only_user_day,5,0,0.0
2012-05-06,answer_user_day,5,2,0.4
2012-05-06,comment_only_user_day,6,1,0.16666666666666666
2012-05-07,answer_user_day,8,5,0.625
2012-05-07,comment_only_user_day,9,2,0.2222222222222222
2012-05-07,question_user_day,6,2,0.3333333333333333
2012-05-08,answer_user_day,10,7,0.7
2012-05-08,comment_only_user_day,10,4,0.4
2012-05-08,question_user_day,5,2,0.4
2012-05-09,answer_user_day,14,2,0.14285714285714285
2012-05-09,comment_only_user_day,13,4,0.3076923076923077
2012-05-09,question_user_day,3,1,0.3333333333333333
2012-05-10,answer_user_day,11,1,0.09090909090909091
2012-05-10,comment_only_user_day,6,0,0.0
2012-05-10,question_user_day,6,1,0.16666666666666666
2012-05-11,answer_user_day,5,1,0.2
2012-05-11,comment_only_user_day,5,2,0.4
2012-05-11,question_user_day,2,0,0.0
2012-05-12,answer_user_day,6,3,0.5
2012-05-12,comment_only_user_day,7,2,0.2857142857142857
2012-05-12,question_user_day,6,2,0.3333333333333333
2012-05-13,answer_user_day,6,5,0.8333333333333334
2012-05-13,comment_only_user_day,7,3,0.42857142857142855
2012-05-13,question_user_day,2,1,0.5
2012-05-14,answer_user_day,14,4,0.2857142857142857
2012-05-14,comment_only_user_day,11,5,0.45454545454545453
2012-05-14,question_user_day,6,1,0.16666666666666666
2012-05-15,answer_user_day,9,5,0.5555555555555556
2012-05-15,comment_only_user_day,12,3,0.25
2012-05-15,question_user_day,5,2,0.4
2012-05-16,answer_user_day,8,2,0.25
2012-05-16,comment_only_user_day,9,1,0.1111111111111111
2012-05-16,question_user_day,5,4,0.8
2012-05-17,answer_user_day,4,2,0.5
2012-05-17,comment_only_user_day,10,2,0.2
2012-05-17,question_user_day,4,1,0.25
2012-05-18,answer_user_day,4,0,0.0
2012-05-18,comment_only_user_day,7,1,0.14285714285714285
2012-05-18,question_user_day,2,0,0.0
2012-05-19,answer_user_day,4,0,0.0
2012-05-19,comment_only_user_day,4,1,0.25
2012-05-19,question_user_day,1,0,0.0
2012-05-20,answer_user_day,6,1,0.16666666666666666
2012-05-20,comment_only_user_day,7,2,0.2857142857142857
2012-05-20,question_user_day,4,2,0.5
2012-05-21,answer_user_day,8,2,0.25
2012-05-21,comment_only_user_day,10,3,0.3
2012-05-21,question_user_day,2,2,1.0
2012-05-22,answer_user_day,9,3,0.3333333333333333
2012-05-22,comment_only_user_day,14,5,0.35714285714285715
2012-05-22,question_user_day,2,1,0.5
2012-05-23,answer_user_day,9,7,0.7777777777777778
2012-05-23,comment_only_user_day,10,2,0.2
2012-05-23,question_user_day,4,1,0.25
2012-05-24,answer_user_day,11,4,0.36363636363636365
2012-05-24,comment_only_user_day,12,4,0.3333333333333333
2012-05-24,question_user_day,5,1,0.2
2012-05-25,answer_user_day,7,1,0.14285714285714285
2012-05-25,comment_only_user_day,10,1,0.1
2012-05-25,question_user_day,5,2,0.4
2012-05-26,answer_user_day,5,3,0.6
2012-05-26,comment_only_user_day,6,3,0.5
2012-05-26,question_user_day,5,1,0.2
2012-05-27,answer_user_day,4,2,0.5
2012-05-27,comment_only_user_day,10,2,0.2
2012-05-27,question_user_day,7,1,0.14285714285714285
2012-05-28,answer_user_day,5,4,0.8
2012-05-28,comment_only_user_day,8,4,0.5
2012-05-28,question_user_day,3,2,0.6666666666666666
2012-05-29,answer_user_day,11,3,0.2727272727272727
2012-05-29,comment_only_user_day,8,6,0.75
2012-05-29,question_user_day,3,1,0.3333333333333333
2012-05-30,answer_user_day,9,5,0.5555555555555556
2012-05-30,comment_only_user_day,13,5,0.38461538461538464
2012-05-30,question_user_day,3,1,0.3333333333333333
2012-05-31,answer_user_day,13,6,0.46153846153846156
2012-05-31,comment_only_user_day,10,2,0.2
2012-05-31,question_user_day,4,0,0.0
2012-06-01,answer_user_day,8,4,0.5
2012-06-01,comment_only_user_day,12,2,0.16666666666666666
2012-06-01,question_user_day,3,1,0.3333333333333333
2012-06-02,answer_user_day,6,4,0.6666666666666666
2012-06-02,comment_only_user_day,7,2,0.2857142857142857
2012-06-02,question_user_day,2,0,0.0
2012-06-03,answer_user_day,5,2,0.4
2012-06-03,comment_only_user_day,7,4,0.5714285714285714
2012-06-03,question_user_day,4,1,0.25
2012-06-04,answer_user_day,7,2,0.2857142857142857
2012-06-04,comment_only_user_day,9,2,0.2222222222222222
2012-06-04,question_user_day,4,1,0.25
2012-06-05,answer_user_day,4,3,0.75
2012-06-05,comment_only_user_day,10,3,0.3
2012-06-05,question_user_day,1,0,0.0
2012-06-06,answer_user_day,6,1,0.16666666666666666
2012-06-06,comment_only_user_day,10,4,0.4
2012-06-06,question_user_day,4,0,0.0
2012-06-07,answer_user_day,9,3,0.3333333333333333
2012-06-07,comment_only_user_day,5,3,0.6
2012-06-07,question_user_day,7,2,0.2857142857142857
2012-06-08,answer_user_day,7,0,0.0
2012-06-08,comment_only_user_day,10,1,0.1
2012-06-08,question_user_day,3,0,0.0
2012-06-09,answer_user_day,4,2,0.5
2012-06-09,comment_only_user_day,4,1,0.25
2012-06-09,question_user_day,3,1,0.3333333333333333
2012-06-10,answer_user_day,6,4,0.6666666666666666
2012-06-10,comment_only_user_day,6,2,0.3333333333333333
2012-06-10,question_user_day,3,2,0.6666666666666666
2012-06-11,answer_user_day,10,7,0.7
2012-06-11,comment_only_user_day,10,2,0.2
2012-06-11,question_user_day,7,4,0.5714285714285714
2012-06-12,answer_user_day,6,3,0.5
2012-06-12,comment_only_user_day,13,5,0.38461538461538464
2012-06-12,question_user_day,5,1,0.2
2012-06-13,answer_user_day,6,2,0.3333333333333333
2012-06-13,comment_only_user_day,10,6,0.6
2012-06-13,question_user_day,6,3,0.5
2012-06-14,answer_user_day,23,6,0.2608695652173913
2012-06-14,comment_only_user_day,21,5,0.23809523809523808
2012-06-14,question_user_day,8,2,0.25
2012-06-15,answer_user_day,21,3,0.14285714285714285
2012-06-15,comment_only_user_day,13,1,0.07692307692307693
2012-06-15,question_user_day,6,1,0.16666666666666666
2012-06-16,answer_user_day,4,1,0.25
2012-06-16,comment_only_user_day,4,0,0.0
2012-06-16,question_user_day,4,1,0.25
2012-06-17,answer_user_day,6,3,0.5
2012-06-17,comment_only_user_day,7,2,0.2857142857142857
2012-06-17,question_user_day,7,1,0.14285714285714285
2012-06-18,answer_user_day,15,10,0.6666666666666666
2012-06-18,comment_only_user_day,6,3,0.5
2012-06-18,question_user_day,4,1,0.25
2012-06-19,answer_user_day,19,6,0.3157894736842105
2012-06-19,comment_only_user_day,11,1,0.09090909090909091
2012-06-19,question_user_day,6,3,0.5
2012-06-20,answer_user_day,8,3,0.375
2012-06-20,comment_only_user_day,7,1,0.14285714285714285
2012-06-20,question_user_day,5,3,0.6
2012-06-21,answer_user_day,14,9,0.6428571428571429
2012-06-21,comment_only_user_day,10,2,0.2
2012-06-21,question_user_day,5,2,0.4
2012-06-22,answer_user_day,12,6,0.5
2012-06-22,comment_only_user_day,13,6,0.46153846153846156
2012-06-22,question_user_day,6,3,0.5
2012-06-23,answer_user_day,9,5,0.5555555555555556
2012-06-23,comment_only_user_day,11,4,0.36363636363636365
2012-06-23,question_user_day,4,1,0.25
2012-06-24,answer_user_day,10,7,0.7
2012-06-24,comment_only_user_day,5,0,0.0
2012-06-24,question_user_day,6,3,0.5
2012-06-25,answer_user_day,10,5,0.5
2012-06-25,comment_only_user_day,11,3,0.2727272727272727
2012-06-25,question_user_day,6,1,0.16666666666666666
2012-06-26,answer_user_day,8,3,0.375
2012-06-26,comment_only_user_day,10,1,0.1
2012-06-26,question_user_day,5,1,0.2
2012-06-27,answer_user_day,4,3,0.75
2012-06-27,comment_only_user_day,9,3,0.3333333333333333
2012-06-27,question_user_day,4,2,0.5
2012-06-28,answer_user_day,5,3,0.6
2012-06-28,comment_only_user_day,9,1,0.1111111111111111
2012-06-28,question_user_day,5,2,0.4
2012-06-29,answer_user_day,13,6,0.46153846153846156
2012-06-29,comment_only_user_day,7,1,0.14285714285714285
2012-06-29,question_user_day,4,0,0.0
2012-06-30,answer_user_day,6,2,0.3333333333333333
2012-06-30,comment_only_user_day,8,4,0.5
2012-06-30,question_user_day,6,2,0.3333333333333333
2012-07-01,answer_user_day,11,7,0.6363636363636364
2012-07-01,comment_only_user_day,5,1,0.2
2012-07-01,question_user_day,3,1,0.3333333333333333
2012-07-02,answer_user_day,5,2,0.4
2012-07-02,comment_only_user_day,13,5,0.38461538461538464
2012-07-02,question_user_day,1,0,0.0
2012-07-03,answer_user_day,14,5,0.35714285714285715
2012-07-03,comment_only_user_day,4,0,0.0
2012-07-03,question_user_day,5,1,0.2
2012-07-04,answer_user_day,7,3,0.42857142857142855
2012-07-04,comment_only_user_day,6,1,0.16666666666666666
2012-07-04,question_user_day,1,0,0.0
2012-07-05,answer_user_day,4,2,0.5
2012-07-05,comment_only_user_day,12,4,0.3333333333333333
2012-07-05,question_user_day,5,4,0.8
2012-07-06,answer_user_day,10,2,0.2
2012-07-06,comment_only_user_day,6,0,0.0
2012-07-06,question_user_day,3,0,0.0
2012-07-07,answer_user_day,4,2,0.5
2012-07-07,comment_only_user_day,2,0,0.0
2012-07-07,question_user_day,1,1,1.0
2012-07-08,answer_user_day,5,2,0.4
2012-07-08,comment_only_user_day,4,2,0.5
2012-07-08,question_user_day,5,2,0.4
2012-07-09,answer_user_day,8,4,0.5
2012-07-09,comment_only_user_day,6,2,0.3333333333333333
2012-07-09,question_user_day,3,0,0.0
2012-07-10,answer_user_day,13,4,0.3076923076923077
2012-07-10,comment_only_user_day,9,3,0.3333333333333333
2012-07-10,question_user_day,5,1,0.2
2012-07-11,answer_user_day,10,2,0.2
2012-07-11,comment_only_user_day,9,3,0.3333333333333333
2012-07-11,question_user_day,3,1,0.3333333333333333
2012-07-12,answer_user_day,7,2,0.2857142857142857
2012-07-12,comment_only_user_day,7,0,0.0
2012-07-12,question_user_day,7,1,0.14285714285714285
2012-07-13,answer_user_day,7,1,0.14285714285714285
2012-07-13,comment_only_user_day,1,0,0.0
2012-07-13,question_user_day,1,0,0.0
2012-07-14,answer_user_day,5,1,0.2
2012-07-14,comment_only_user_day,5,1,0.2
2012-07-14,question_user_day,1,1,1.0
2012-07-15,answer_user_day,2,1,0.5
2012-07-15,comment_only_user_day,5,1,0.2
2012-07-15,question_user_day,1,0,0.0
2012-07-16,answer_user_day,4,4,1.0
2012-07-16,comment_only_user_day,10,3,0.3
2012-07-16,question_user_day,3,2,0.6666666666666666
2012-07-17,answer_user_day,8,2,0.25
2012-07-17,comment_only_user_day,8,4,0.5
2012-07-17,question_user_day,3,2,0.6666666666666666
2012-07-18,answer_user_day,8,1,0.125
2012-07-18,comment_only_user_day,9,2,0.2222222222222222
2012-07-18,question_user_day,4,3,0.75
2012-07-19,answer_user_day,9,0,0.0
2012-07-19,comment_only_user_day,4,3,0.75
2012-07-19,question_user_day,4,2,0.5
2012-07-20,answer_user_day,8,1,0.125
2012-07-20,comment_only_user_day,8,2,0.25
2012-07-20,question_user_day,4,2,0.5
2012-07-21,answer_user_day,3,3,1.0
2012-07-21,comment_only_user_day,4,2,0.5
2012-07-21,question_user_day,2,0,0.0
2012-07-22,answer_user_day,6,1,0.16666666666666666
2012-07-22,comment_only_user_day,8,1,0.125
2012-07-22,question_user_day,3,0,0.0
2012-07-23,answer_user_day,4,3,0.75
2012-07-23,comment_only_user_day,7,1,0.14285714285714285
2012-07-23,question_user_day,1,1,1.0
2012-07-24,answer_user_day,17,4,0.23529411764705882
2012-07-24,comment_only_user_day,12,0,0.0
2012-07-24,question_user_day,5,1,0.2
2012-07-25,answer_user_day,5,2,0.4
2012-07-25,comment_only_user_day,4,1,0.25
2012-07-25,question_user_day,3,0,0.0
2012-07-26,answer_user_day,8,2,0.25
2012-07-26,comment_only_user_day,4,0,0.0
2012-07-26,question_user_day,4,1,0.25
2012-07-27,answer_user_day,9,0,0.0
2012-07-27,comment_only_user_day,7,2,0.2857142857142857
2012-07-27,question_user_day,4,2,0.5
2012-07-28,answer_user_day,1,0,0.0
2012-07-28,comment_only_user_day,5,1,0.2
2012-07-29,answer_user_day,4,1,0.25
2012-07-29,comment_only_user_day,4,2,0.5
2012-07-29,question_user_day,1,0,0.0
2012-07-30,answer_user_day,8,3,0.375
2012-07-30,comment_only_user_day,10,3,0.3
2012-07-30,question_user_day,3,1,0.3333333333333333
2012-07-31,answer_user_day,6,2,0.3333333333333333
2012-07-31,comment_only_user_day,7,0,0.0
2012-07-31,question_user_day,4,1,0.25
2012-08-01,answer_user_day,1,0,0.0
2012-08-01,comment_only_user_day,4,0,0.0
2012-08-01,question_user_day,1,1,1.0
2012-08-02,answer_user_day,6,2,0.3333333333333333
2012-08-02,comment_only_user_day,6,2,0.3333333333333333
2012-08-02,question_user_day,5,1,0.2
2012-08-03,answer_user_day,10,4,0.4
2012-08-03,comment_only_user_day,4,1,0.25
2012-08-03,question_user_day,4,0,0.0
2012-08-04,answer_user_day,5,1,0.2
2012-08-04,comment_only_user_day,2,1,0.5
2012-08-04,question_user_day,2,1,0.5
2012-08-05,answer_user_day,4,1,0.25
2012-08-05,comment_only_user_day,3,3,1.0
2012-08-05,question_user_day,2,1,0.5
2012-08-06,answer_user_day,10,3,0.3
2012-08-06,comment_only_user_day,6,2,0.3333333333333333
2012-08-06,question_user_day,5,0,0.0
2012-08-07,answer_user_day,13,4,0.3076923076923077
2012-08-07,comment_only_user_day,7,1,0.14285714285714285
2012-08-07,question_user_day,3,0,0.0
2012-08-08,answer_user_day,8,4,0.5
2012-08-08,comment_only_user_day,8,0,0.0
2012-08-08,question_user_day,3,0,0.0
2012-08-09,answer_user_day,7,4,0.5714285714285714
2012-08-09,comment_only_user_day,7,2,0.2857142857142857
2012-08-09,question_user_day,5,1,0.2
2012-08-10,answer_user_day,11,5,0.45454545454545453
2012-08-10,comment_only_user_day,11,1,0.09090909090909091
2012-08-10,question_user_day,5,1,0.2
2012-08-11,answer_user_day,8,5,0.625
2012-08-11,comment_only_user_day,6,1,0.16666666666666666
2012-08-11,question_user_day,3,1,0.3333333333333333
2012-08-12,answer_user_day,12,6,0.5
2012-08-12,comment_only_user_day,5,3,0.6
2012-08-12,question_user_day,5,2,0.4
2012-08-13,answer_user_day,11,4,0.36363636363636365
2012-08-13,comment_only_user_day,9,1,0.1111111111111111
2012-08-13,question_user_day,4,0,0.0
2012-08-14,answer_user_day,7,3,0.42857142857142855
2012-08-14,comment_only_user_day,6,2,0.3333333333333333
2012-08-14,question_user_day,3,0,0.0
2012-08-15,answer_user_day,8,5,0.625
2012-08-15,comment_only_user_day,4,1,0.25
2012-08-15,question_user_day,6,0,0.0
2012-08-16,answer_user_day,10,5,0.5
2012-08-16,comment_only_user_day,12,8,0.6666666666666666
2012-08-16,question_user_day,5,0,0.0
2012-08-17,answer_user_day,8,2,0.25
2012-08-17,comment_only_user_day,8,1,0.125
2012-08-17,question_user_day,3,1,0.3333333333333333
2012-08-18,answer_user_day,4,2,0.5
2012-08-18,comment_only_user_day,1,0,0.0
2012-08-18,question_user_day,6,4,0.6666666666666666
2012-08-19,answer_user_day,9,5,0.5555555555555556
2012-08-19,comment_only_user_day,10,3,0.3
2012-08-19,question_user_day,3,1,0.3333333333333333
2012-08-20,answer_user_day,4,3,0.75
2012-08-20,comment_only_user_day,14,5,0.35714285714285715
2012-08-20,question_user_day,4,1,0.25
2012-08-21,answer_user_day,4,2,0.5
2012-08-21,comment_only_user_day,12,3,0.25
2012-08-21,question_user_day,6,1,0.16666666666666666
2012-08-22,answer_user_day,7,3,0.42857142857142855
2012-08-22,comment_only_user_day,9,2,0.2222222222222222
2012-08-22,question_user_day,3,1,0.3333333333333333
2012-08-23,answer_user_day,13,2,0.15384615384615385
2012-08-23,comment_only_user_day,5,2,0.4
2012-08-23,question_user_day,4,0,0.0
2012-08-24,answer_user_day,9,1,0.1111111111111111
2012-08-24,comment_only_user_day,7,3,0.42857142857142855
2012-08-24,question_user_day,3,0,0.0
2012-08-25,answer_user_day,7,1,0.14285714285714285
2012-08-25,comment_only_user_day,6,0,0.0
2012-08-25,question_user_day,4,1,0.25
2012-08-26,answer_user_day,5,2,0.4
2012-08-26,comment_only_user_day,4,2,0.5
2012-08-26,question_user_day,3,0,0.0
2012-08-27,answer_user_day,11,4,0.36363636363636365
2012-08-27,comment_only_user_day,8,1,0.125
2012-08-27,question_user_day,6,2,0.3333333333333333
2012-08-28,answer_user_day,11,3,0.2727272727272727
2012-08-28,comment_only_user_day,9,3,0.3333333333333333
2012-08-28,question_user_day,5,1,0.2
2012-08-29,answer_user_day,7,3,0.42857142857142855
2012-08-29,comment_only_user_day,11,1,0.09090909090909091
2012-08-29,question_user_day,3,2,0.6666666666666666
2012-08-30,answer_user_day,7,1,0.14285714285714285
2012-08-30,comment_only_user_day,7,1,0.14285714285714285
2012-08-30,question_user_day,1,1,1.0
2012-08-31,answer_user_day,5,1,0.2
2012-08-31,comment_only_user_day,7,1,0.14285714285714285
2012-08-31,question_user_day,5,2,0.4
2012-09-01,answer_user_day,3,0,0.0
2012-09-01,comment_only_user_day,6,3,0.5
2012-09-01,question_user_day,2,0,0.0
2012-09-02,answer_user_day,4,3,0.75
2012-09-02,comment_only_user_day,3,1,0.3333333333333333
2012-09-02,question_user_day,3,1,0.3333333333333333
2012-09-03,answer_user_day,10,4,0.4
2012-09-03,comment_only_user_day,17,2,0.11764705882352941
2012-09-03,question_user_day,2,0,0.0
2012-09-04,answer_user_day,8,3,0.375
2012-09-04,comment_only_user_day,8,0,0.0
2012-09-04,question_user_day,3,2,0.6666666666666666
2012-09-05,answer_user_day,5,1,0.2
2012-09-05,comment_only_user_day,5,1,0.2
2012-09-05,question_user_day,5,3,0.6
2012-09-06,answer_user_day,8,2,0.25
2012-09-06,comment_only_user_day,8,3,0.375
2012-09-06,question_user_day,5,1,0.2
2012-09-07,answer_user_day,8,1,0.125
2012-09-07,comment_only_user_day,10,2,0.2
2012-09-07,question_user_day,3,1,0.3333333333333333
2012-09-08,answer_user_day,2,1,0.5
2012-09-08,comment_only_user_day,5,2,0.4
2012-09-08,question_user_day,3,2,0.6666666666666666
2012-09-09,answer_user_day,10,2,0.2
2012-09-09,comment_only_user_day,5,1,0.2
2012-09-09,question_user_day,5,1,0.2
2012-09-10,answer_user_day,8,4,0.5
2012-09-10,comment_only_user_day,6,4,0.6666666666666666
2012-09-10,question_user_day,4,2,0.5
2012-09-11,answer_user_day,9,4,0.4444444444444444
2012-09-11,comment_only_user_day,10,5,0.5
2012-09-11,question_user_day,2,0,0.0
2012-09-12,answer_user_day,10,4,0.4
2012-09-12,comment_only_user_day,9,3,0.3333333333333333
2012-09-12,question_user_day,5,2,0.4
2012-09-13,answer_user_day,7,5,0.7142857142857143
2012-09-13,comment_only_user_day,15,2,0.13333333333333333
2012-09-13,question_user_day,2,2,1.0
2012-09-14,answer_user_day,10,4,0.4
2012-09-14,comment_only_user_day,13,2,0.15384615384615385
2012-09-14,question_user_day,2,1,0.5
2012-09-15,answer_user_day,11,7,0.6363636363636364
2012-09-15,comment_only_user_day,2,0,0.0
2012-09-15,question_user_day,3,0,0.0
2012-09-16,answer_user_day,9,7,0.7777777777777778
2012-09-16,comment_only_user_day,6,2,0.3333333333333333
2012-09-16,question_user_day,5,3,0.6
2012-09-17,answer_user_day,9,6,0.6666666666666666
2012-09-17,comment_only_user_day,13,5,0.38461538461538464
2012-09-17,question_user_day,4,2,0.5
2012-09-18,answer_user_day,11,5,0.45454545454545453
2012-09-18,comment_only_user_day,8,3,0.375
2012-09-18,question_user_day,5,1,0.2
2012-09-19,answer_user_day,12,5,0.4166666666666667
2012-09-19,comment_only_user_day,8,4,0.5
2012-09-19,question_user_day,3,2,0.6666666666666666
2012-09-20,answer_user_day,16,6,0.375
2012-09-20,comment_only_user_day,10,2,0.2
2012-09-20,question_user_day,7,3,0.42857142857142855
2012-09-21,answer_user_day,10,1,0.1
2012-09-21,comment_only_user_day,7,2,0.2857142857142857
2012-09-21,question_user_day,2,1,0.5
2012-09-22,answer_user_day,4,1,0.25
2012-09-22,comment_only_user_day,5,1,0.2
2012-09-22,question_user_day,2,1,0.5
2012-09-23,answer_user_day,6,2,0.3333333333333333
2012-09-23,comment_only_user_day,8,2,0.25
2012-09-24,answer_user_day,7,3,0.42857142857142855
2012-09-24,comment_only_user_day,5,1,0.2
2012-09-24,question_user_day,5,1,0.2
2012-09-25,answer_user_day,8,2,0.25
2012-09-25,comment_only_user_day,10,3,0.3
2012-09-25,question_user_day,4,0,0.0
2012-09-26,answer_user_day,6,4,0.6666666666666666
2012-09-26,comment_only_user_day,5,1,0.2
2012-09-26,question_user_day,2,1,0.5
2012-09-27,answer_user_day,6,3,0.5
2012-09-27,comment_only_user_day,6,2,0.3333333333333333
2012-09-27,question_user_day,1,0,0.0
2012-09-28,answer_user_day,9,2,0.2222222222222222
2012-09-28,comment_only_user_day,8,1,0.125
2012-09-28,question_user_day,2,2,1.0
2012-09-29,answer_user_day,2,2,1.0
2012-09-29,comment_only_user_day,7,3,0.42857142857142855
2012-09-29,question_user_day,2,0,0.0
2012-09-30,answer_user_day,5,4,0.8
2012-09-30,comment_only_user_day,8,1,0.125
2012-09-30,question_user_day,5,1,0.2
2012-10-01,answer_user_day,6,2,0.3333333333333333
2012-10-01,comment_only_user_day,11,3,0.2727272727272727
2012-10-01,question_user_day,1,1,1.0
2012-10-02,answer_user_day,8,1,0.125
2012-10-02,comment_only_user_day,8,2,0.25
2012-10-02,question_user_day,2,0,0.0
2012-10-03,answer_user_day,6,2,0.3333333333333333
2012-10-03,comment_only_user_day,4,1,0.25
2012-10-03,question_user_day,3,2,0.6666666666666666
2012-10-04,answer_user_day,8,3,0.375
2012-10-04,comment_only_user_day,7,3,0.42857142857142855
2012-10-04,question_user_day,2,1,0.5
2012-10-05,answer_user_day,12,3,0.25
2012-10-05,comment_only_user_day,17,1,0.058823529411764705
2012-10-05,question_user_day,5,1,0.2
2012-10-06,answer_user_day,2,1,0.5
2012-10-06,comment_only_user_day,7,0,0.0
2012-10-06,question_user_day,1,0,0.0
2012-10-07,answer_user_day,7,3,0.42857142857142855
2012-10-07,comment_only_user_day,4,1,0.25
2012-10-07,question_user_day,5,2,0.4
2012-10-08,answer_user_day,8,2,0.25
2012-10-08,comment_only_user_day,7,5,0.7142857142857143
2012-10-08,question_user_day,5,0,0.0
2012-10-09,answer_user_day,8,4,0.5
2012-10-09,comment_only_user_day,10,1,0.1
2012-10-09,question_user_day,4,1,0.25
2012-10-10,answer_user_day,9,1,0.1111111111111111
2012-10-10,comment_only_user_day,12,4,0.3333333333333333
2012-10-10,question_user_day,7,4,0.5714285714285714
2012-10-11,answer_user_day,12,3,0.25
2012-10-11,comment_only_user_day,10,4,0.4
2012-10-12,answer_user_day,8,1,0.125
2012-10-12,comment_only_user_day,7,1,0.14285714285714285
2012-10-12,question_user_day,1,0,0.0
2012-10-13,answer_user_day,4,1,0.25
2012-10-13,comment_only_user_day,4,2,0.5
2012-10-13,question_user_day,1,0,0.0
2012-10-14,answer_user_day,3,2,0.6666666666666666
2012-10-14,comment_only_user_day,8,2,0.25
2012-10-14,question_user_day,4,1,0.25
2012-10-15,answer_user_day,7,2,0.2857142857142857
2012-10-15,comment_only_user_day,8,2,0.25
2012-10-15,question_user_day,5,1,0.2
2012-10-16,answer_user_day,6,2,0.3333333333333333
2012-10-16,comment_only_user_day,7,2,0.2857142857142857
2012-10-16,question_user_day,1,1,1.0
2012-10-17,answer_user_day,10,2,0.2
2012-10-17,comment_only_user_day,11,4,0.36363636363636365
2012-10-17,question_user_day,3,2,0.6666666666666666
2012-10-18,answer_user_day,9,4,0.4444444444444444
2012-10-18,comment_only_user_day,9,2,0.2222222222222222
2012-10-18,question_user_day,4,0,0.0
2012-10-19,answer_user_day,15,3,0.2
2012-10-19,comment_only_user_day,11,1,0.09090909090909091
2012-10-19,question_user_day,6,2,0.3333333333333333
2012-10-20,answer_user_day,3,0,0.0
2012-10-20,comment_only_user_day,8,2,0.25
2012-10-20,question_user_day,2,1,0.5
2012-10-21,answer_user_day,5,2,0.4
2012-10-21,comment_only_user_day,4,1,0.25
2012-10-21,question_user_day,4,2,0.5
2012-10-22,answer_user_day,5,3,0.6
2012-10-22,comment_only_user_day,9,4,0.4444444444444444
2012-10-22,question_user_day,2,1,0.5
2012-10-23,answer_user_day,7,1,0.14285714285714285
2012-10-23,comment_only_user_day,7,1,0.14285714285714285
2012-10-23,question_user_day,1,1,1.0
2012-10-24,answer_user_day,6,3,0.5
2012-10-24,comment_only_user_day,4,0,0.0
2012-10-24,question_user_day,4,1,0.25
2012-10-25,answer_user_day,6,1,0.16666666666666666
2012-10-25,comment_only_user_day,8,1,0.125
2012-10-25,question_user_day,3,1,0.3333333333333333
2012-10-26,answer_user_day,11,2,0.18181818181818182
2012-10-26,comment_only_user_day,3,0,0.0
2012-10-26,question_user_day,2,0,0.0
2012-10-27,answer_user_day,2,1,0.5
2012-10-27,comment_only_user_day,1,0,0.0
2012-10-27,question_user_day,1,1,1.0
2012-10-28,answer_user_day,8,3,0.375
2012-10-28,comment_only_user_day,7,1,0.14285714285714285
2012-10-28,question_user_day,2,1,0.5
2012-10-29,answer_user_day,9,4,0.4444444444444444
2012-10-29,comment_only_user_day,9,1,0.1111111111111111
2012-10-29,question_user_day,4,2,0.5
2012-10-30,answer_user_day,12,4,0.3333333333333333
2012-10-30,comment_only_user_day,8,1,0.125
2012-10-30,question_user_day,4,2,0.5
2012-10-31,answer_user_day,6,3,0.5
2012-10-31,comment_only_user_day,11,5,0.45454545454545453
2012-10-31,question_user_day,5,2,0.4
2012-11-01,answer_user_day,5,2,0.4
2012-11-01,comment_only_user_day,10,4,0.4
2012-11-01,question_user_day,4,1,0.25
2012-11-02,answer_user_day,4,0,0.0
2012-11-02,comment_only_user_day,10,1,0.1
2012-11-02,question_user_day,3,2,0.6666666666666666
2012-11-03,answer_user_day,6,3,0.5
2012-11-03,comment_only_user_day,3,1,0.3333333333333333
2012-11-03,question_user_day,2,0,0.0
2012-11-04,answer_user_day,6,2,0.3333333333333333
2012-11-04,comment_only_user_day,4,1,0.25
2012-11-04,question_user_day,1,1,1.0
2012-11-05,answer_user_day,3,2,0.6666666666666666
2012-11-05,comment_only_user_day,7,3,0.42857142857142855
2012-11-05,question_user_day,3,0,0.0
2012-11-06,answer_user_day,8,5,0.625
2012-11-06,comment_only_user_day,4,1,0.25
2012-11-06,question_user_day,4,0,0.0
2012-11-07,answer_user_day,9,2,0.2222222222222222
2012-11-07,comment_only_user_day,6,0,0.0
2012-11-07,question_user_day,6,3,0.5
2012-11-08,answer_user_day,3,1,0.3333333333333333
2012-11-08,comment_only_user_day,6,1,0.16666666666666666
2012-11-08,question_user_day,1,1,1.0
2012-11-09,answer_user_day,3,2,0.6666666666666666
2012-11-09,comment_only_user_day,9,3,0.3333333333333333
2012-11-09,question_user_day,1,1,1.0
2012-11-10,answer_user_day,3,1,0.3333333333333333
2012-11-10,comment_only_user_day,6,1,0.16666666666666666
2012-11-10,question_user_day,3,1,0.3333333333333333
2012-11-11,answer_user_day,6,2,0.3333333333333333
2012-11-11,comment_only_user_day,3,1,0.3333333333333333
2012-11-11,question_user_day,1,1,1.0
2012-11-12,answer_user_day,12,4,0.3333333333333333
2012-11-12,comment_only_user_day,13,2,0.15384615384615385
2012-11-12,question_user_day,5,0,0.0
2012-11-13,answer_user_day,10,2,0.2
2012-11-13,comment_only_user_day,8,1,0.125
2012-11-13,question_user_day,4,1,0.25
2012-11-14,answer_user_day,1,0,0.0
2012-11-14,comment_only_user_day,11,1,0.09090909090909091
2012-11-15,answer_user_day,7,2,0.2857142857142857
2012-11-15,comment_only_user_day,4,1,0.25
2012-11-15,question_user_day,3,0,0.0
2012-11-16,answer_user_day,7,0,0.0
2012-11-16,comment_only_user_day,6,2,0.3333333333333333
2012-11-16,question_user_day,3,0,0.0
2012-11-17,answer_user_day,5,1,0.2
2012-11-17,comment_only_user_day,4,1,0.25
2012-11-17,question_user_day,2,2,1.0
2012-11-18,answer_user_day,2,0,0.0
2012-11-18,comment_only_user_day,5,1,0.2
2012-11-18,question_user_day,3,0,0.0
2012-11-19,answer_user_day,13,4,0.3076923076923077
2012-11-19,comment_only_user_day,4,1,0.25
2012-11-19,question_user_day,6,1,0.16666666666666666
2012-11-20,answer_user_day,8,2,0.25
2012-11-20,comment_only_user_day,14,2,0.14285714285714285
2012-11-20,question_user_day,5,3,0.6
2012-11-21,answer_user_day,5,1,0.2
2012-11-21,comment_only_user_day,10,0,0.0
2012-11-21,question_user_day,3,0,0.0
2012-11-22,answer_user_day,8,2,0.25
2012-11-22,comment_only_user_day,5,2,0.4
2012-11-22,question_user_day,2,0,0.0
2012-11-23,answer_user_day,10,4,0.4
2012-11-23,comment_only_user_day,6,1,0.16666666666666666
2012-11-23,question_user_day,2,0,0.0
2012-11-24,answer_user_day,7,1,0.14285714285714285
2012-11-24,comment_only_user_day,8,1,0.125
2012-11-24,question_user_day,3,0,0.0
2012-11-25,answer_user_day,6,1,0.16666666666666666
2012-11-25,comment_only_user_day,5,1,0.2
2012-11-25,question_user_day,6,0,0.0
2012-11-26,answer_user_day,7,1,0.14285714285714285
2012-11-26,comment_only_user_day,10,3,0.3
2012-11-26,question_user_day,3,0,0.0
2012-11-27,answer_user_day,7,1,0.14285714285714285
2012-11-27,comment_only_user_day,5,1,0.2
2012-11-27,question_user_day,2,0,0.0
2012-11-28,answer_user_day,8,2,0.25
2012-11-28,comment_only_user_day,11,6,0.5454545454545454
2012-11-28,question_user_day,7,2,0.2857142857142857
2012-11-29,answer_user_day,7,3,0.42857142857142855
2012-11-29,comment_only_user_day,9,3,0.3333333333333333
2012-11-29,question_user_day,3,2,0.6666666666666666
2012-11-30,answer_user_day,6,0,0.0
2012-11-30,comment_only_user_day,9,2,0.2222222222222222
2012-11-30,question_user_day,1,0,0.0
2012-12-01,answer_user_day,6,1,0.16666666666666666
2012-12-01,comment_only_user_day,10,0,0.0
2012-12-01,question_user_day,1,0,0.0
2012-12-02,answer_user_day,4,1,0.25
2012-12-02,comment_only_user_day,2,1,0.5
2012-12-02,question_user_day,3,1,0.3333333333333333
2012-12-03,answer_user_day,23,7,0.30434782608695654
2012-12-03,comment_only_user_day,10,2,0.2
2012-12-03,question_user_day,4,0,0.0
2012-12-04,answer_user_day,9,3,0.3333333333333333
2012-12-04,comment_only_user_day,8,1,0.125
2012-12-04,question_user_day,6,3,0.5
2012-12-05,answer_user_day,6,0,0.0
2012-12-05,comment_only_user_day,5,2,0.4
2012-12-05,question_user_day,6,1,0.16666666666666666
2012-12-06,answer_user_day,9,4,0.4444444444444444
2012-12-06,comment_only_user_day,9,5,0.5555555555555556
2012-12-06,question_user_day,3,0,0.0
2012-12-07,answer_user_day,7,3,0.42857142857142855
2012-12-07,comment_only_user_day,12,4,0.3333333333333333
2012-12-07,question_user_day,2,1,0.5
2012-12-08,answer_user_day,7,3,0.42857142857142855
2012-12-08,comment_only_user_day,5,1,0.2
2012-12-08,question_user_day,2,0,0.0
2012-12-09,answer_user_day,7,5,0.7142857142857143
2012-12-09,comment_only_user_day,4,2,0.5
2012-12-09,question_user_day,7,3,0.42857142857142855
2012-12-10,answer_user_day,9,3,0.3333333333333333
2012-12-10,comment_only_user_day,16,7,0.4375
2012-12-10,question_user_day,4,1,0.25
2012-12-11,answer_user_day,7,5,0.7142857142857143
2012-12-11,comment_only_user_day,10,5,0.5
2012-12-11,question_user_day,5,2,0.4
2012-12-12,answer_user_day,13,3,0.23076923076923078
2012-12-12,comment_only_user_day,9,2,0.2222222222222222
2012-12-12,question_user_day,5,1,0.2
2012-12-13,answer_user_day,8,4,0.5
2012-12-13,comment_only_user_day,4,1,0.25
2012-12-13,question_user_day,3,0,0.0
2012-12-14,answer_user_day,5,2,0.4
2012-12-14,comment_only_user_day,6,0,0.0
2012-12-14,question_user_day,4,0,0.0
2012-12-15,answer_user_day,3,1,0.3333333333333333
2012-12-15,comment_only_user_day,2,1,0.5
2012-12-15,question_user_day,1,1,1.0
2012-12-16,answer_user_day,6,3,0.5
2012-12-16,comment_only_user_day,3,2,0.6666666666666666
2012-12-16,question_user_day,5,3,0.6
2012-12-17,answer_user_day,7,4,0.5714285714285714
2012-12-17,comment_only_user_day,13,5,0.38461538461538464
2012-12-17,question_user_day,6,3,0.5
2012-12-18,answer_user_day,8,3,0.375
2012-12-18,comment_only_user_day,10,2,0.2
2012-12-18,question_user_day,4,2,0.5
2012-12-19,answer_user_day,10,5,0.5
2012-12-19,comment_only_user_day,3,1,0.3333333333333333
2012-12-19,question_user_day,4,3,0.75
2012-12-20,answer_user_day,10,2,0.2
2012-12-20,comment_only_user_day,12,3,0.25
2012-12-20,question_user_day,6,1,0.16666666666666666
2012-12-21,answer_user_day,6,4,0.6666666666666666
2012-12-21,comment_only_user_day,6,1,0.16666666666666666
2012-12-21,question_user_day,2,1,0.5
2012-12-22,answer_user_day,6,2,0.3333333333333333
2012-12-22,comment_only_user_day,7,3,0.42857142857142855
2012-12-22,question_user_day,6,2,0.3333333333333333
2012-12-23,answer_user_day,13,5,0.38461538461538464
2012-12-23,comment_only_user_day,7,2,0.2857142857142857
2012-12-23,question_user_day,5,1,0.2
2012-12-24,answer_user_day,10,3,0.3
2012-12-24,comment_only_user_day,10,4,0.4
2012-12-24,question_user_day,3,1,0.3333333333333333
2012-12-25,answer_user_day,2,0,0.0
2012-12-25,comment_only_user_day,9,3,0.3333333333333333
2012-12-25,question_user_day,1,0,0.0
2012-12-26,answer_user_day,5,2,0.4
2012-12-26,comment_only_user_day,6,3,0.5
2012-12-26,question_user_day,5,2,0.4
2012-12-27,answer_user_day,4,0,0.0
2012-12-27,comment_only_user_day,7,1,0.14285714285714285
2012-12-27,question_user_day,2,0,0.0
2012-12-28,answer_user_day,4,1,0.25
2012-12-28,comment_only_user_day,6,0,0.0
2012-12-28,question_user_day,2,0,0.0
2012-12-29,answer_user_day,2,1,0.5
2012-12-29,comment_only_user_day,7,1,0.14285714285714285
2012-12-29,question_user_day,3,1,0.3333333333333333
2012-12-30,answer_user_day,8,3,0.375
2012-12-30,comment_only_user_day,3,1,0.3333333333333333
2012-12-30,question_user_day,2,0,0.0
2012-12-31,answer_user_day,8,0,0.0
2012-12-31,comment_only_user_day,8,0,0.0
2012-12-31,question_user_day,4,0,0.0
2013-01-01,answer_user_day,4,1,0.25
2013-01-01,comment_only_user_day,2,1,0.5
2013-01-01,question_user_day,1,0,0.0
2013-01-02,answer_user_day,9,1,0.1111111111111111
2013-01-02,comment_only_user_day,6,2,0.3333333333333333
2013-01-02,question_user_day,2,1,0.5
2013-01-03,answer_user_day,4,3,0.75
2013-01-03,comment_only_user_day,7,1,0.14285714285714285
2013-01-03,question_user_day,3,1,0.3333333333333333
2013-01-04,answer_user_day,8,3,0.375
2013-01-04,comment_only_user_day,5,0,0.0
2013-01-04,question_user_day,7,4,0.5714285714285714
2013-01-05,answer_user_day,5,1,0.2
2013-01-05,comment_only_user_day,14,4,0.2857142857142857
2013-01-05,question_user_day,4,1,0.25
2013-01-06,answer_user_day,4,3,0.75
2013-01-06,comment_only_user_day,11,1,0.09090909090909091
2013-01-06,question_user_day,7,3,0.42857142857142855
2013-01-07,answer_user_day,10,4,0.4
2013-01-07,comment_only_user_day,7,1,0.14285714285714285
2013-01-07,question_user_day,3,0,0.0
2013-01-08,answer_user_day,5,2,0.4
2013-01-08,comment_only_user_day,14,5,0.35714285714285715
2013-01-08,question_user_day,1,0,0.0
2013-01-09,answer_user_day,10,3,0.3
2013-01-09,comment_only_user_day,14,4,0.2857142857142857
2013-01-09,question_user_day,5,1,0.2
2013-01-10,answer_user_day,15,5,0.3333333333333333
2013-01-10,comment_only_user_day,14,4,0.2857142857142857
2013-01-10,question_user_day,6,2,0.3333333333333333
2013-01-11,answer_user_day,8,1,0.125
2013-01-11,comment_only_user_day,12,2,0.16666666666666666
2013-01-11,question_user_day,3,0,0.0
2013-01-12,answer_user_day,6,0,0.0
2013-01-12,comment_only_user_day,5,3,0.6
2013-01-12,question_user_day,3,0,0.0
2013-01-13,answer_user_day,6,2,0.3333333333333333
2013-01-13,comment_only_user_day,4,1,0.25
2013-01-13,question_user_day,5,1,0.2
2013-01-14,answer_user_day,7,2,0.2857142857142857
2013-01-14,comment_only_user_day,8,5,0.625
2013-01-14,question_user_day,2,1,0.5
2013-01-15,answer_user_day,8,4,0.5
2013-01-15,comment_only_user_day,18,6,0.3333333333333333
2013-01-15,question_user_day,9,2,0.2222222222222222
2013-01-16,answer_user_day,9,4,0.4444444444444444
2013-01-16,comment_only_user_day,14,2,0.14285714285714285
2013-01-16,question_user_day,4,2,0.5
2013-01-17,answer_user_day,8,4,0.5
2013-01-17,comment_only_user_day,8,1,0.125
2013-01-17,question_user_day,3,0,0.0
2013-01-18,answer_user_day,8,1,0.125
2013-01-18,comment_only_user_day,2,1,0.5
2013-01-18,question_user_day,4,0,0.0
2013-01-19,comment_only_user_day,5,1,0.2
2013-01-19,question_user_day,2,0,0.0
2013-01-20,answer_user_day,4,2,0.5
2013-01-20,comment_only_user_day,8,2,0.25
2013-01-20,question_user_day,4,0,0.0
2013-01-21,answer_user_day,6,5,0.8333333333333334
2013-01-21,comment_only_user_day,10,3,0.3
2013-01-21,question_user_day,4,2,0.5
2013-01-22,answer_user_day,19,8,0.42105263157894735
2013-01-22,comment_only_user_day,13,3,0.23076923076923078
2013-01-22,question_user_day,4,2,0.5
2013-01-23,answer_user_day,14,8,0.5714285714285714
2013-01-23,comment_only_user_day,13,3,0.23076923076923078
2013-01-23,question_user_day,5,1,0.2
2013-01-24,answer_user_day,12,8,0.6666666666666666
2013-01-24,comment_only_user_day,15,8,0.5333333333333333
2013-01-24,question_user_day,4,1,0.25
2013-01-25,answer_user_day,18,7,0.3888888888888889
2013-01-25,comment_only_user_day,13,4,0.3076923076923077
2013-01-25,question_user_day,10,0,0.0
2013-01-26,answer_user_day,7,5,0.7142857142857143
2013-01-26,comment_only_user_day,10,4,0.4
2013-01-26,question_user_day,1,1,1.0
2013-01-27,answer_user_day,11,4,0.36363636363636365
2013-01-27,comment_only_user_day,7,3,0.42857142857142855
2013-01-27,question_user_day,11,2,0.18181818181818182
2013-01-28,answer_user_day,19,9,0.47368421052631576
2013-01-28,comment_only_user_day,11,6,0.5454545454545454
2013-01-28,question_user_day,8,2,0.25
2013-01-29,answer_user_day,12,4,0.3333333333333333
2013-01-29,comment_only_user_day,20,6,0.3
2013-01-29,question_user_day,5,1,0.2
2013-01-30,answer_user_day,11,4,0.36363636363636365
2013-01-30,comment_only_user_day,11,3,0.2727272727272727
2013-01-30,question_user_day,3,1,0.3333333333333333
2013-01-31,answer_user_day,12,4,0.3333333333333333
2013-01-31,comment_only_user_day,11,7,0.6363636363636364
2013-01-31,question_user_day,4,2,0.5
2013-02-01,answer_user_day,5,2,0.4
2013-02-01,comment_only_user_day,18,5,0.2777777777777778
2013-02-01,question_user_day,3,0,0.0
2013-02-02,answer_user_day,9,2,0.2222222222222222
2013-02-02,comment_only_user_day,7,2,0.2857142857142857
2013-02-02,question_user_day,3,1,0.3333333333333333
2013-02-03,answer_user_day,6,3,0.5
2013-02-03,comment_only_user_day,10,2,0.2
2013-02-03,question_user_day,3,0,0.0
2013-02-04,answer_user_day,10,3,0.3
2013-02-04,comment_only_user_day,9,3,0.3333333333333333
2013-02-04,question_user_day,4,1,0.25
2013-02-05,answer_user_day,11,7,0.6363636363636364
2013-02-05,comment_only_user_day,12,2,0.16666666666666666
2013-02-05,question_user_day,5,0,0.0
2013-02-06,answer_user_day,10,3,0.3
2013-02-06,comment_only_user_day,18,5,0.2777777777777778
2013-02-06,question_user_day,4,2,0.5
2013-02-07,answer_user_day,12,7,0.5833333333333334
2013-02-07,comment_only_user_day,16,4,0.25
2013-02-07,question_user_day,9,0,0.0
2013-02-08,answer_user_day,14,4,0.2857142857142857
2013-02-08,comment_only_user_day,12,1,0.08333333333333333
2013-02-08,question_user_day,9,2,0.2222222222222222
2013-02-09,answer_user_day,8,4,0.5
2013-02-09,comment_only_user_day,8,2,0.25
2013-02-09,question_user_day,8,3,0.375
2013-02-10,answer_user_day,12,5,0.4166666666666667
2013-02-10,comment_only_user_day,9,5,0.5555555555555556
2013-02-10,question_user_day,10,1,0.1
2013-02-11,answer_user_day,15,11,0.7333333333333333
2013-02-11,comment_only_user_day,13,5,0.38461538461538464
2013-02-11,question_user_day,8,0,0.0
2013-02-12,answer_user_day,13,7,0.5384615384615384
2013-02-12,comment_only_user_day,15,7,0.4666666666666667
2013-02-12,question_user_day,10,3,0.3
2013-02-13,answer_user_day,20,10,0.5
2013-02-13,comment_only_user_day,27,9,0.3333333333333333
2013-02-13,question_user_day,7,2,0.2857142857142857
2013-02-14,answer_user_day,19,6,0.3157894736842105
2013-02-14,comment_only_user_day,18,6,0.3333333333333333
2013-02-14,question_user_day,6,2,0.3333333333333333
2013-02-15,answer_user_day,11,5,0.45454545454545453
2013-02-15,comment_only_user_day,10,2,0.2
2013-02-15,question_user_day,5,0,0.0
2013-02-16,answer_user_day,3,1,0.3333333333333333
2013-02-16,comment_only_user_day,10,3,0.3
2013-02-16,question_user_day,4,2,0.5
2013-02-17,answer_user_day,8,7,0.875
2013-02-17,comment_only_user_day,5,2,0.4
2013-02-17,question_user_day,3,2,0.6666666666666666
2013-02-18,answer_user_day,10,8,0.8
2013-02-18,comment_only_user_day,21,5,0.23809523809523808
2013-02-18,question_user_day,11,3,0.2727272727272727
2013-02-19,answer_user_day,20,6,0.3
2013-02-19,comment_only_user_day,9,4,0.4444444444444444
2013-02-19,question_user_day,9,4,0.4444444444444444
2013-02-20,answer_user_day,12,7,0.5833333333333334
2013-02-20,comment_only_user_day,16,4,0.25
2013-02-20,question_user_day,9,5,0.5555555555555556
2013-02-21,answer_user_day,15,5,0.3333333333333333
2013-02-21,comment_only_user_day,17,6,0.35294117647058826
2013-02-21,question_user_day,10,2,0.2
2013-02-22,answer_user_day,13,3,0.23076923076923078
2013-02-22,comment_only_user_day,9,1,0.1111111111111111
2013-02-22,question_user_day,8,1,0.125
2013-02-23,answer_user_day,6,3,0.5
2013-02-23,comment_only_user_day,7,1,0.14285714285714285
2013-02-23,question_user_day,3,1,0.3333333333333333
2013-02-24,answer_user_day,9,6,0.6666666666666666
2013-02-24,comment_only_user_day,8,4,0.5
2013-02-24,question_user_day,4,0,0.0
2013-02-25,answer_user_day,16,5,0.3125
2013-02-25,comment_only_user_day,14,5,0.35714285714285715
2013-02-25,question_user_day,11,1,0.09090909090909091
2013-02-26,answer_user_day,15,9,0.6
2013-02-26,comment_only_user_day,15,2,0.13333333333333333
2013-02-26,question_user_day,4,1,0.25
2013-02-27,answer_user_day,9,2,0.2222222222222222
2013-02-27,comment_only_user_day,20,8,0.4
2013-02-27,question_user_day,5,0,0.0
2013-02-28,answer_user_day,10,2,0.2
2013-02-28,comment_only_user_day,11,4,0.36363636363636365
2013-02-28,question_user_day,6,3,0.5
2013-03-01,answer_user_day,14,8,0.5714285714285714
2013-03-01,comment_only_user_day,14,3,0.21428571428571427
2013-03-01,question_user_day,5,1,0.2
2013-03-02,answer_user_day,9,4,0.4444444444444444
2013-03-02,comment_only_user_day,16,6,0.375
2013-03-02,question_user_day,6,3,0.5
2013-03-03,answer_user_day,13,9,0.6923076923076923
2013-03-03,comment_only_user_day,17,8,0.47058823529411764
2013-03-03,question_user_day,11,3,0.2727272727272727
2013-03-04,answer_user_day,23,8,0.34782608695652173
2013-03-04,comment_only_user_day,28,9,0.32142857142857145
2013-03-04,question_user_day,5,3,0.6
2013-03-05,answer_user_day,11,6,0.5454545454545454
2013-03-05,comment_only_user_day,22,7,0.3181818181818182
2013-03-05,question_user_day,7,4,0.5714285714285714
2013-03-06,answer_user_day,18,11,0.6111111111111112
2013-03-06,comment_only_user_day,14,5,0.35714285714285715
2013-03-06,question_user_day,5,1,0.2
2013-03-07,answer_user_day,19,7,0.3684210526315789
2013-03-07,comment_only_user_day,13,2,0.15384615384615385
2013-03-07,question_user_day,10,6,0.6
2013-03-08,answer_user_day,18,4,0.2222222222222222
2013-03-08,comment_only_user_day,15,2,0.13333333333333333
2013-03-08,question_user_day,6,1,0.16666666666666666
2013-03-09,answer_user_day,8,3,0.375
2013-03-09,comment_only_user_day,8,5,0.625
2013-03-09,question_user_day,7,4,0.5714285714285714
2013-03-10,answer_user_day,15,5,0.3333333333333333
2013-03-10,comment_only_user_day,11,3,0.2727272727272727
2013-03-10,question_user_day,7,2,0.2857142857142857
2013-03-11,answer_user_day,13,6,0.46153846153846156
2013-03-11,comment_only_user_day,12,2,0.16666666666666666
2013-03-11,question_user_day,10,0,0.0
2013-03-12,answer_user_day,15,7,0.4666666666666667
2013-03-12,comment_only_user_day,8,2,0.25
2013-03-12,question_user_day,4,1,0.25
2013-03-13,answer_user_day,9,4,0.4444444444444444
2013-03-13,comment_only_user_day,16,4,0.25
2013-03-13,question_user_day,6,1,0.16666666666666666
2013-03-14,answer_user_day,13,5,0.38461538461538464
2013-03-14,comment_only_user_day,10,2,0.2
2013-03-14,question_user_day,8,2,0.25
2013-03-15,answer_user_day,9,4,0.4444444444444444
2013-03-15,comment_only_user_day,10,0,0.0
2013-03-15,question_user_day,6,1,0.16666666666666666
2013-03-16,answer_user_day,9,6,0.6666666666666666
2013-03-16,comment_only_user_day,7,1,0.14285714285714285
2013-03-16,question_user_day,7,2,0.2857142857142857
2013-03-17,answer_user_day,8,5,0.625
2013-03-17,comment_only_user_day,15,4,0.26666666666666666
2013-03-17,question_user_day,5,2,0.4
2013-03-18,answer_user_day,10,5,0.5
2013-03-18,comment_only_user_day,14,6,0.42857142857142855
2013-03-18,question_user_day,5,1,0.2
2013-03-19,answer_user_day,7,5,0.7142857142857143
2013-03-19,comment_only_user_day,16,8,0.5
2013-03-19,question_user_day,10,3,0.3
2013-03-20,answer_user_day,13,4,0.3076923076923077
2013-03-20,comment_only_user_day,15,6,0.4
2013-03-20,question_user_day,8,1,0.125
2013-03-21,answer_user_day,14,8,0.5714285714285714
2013-03-21,comment_only_user_day,10,2,0.2
2013-03-21,question_user_day,8,2,0.25
2013-03-22,answer_user_day,8,2,0.25
2013-03-22,comment_only_user_day,10,1,0.1
2013-03-22,question_user_day,10,0,0.0
2013-03-23,answer_user_day,9,2,0.2222222222222222
2013-03-23,comment_only_user_day,3,0,0.0
2013-03-23,question_user_day,3,0,0.0
2013-03-24,answer_user_day,7,2,0.2857142857142857
2013-03-24,comment_only_user_day,14,7,0.5
2013-03-24,question_user_day,6,0,0.0
2013-03-25,answer_user_day,14,8,0.5714285714285714
2013-03-25,comment_only_user_day,19,10,0.5263157894736842
2013-03-25,question_user_day,2,1,0.5
2013-03-26,answer_user_day,12,6,0.5
2013-03-26,comment_only_user_day,23,10,0.43478260869565216
2013-03-26,question_user_day,7,2,0.2857142857142857
2013-03-27,answer_user_day,19,6,0.3157894736842105
2013-03-27,comment_only_user_day,18,5,0.2777777777777778
2013-03-27,question_user_day,5,1,0.2
2013-03-28,answer_user_day,16,2,0.125
2013-03-28,comment_only_user_day,9,1,0.1111111111111111
2013-03-28,question_user_day,7,1,0.14285714285714285
2013-03-29,answer_user_day,6,1,0.16666666666666666
2013-03-29,comment_only_user_day,6,2,0.3333333333333333
2013-03-29,question_user_day,3,2,0.6666666666666666
2013-03-30,answer_user_day,5,3,0.6
2013-03-30,comment_only_user_day,10,0,0.0
2013-03-30,question_user_day,4,0,0.0
2013-03-31,answer_user_day,4,1,0.25
2013-03-31,comment_only_user_day,7,4,0.5714285714285714
2013-03-31,question_user_day,6,3,0.5
2013-04-01,answer_user_day,11,6,0.5454545454545454
2013-04-01,comment_only_user_day,14,5,0.35714285714285715
2013-04-01,question_user_day,4,1,0.25
2013-04-02,answer_user_day,9,7,0.7777777777777778
2013-04-02,comment_only_user_day,15,5,0.3333333333333333
2013-04-02,question_user_day,6,4,0.6666666666666666
2013-04-03,answer_user_day,9,3,0.3333333333333333
2013-04-03,comment_only_user_day,18,7,0.3888888888888889
2013-04-03,question_user_day,7,3,0.42857142857142855
2013-04-04,answer_user_day,10,7,0.7
2013-04-04,comment_only_user_day,15,3,0.2
2013-04-04,question_user_day,3,0,0.0
2013-04-05,answer_user_day,7,5,0.7142857142857143
2013-04-05,comment_only_user_day,9,2,0.2222222222222222
2013-04-05,question_user_day,4,2,0.5
2013-04-06,answer_user_day,11,6,0.5454545454545454
2013-04-06,comment_only_user_day,12,4,0.3333333333333333
2013-04-06,question_user_day,4,1,0.25
2013-04-07,answer_user_day,6,4,0.6666666666666666
2013-04-07,comment_only_user_day,13,8,0.6153846153846154
2013-04-07,question_user_day,8,2,0.25
2013-04-08,answer_user_day,11,5,0.45454545454545453
2013-04-08,comment_only_user_day,18,7,0.3888888888888889
2013-04-08,question_user_day,6,3,0.5
2013-04-09,answer_user_day,15,1,0.06666666666666667
2013-04-09,comment_only_user_day,15,4,0.26666666666666666
2013-04-09,question_user_day,3,3,1.0
2013-04-10,answer_user_day,12,2,0.16666666666666666
2013-04-10,comment_only_user_day,7,1,0.14285714285714285
2013-04-10,question_user_day,3,0,0.0
2013-04-11,answer_user_day,7,3,0.42857142857142855
2013-04-11,comment_only_user_day,4,2,0.5
2013-04-11,question_user_day,3,1,0.3333333333333333
2013-04-12,answer_user_day,10,3,0.3
2013-04-12,comment_only_user_day,10,2,0.2
2013-04-12,question_user_day,7,1,0.14285714285714285
2013-04-13,answer_user_day,9,2,0.2222222222222222
2013-04-13,comment_only_user_day,4,2,0.5
2013-04-13,question_user_day,4,0,0.0
2013-04-14,answer_user_day,9,3,0.3333333333333333
2013-04-14,comment_only_user_day,5,2,0.4
2013-04-14,question_user_day,10,1,0.1
2013-04-15,answer_user_day,11,5,0.45454545454545453
2013-04-15,comment_only_user_day,13,3,0.23076923076923078
2013-04-15,question_user_day,5,1,0.2
2013-04-16,answer_user_day,11,4,0.36363636363636365
2013-04-16,comment_only_user_day,13,2,0.15384615384615385
2013-04-16,question_user_day,7,3,0.42857142857142855
2013-04-17,answer_user_day,7,2,0.2857142857142857
2013-04-17,comment_only_user_day,19,5,0.2631578947368421
2013-04-17,question_user_day,6,1,0.16666666666666666
2013-04-18,answer_user_day,19,3,0.15789473684210525
2013-04-18,comment_only_user_day,14,5,0.35714285714285715
2013-04-18,question_user_day,8,4,0.5
2013-04-19,answer_user_day,13,4,0.3076923076923077
2013-04-19,comment_only_user_day,14,1,0.07142857142857142
2013-04-19,question_user_day,5,1,0.2
2013-04-20,answer_user_day,10,2,0.2
2013-04-20,comment_only_user_day,11,4,0.36363636363636365
2013-04-20,question_user_day,2,1,0.5
2013-04-21,answer_user_day,11,1,0.09090909090909091
2013-04-21,comment_only_user_day,10,3,0.3
2013-04-21,question_user_day,6,0,0.0
2013-04-22,answer_user_day,10,5,0.5
2013-04-22,comment_only_user_day,20,3,0.15
2013-04-22,question_user_day,3,0,0.0
2013-04-23,answer_user_day,5,3,0.6
2013-04-23,comment_only_user_day,14,9,0.6428571428571429
2013-04-23,question_user_day,5,2,0.4
2013-04-24,answer_user_day,16,4,0.25
2013-04-24,comment_only_user_day,10,6,0.6
2013-04-24,question_user_day,5,1,0.2
2013-04-25,answer_user_day,11,6,0.5454545454545454
2013-04-25,comment_only_user_day,9,4,0.4444444444444444
2013-04-25,question_user_day,10,4,0.4
2013-04-26,answer_user_day,11,2,0.18181818181818182
2013-04-26,comment_only_user_day,17,4,0.23529411764705882
2013-04-26,question_user_day,3,1,0.3333333333333333
2013-04-27,answer_user_day,11,2,0.18181818181818182
2013-04-27,comment_only_user_day,7,2,0.2857142857142857
2013-04-27,question_user_day,5,3,0.6
2013-04-28,answer_user_day,5,3,0.6
2013-04-28,comment_only_user_day,10,1,0.1
2013-04-28,question_user_day,3,1,0.3333333333333333
2013-04-29,answer_user_day,9,2,0.2222222222222222
2013-04-29,comment_only_user_day,11,2,0.18181818181818182
2013-04-29,question_user_day,7,1,0.14285714285714285
2013-04-30,answer_user_day,10,0,0.0
2013-04-30,comment_only_user_day,10,6,0.6
2013-04-30,question_user_day,7,1,0.14285714285714285
2013-05-01,answer_user_day,8,4,0.5
2013-05-01,comment_only_user_day,13,4,0.3076923076923077
2013-05-01,question_user_day,6,1,0.16666666666666666
2013-05-02,answer_user_day,9,5,0.5555555555555556
2013-05-02,comment_only_user_day,12,4,0.3333333333333333
2013-05-02,question_user_day,9,2,0.2222222222222222
2013-05-03,answer_user_day,10,4,0.4
2013-05-03,comment_only_user_day,10,2,0.2
2013-05-03,question_user_day,5,1,0.2
2013-05-04,answer_user_day,6,2,0.3333333333333333
2013-05-04,comment_only_user_day,8,2,0.25
2013-05-04,question_user_day,5,2,0.4
2013-05-05,answer_user_day,7,3,0.42857142857142855
2013-05-05,comment_only_user_day,7,3,0.42857142857142855
2013-05-05,question_user_day,5,2,0.4
2013-05-06,answer_user_day,13,7,0.5384615384615384
2013-05-06,comment_only_user_day,16,4,0.25
2013-05-06,question_user_day,7,0,0.0
2013-05-07,answer_user_day,14,3,0.21428571428571427
2013-05-07,comment_only_user_day,12,3,0.25
2013-05-07,question_user_day,8,0,0.0
2013-05-08,answer_user_day,13,6,0.46153846153846156
2013-05-08,comment_only_user_day,8,2,0.25
2013-05-08,question_user_day,7,3,0.42857142857142855
2013-05-09,answer_user_day,13,5,0.38461538461538464
2013-05-09,comment_only_user_day,13,4,0.3076923076923077
2013-05-09,question_user_day,9,3,0.3333333333333333
2013-05-10,answer_user_day,13,5,0.38461538461538464
2013-05-10,comment_only_user_day,13,3,0.23076923076923078
2013-05-10,question_user_day,5,2,0.4
2013-05-11,answer_user_day,9,1,0.1111111111111111
2013-05-11,comment_only_user_day,7,2,0.2857142857142857
2013-05-11,question_user_day,2,0,0.0
2013-05-12,answer_user_day,6,4,0.6666666666666666
2013-05-12,comment_only_user_day,3,1,0.3333333333333333
2013-05-12,question_user_day,6,2,0.3333333333333333
2013-05-13,answer_user_day,8,4,0.5
2013-05-13,comment_only_user_day,10,4,0.4
2013-05-13,question_user_day,5,2,0.4
2013-05-14,answer_user_day,16,7,0.4375
2013-05-14,comment_only_user_day,15,4,0.26666666666666666
2013-05-14,question_user_day,7,1,0.14285714285714285
2013-05-15,answer_user_day,9,4,0.4444444444444444
2013-05-15,comment_only_user_day,13,4,0.3076923076923077
2013-05-15,question_user_day,7,2,0.2857142857142857
2013-05-16,answer_user_day,10,4,0.4
2013-05-16,comment_only_user_day,15,6,0.4
2013-05-16,question_user_day,6,1,0.16666666666666666
2013-05-17,answer_user_day,16,5,0.3125
2013-05-17,comment_only_user_day,14,1,0.07142857142857142
2013-05-17,question_user_day,10,2,0.2
2013-05-18,answer_user_day,6,1,0.16666666666666666
2013-05-18,comment_only_user_day,11,4,0.36363636363636365
2013-05-18,question_user_day,1,0,0.0
2013-05-19,answer_user_day,8,0,0.0
2013-05-19,comment_only_user_day,12,1,0.08333333333333333
2013-05-19,question_user_day,8,1,0.125
2013-05-20,answer_user_day,7,1,0.14285714285714285
2013-05-20,comment_only_user_day,7,2,0.2857142857142857
2013-05-20,question_user_day,4,1,0.25
2013-05-21,answer_user_day,11,3,0.2727272727272727
2013-05-21,comment_only_user_day,11,4,0.36363636363636365
2013-05-21,question_user_day,6,1,0.16666666666666666
2013-05-22,answer_user_day,10,3,0.3
2013-05-22,comment_only_user_day,8,4,0.5
2013-05-22,question_user_day,5,2,0.4
2013-05-23,answer_user_day,11,2,0.18181818181818182
2013-05-23,comment_only_user_day,11,2,0.18181818181818182
2013-05-23,question_user_day,3,1,0.3333333333333333
2013-05-24,answer_user_day,8,3,0.375
2013-05-24,comment_only_user_day,11,2,0.18181818181818182
2013-05-24,question_user_day,3,1,0.3333333333333333
2013-05-25,answer_user_day,4,0,0.0
2013-05-25,comment_only_user_day,7,3,0.42857142857142855
2013-05-25,question_user_day,5,1,0.2
2013-05-26,answer_user_day,10,1,0.1
2013-05-26,comment_only_user_day,4,3,0.75
2013-05-26,question_user_day,1,1,1.0
2013-05-27,answer_user_day,12,4,0.3333333333333333
2013-05-27,comment_only_user_day,9,3,0.3333333333333333
2013-05-27,question_user_day,2,0,0.0
2013-05-28,answer_user_day,12,7,0.5833333333333334
2013-05-28,comment_only_user_day,13,4,0.3076923076923077
2013-05-28,question_user_day,6,2,0.3333333333333333
2013-05-29,answer_user_day,10,5,0.5
2013-05-29,comment_only_user_day,16,6,0.375
2013-05-29,question_user_day,5,4,0.8
2013-05-30,answer_user_day,14,7,0.5
2013-05-30,comment_only_user_day,11,1,0.09090909090909091
2013-05-30,question_user_day,7,2,0.2857142857142857
2013-05-31,answer_user_day,4,2,0.5
2013-05-31,comment_only_user_day,14,1,0.07142857142857142
2013-05-31,question_user_day,4,0,0.0
2013-06-01,answer_user_day,4,3,0.75
2013-06-01,comment_only_user_day,6,1,0.16666666666666666
2013-06-01,question_user_day,8,2,0.25
2013-06-02,answer_user_day,8,4,0.5
2013-06-02,comment_only_user_day,10,5,0.5
2013-06-02,question_user_day,10,3,0.3
2013-06-03,answer_user_day,7,3,0.42857142857142855
2013-06-03,comment_only_user_day,17,4,0.23529411764705882
2013-06-03,question_user_day,2,0,0.0
2013-06-04,answer_user_day,4,2,0.5
2013-06-04,comment_only_user_day,7,3,0.42857142857142855
2013-06-04,question_user_day,2,0,0.0
2013-06-05,answer_user_day,9,2,0.2222222222222222
2013-06-05,comment_only_user_day,8,2,0.25
2013-06-05,question_user_day,3,2,0.6666666666666666
2013-06-06,answer_user_day,8,2,0.25
2013-06-06,comment_only_user_day,10,5,0.5
2013-06-06,question_user_day,2,0,0.0
2013-06-07,answer_user_day,9,3,0.3333333333333333
2013-06-07,comment_only_user_day,9,0,0.0
2013-06-07,question_user_day,5,2,0.4
2013-06-08,answer_user_day,2,1,0.5
2013-06-08,comment_only_user_day,5,0,0.0
2013-06-08,question_user_day,4,2,0.5
2013-06-09,answer_user_day,8,3,0.375
2013-06-09,comment_only_user_day,5,1,0.2
2013-06-09,question_user_day,4,2,0.5
2013-06-10,answer_user_day,9,3,0.3333333333333333
2013-06-10,comment_only_user_day,16,3,0.1875
2013-06-10,question_user_day,9,1,0.1111111111111111
2013-06-11,answer_user_day,11,3,0.2727272727272727
2013-06-11,comment_only_user_day,11,5,0.45454545454545453
2013-06-11,question_user_day,7,1,0.14285714285714285
2013-06-12,answer_user_day,9,6,0.6666666666666666
2013-06-12,comment_only_user_day,13,4,0.3076923076923077
2013-06-12,question_user_day,5,0,0.0
2013-06-13,answer_user_day,13,4,0.3076923076923077
2013-06-13,comment_only_user_day,20,2,0.1
2013-06-13,question_user_day,4,2,0.5
2013-06-14,answer_user_day,9,4,0.4444444444444444
2013-06-14,comment_only_user_day,7,1,0.14285714285714285
2013-06-14,question_user_day,5,0,0.0
2013-06-15,answer_user_day,10,7,0.7
2013-06-15,comment_only_user_day,5,3,0.6
2013-06-15,question_user_day,6,2,0.3333333333333333
2013-06-16,answer_user_day,13,6,0.46153846153846156
2013-06-16,comment_only_user_day,17,7,0.4117647058823529
2013-06-16,question_user_day,8,4,0.5
2013-06-17,answer_user_day,16,8,0.5
2013-06-17,comment_only_user_day,22,2,0.09090909090909091
2013-06-17,question_user_day,6,3,0.5
2013-06-18,answer_user_day,9,4,0.4444444444444444
2013-06-18,comment_only_user_day,20,4,0.2
2013-06-18,question_user_day,6,1,0.16666666666666666
2013-06-19,answer_user_day,9,4,0.4444444444444444
2013-06-19,comment_only_user_day,10,3,0.3
2013-06-19,question_user_day,4,2,0.5
2013-06-20,answer_user_day,11,6,0.5454545454545454
2013-06-20,comment_only_user_day,14,2,0.14285714285714285
2013-06-20,question_user_day,10,3,0.3
2013-06-21,answer_user_day,7,2,0.2857142857142857
2013-06-21,comment_only_user_day,19,4,0.21052631578947367
2013-06-21,question_user_day,2,0,0.0
2013-06-22,answer_user_day,6,3,0.5
2013-06-22,comment_only_user_day,6,3,0.5
2013-06-22,question_user_day,5,2,0.4
2013-06-23,answer_user_day,8,1,0.125
2013-06-23,comment_only_user_day,14,6,0.42857142857142855
2013-06-23,question_user_day,5,1,0.2
2013-06-24,answer_user_day,5,3,0.6
2013-06-24,comment_only_user_day,10,5,0.5
2013-06-24,question_user_day,4,1,0.25
2013-06-25,answer_user_day,13,7,0.5384615384615384
2013-06-25,comment_only_user_day,13,4,0.3076923076923077
2013-06-25,question_user_day,5,2,0.4
2013-06-26,answer_user_day,10,6,0.6
2013-06-26,comment_only_user_day,22,7,0.3181818181818182
2013-06-26,question_user_day,7,1,0.14285714285714285
2013-06-27,answer_user_day,16,3,0.1875
2013-06-27,comment_only_user_day,12,2,0.16666666666666666
2013-06-27,question_user_day,8,3,0.375
2013-06-28,answer_user_day,7,1,0.14285714285714285
2013-06-28,comment_only_user_day,9,2,0.2222222222222222
2013-06-28,question_user_day,5,0,0.0
2013-06-29,answer_user_day,4,2,0.5
2013-06-29,comment_only_user_day,5,3,0.6
2013-06-29,question_user_day,2,2,1.0
2013-06-30,answer_user_day,5,1,0.2
2013-06-30,comment_only_user_day,7,2,0.2857142857142857
2013-06-30,question_user_day,5,1,0.2
2013-07-01,answer_user_day,7,4,0.5714285714285714
2013-07-01,comment_only_user_day,6,2,0.3333333333333333
2013-07-01,question_user_day,8,0,0.0
2013-07-02,answer_user_day,5,3,0.6
2013-07-02,comment_only_user_day,6,1,0.16666666666666666
2013-07-02,question_user_day,6,2,0.3333333333333333
2013-07-03,answer_user_day,11,1,0.09090909090909091
2013-07-03,comment_only_user_day,12,3,0.25
2013-07-03,question_user_day,4,1,0.25
2013-07-04,answer_user_day,5,3,0.6
2013-07-04,comment_only_user_day,13,2,0.15384615384615385
2013-07-04,question_user_day,5,4,0.8
2013-07-05,answer_user_day,9,3,0.3333333333333333
2013-07-05,comment_only_user_day,9,0,0.0
2013-07-05,question_user_day,6,1,0.16666666666666666
2013-07-06,answer_user_day,5,4,0.8
2013-07-06,comment_only_user_day,4,1,0.25
2013-07-06,question_user_day,1,0,0.0
2013-07-07,answer_user_day,7,3,0.42857142857142855
2013-07-07,comment_only_user_day,7,3,0.42857142857142855
2013-07-07,question_user_day,5,3,0.6
2013-07-08,answer_user_day,12,5,0.4166666666666667
2013-07-08,comment_only_user_day,14,4,0.2857142857142857
2013-07-08,question_user_day,7,0,0.0
2013-07-09,answer_user_day,5,4,0.8
2013-07-09,comment_only_user_day,12,2,0.16666666666666666
2013-07-09,question_user_day,6,1,0.16666666666666666
2013-07-10,answer_user_day,13,6,0.46153846153846156
2013-07-10,comment_only_user_day,10,1,0.1
2013-07-10,question_user_day,3,1,0.3333333333333333
2013-07-11,answer_user_day,12,2,0.16666666666666666
2013-07-11,comment_only_user_day,9,5,0.5555555555555556
2013-07-11,question_user_day,3,1,0.3333333333333333
2013-07-12,answer_user_day,6,1,0.16666666666666666
2013-07-12,comment_only_user_day,7,1,0.14285714285714285
2013-07-12,question_user_day,7,0,0.0
2013-07-13,answer_user_day,5,1,0.2
2013-07-13,comment_only_user_day,3,3,1.0
2013-07-13,question_user_day,4,0,0.0
2013-07-14,answer_user_day,6,3,0.5
2013-07-14,comment_only_user_day,8,4,0.5
2013-07-14,question_user_day,6,1,0.16666666666666666
2013-07-15,answer_user_day,14,6,0.42857142857142855
2013-07-15,comment_only_user_day,14,4,0.2857142857142857
2013-07-15,question_user_day,4,2,0.5
2013-07-16,answer_user_day,12,4,0.3333333333333333
2013-07-16,comment_only_user_day,14,6,0.42857142857142855
2013-07-16,question_user_day,6,1,0.16666666666666666
2013-07-17,answer_user_day,8,6,0.75
2013-07-17,comment_only_user_day,10,1,0.1
2013-07-17,question_user_day,6,3,0.5
2013-07-18,answer_user_day,12,6,0.5
2013-07-18,comment_only_user_day,14,4,0.2857142857142857
2013-07-18,question_user_day,7,2,0.2857142857142857
2013-07-19,answer_user_day,10,6,0.6
2013-07-19,comment_only_user_day,13,0,0.0
2013-07-19,question_user_day,5,2,0.4
2013-07-20,answer_user_day,6,1,0.16666666666666666
2013-07-20,comment_only_user_day,12,2,0.16666666666666666
2013-07-20,question_user_day,3,2,0.6666666666666666
2013-07-21,answer_user_day,4,2,0.5
2013-07-21,comment_only_user_day,6,3,0.5
2013-07-21,question_user_day,8,4,0.5
2013-07-22,answer_user_day,12,5,0.4166666666666667
2013-07-22,comment_only_user_day,14,5,0.35714285714285715
2013-07-22,question_user_day,9,4,0.4444444444444444
2013-07-23,answer_user_day,12,3,0.25
2013-07-23,comment_only_user_day,15,5,0.3333333333333333
2013-07-23,question_user_day,4,1,0.25
2013-07-24,answer_user_day,8,2,0.25
2013-07-24,comment_only_user_day,10,2,0.2
2013-07-24,question_user_day,7,1,0.14285714285714285
2013-07-25,answer_user_day,11,5,0.45454545454545453
2013-07-25,comment_only_user_day,14,4,0.2857142857142857
2013-07-25,question_user_day,6,2,0.3333333333333333
2013-07-26,answer_user_day,5,1,0.2
2013-07-26,comment_only_user_day,10,3,0.3
2013-07-26,question_user_day,5,1,0.2
2013-07-27,answer_user_day,2,0,0.0
2013-07-27,comment_only_user_day,10,0,0.0
2013-07-27,question_user_day,3,0,0.0
2013-07-28,answer_user_day,4,2,0.5
2013-07-28,comment_only_user_day,7,4,0.5714285714285714
2013-07-28,question_user_day,6,0,0.0
2013-07-29,answer_user_day,10,5,0.5
2013-07-29,comment_only_user_day,15,6,0.4
2013-07-29,question_user_day,7,0,0.0
2013-07-30,answer_user_day,13,5,0.38461538461538464
2013-07-30,comment_only_user_day,15,3,0.2
2013-07-30,question_user_day,4,1,0.25
2013-07-31,answer_user_day,17,4,0.23529411764705882
2013-07-31,comment_only_user_day,17,4,0.23529411764705882
2013-07-31,question_user_day,5,2,0.4
2013-08-01,answer_user_day,9,5,0.5555555555555556
2013-08-01,comment_only_user_day,14,2,0.14285714285714285
2013-08-01,question_user_day,7,1,0.14285714285714285
2013-08-02,answer_user_day,8,4,0.5
2013-08-02,comment_only_user_day,5,1,0.2
2013-08-02,question_user_day,3,1,0.3333333333333333
2013-08-03,answer_user_day,6,2,0.3333333333333333
2013-08-03,comment_only_user_day,6,2,0.3333333333333333
2013-08-03,question_user_day,7,3,0.42857142857142855
2013-08-04,answer_user_day,13,6,0.46153846153846156
2013-08-04,comment_only_user_day,4,2,0.5
2013-08-04,question_user_day,8,0,0.0
2013-08-05,answer_user_day,7,2,0.2857142857142857
2013-08-05,comment_only_user_day,13,3,0.23076923076923078
2013-08-05,question_user_day,3,2,0.6666666666666666
2013-08-06,answer_user_day,9,4,0.4444444444444444
2013-08-06,comment_only_user_day,13,2,0.15384615384615385
2013-08-06,question_user_day,5,1,0.2
2013-08-07,answer_user_day,11,5,0.45454545454545453
2013-08-07,comment_only_user_day,7,1,0.14285714285714285
2013-08-07,question_user_day,5,2,0.4
2013-08-08,answer_user_day,12,5,0.4166666666666667
2013-08-08,comment_only_user_day,7,3,0.42857142857142855
2013-08-08,question_user_day,3,1,0.3333333333333333
2013-08-09,answer_user_day,14,4,0.2857142857142857
2013-08-09,comment_only_user_day,7,5,0.7142857142857143
2013-08-09,question_user_day,9,1,0.1111111111111111
2013-08-10,answer_user_day,5,1,0.2
2013-08-10,comment_only_user_day,10,4,0.4
2013-08-10,question_user_day,5,2,0.4
2013-08-11,answer_user_day,10,4,0.4
2013-08-11,comment_only_user_day,11,7,0.6363636363636364
2013-08-11,question_user_day,5,1,0.2
2013-08-12,answer_user_day,12,7,0.5833333333333334
2013-08-12,comment_only_user_day,12,2,0.16666666666666666
2013-08-12,question_user_day,5,3,0.6
2013-08-13,answer_user_day,9,2,0.2222222222222222
2013-08-13,comment_only_user_day,13,5,0.38461538461538464
2013-08-13,question_user_day,6,2,0.3333333333333333
2013-08-14,answer_user_day,10,2,0.2
2013-08-14,comment_only_user_day,15,2,0.13333333333333333
2013-08-14,question_user_day,9,1,0.1111111111111111
2013-08-15,answer_user_day,10,3,0.3
2013-08-15,comment_only_user_day,7,2,0.2857142857142857
2013-08-15,question_user_day,11,1,0.09090909090909091
2013-08-16,answer_user_day,16,3,0.1875
2013-08-16,comment_only_user_day,15,3,0.2
2013-08-16,question_user_day,4,0,0.0
2013-08-17,answer_user_day,5,2,0.4
2013-08-17,comment_only_user_day,10,3,0.3
2013-08-17,question_user_day,3,0,0.0
2013-08-18,answer_user_day,10,5,0.5
2013-08-18,comment_only_user_day,10,4,0.4
2013-08-18,question_user_day,8,3,0.375
2013-08-19,answer_user_day,12,6,0.5
2013-08-19,comment_only_user_day,16,11,0.6875
2013-08-19,question_user_day,10,5,0.5
2013-08-20,answer_user_day,10,2,0.2
2013-08-20,comment_only_user_day,21,9,0.42857142857142855
2013-08-20,question_user_day,7,2,0.2857142857142857
2013-08-21,answer_user_day,11,5,0.45454545454545453
2013-08-21,comment_only_user_day,8,1,0.125
2013-08-21,question_user_day,2,1,0.5
2013-08-22,answer_user_day,12,2,0.16666666666666666
2013-08-22,comment_only_user_day,10,5,0.5
2013-08-22,question_user_day,10,5,0.5
2013-08-23,answer_user_day,9,1,0.1111111111111111
2013-08-23,comment_only_user_day,18,1,0.05555555555555555
2013-08-23,question_user_day,9,4,0.4444444444444444
2013-08-24,answer_user_day,4,3,0.75
2013-08-24,comment_only_user_day,5,1,0.2
2013-08-24,question_user_day,4,1,0.25
2013-08-25,answer_user_day,6,2,0.3333333333333333
2013-08-25,comment_only_user_day,6,3,0.5
2013-08-25,question_user_day,4,3,0.75
2013-08-26,answer_user_day,7,1,0.14285714285714285
2013-08-26,comment_only_user_day,10,4,0.4
2013-08-26,question_user_day,5,1,0.2
2013-08-27,answer_user_day,6,3,0.5
2013-08-27,comment_only_user_day,7,3,0.42857142857142855
2013-08-27,question_user_day,4,3,0.75
2013-08-28,answer_user_day,8,4,0.5
2013-08-28,comment_only_user_day,12,3,0.25
2013-08-28,question_user_day,7,2,0.2857142857142857
2013-08-29,answer_user_day,6,1,0.16666666666666666
2013-08-29,comment_only_user_day,9,2,0.2222222222222222
2013-08-29,question_user_day,4,2,0.5
2013-08-30,answer_user_day,9,1,0.1111111111111111
2013-08-30,comment_only_user_day,10,2,0.2
2013-08-30,question_user_day,2,1,0.5
2013-08-31,answer_user_day,6,3,0.5
2013-08-31,comment_only_user_day,8,3,0.375
2013-08-31,question_user_day,4,0,0.0
2013-09-01,answer_user_day,5,4,0.8
2013-09-01,comment_only_user_day,8,5,0.625
2013-09-01,question_user_day,5,2,0.4
2013-09-02,answer_user_day,11,7,0.6363636363636364
2013-09-02,comment_only_user_day,22,7,0.3181818181818182
2013-09-02,question_user_day,11,4,0.36363636363636365
2013-09-03,answer_user_day,13,5,0.38461538461538464
2013-09-03,comment_only_user_day,26,4,0.15384615384615385
2013-09-03,question_user_day,4,2,0.5
2013-09-04,answer_user_day,5,4,0.8
2013-09-04,comment_only_user_day,15,3,0.2
2013-09-04,question_user_day,4,2,0.5
2013-09-05,answer_user_day,6,2,0.3333333333333333
2013-09-05,comment_only_user_day,9,1,0.1111111111111111
2013-09-05,question_user_day,5,4,0.8
2013-09-06,answer_user_day,8,1,0.125
2013-09-06,comment_only_user_day,8,2,0.25
2013-09-06,question_user_day,6,1,0.16666666666666666
2013-09-07,answer_user_day,6,4,0.6666666666666666
2013-09-07,comment_only_user_day,5,4,0.8
2013-09-07,question_user_day,3,0,0.0
2013-09-08,answer_user_day,12,6,0.5
2013-09-08,comment_only_user_day,10,1,0.1
2013-09-08,question_user_day,7,3,0.42857142857142855
2013-09-09,answer_user_day,8,5,0.625
2013-09-09,comment_only_user_day,15,6,0.4
2013-09-09,question_user_day,4,2,0.5
2013-09-10,answer_user_day,16,8,0.5
2013-09-10,comment_only_user_day,19,5,0.2631578947368421
2013-09-10,question_user_day,3,1,0.3333333333333333
2013-09-11,answer_user_day,11,6,0.5454545454545454
2013-09-11,comment_only_user_day,13,4,0.3076923076923077
2013-09-11,question_user_day,8,3,0.375
2013-09-12,answer_user_day,11,5,0.45454545454545453
2013-09-12,comment_only_user_day,15,6,0.4
2013-09-12,question_user_day,4,1,0.25
2013-09-13,answer_user_day,8,3,0.375
2013-09-13,comment_only_user_day,17,3,0.17647058823529413
2013-09-13,question_user_day,6,0,0.0
2013-09-14,answer_user_day,9,3,0.3333333333333333
2013-09-14,comment_only_user_day,3,0,0.0
2013-09-14,question_user_day,2,1,0.5
2013-09-15,answer_user_day,2,0,0.0
2013-09-15,comment_only_user_day,6,4,0.6666666666666666
2013-09-15,question_user_day,1,1,1.0
2013-09-16,answer_user_day,11,5,0.45454545454545453
2013-09-16,comment_only_user_day,8,4,0.5
2013-09-16,question_user_day,7,2,0.2857142857142857
2013-09-17,answer_user_day,13,6,0.46153846153846156
2013-09-17,comment_only_user_day,13,4,0.3076923076923077
2013-09-17,question_user_day,7,1,0.14285714285714285
2013-09-18,answer_user_day,9,3,0.3333333333333333
2013-09-18,comment_only_user_day,15,6,0.4
2013-09-18,question_user_day,6,0,0.0
2013-09-19,answer_user_day,6,4,0.6666666666666666
2013-09-19,comment_only_user_day,12,2,0.16666666666666666
2013-09-19,question_user_day,7,2,0.2857142857142857
2013-09-20,answer_user_day,13,0,0.0
2013-09-20,comment_only_user_day,9,1,0.1111111111111111
2013-09-20,question_user_day,3,0,0.0
2013-09-21,answer_user_day,3,0,0.0
2013-09-21,comment_only_user_day,3,0,0.0
2013-09-21,question_user_day,1,0,0.0
2013-09-22,answer_user_day,7,4,0.5714285714285714
2013-09-22,comment_only_user_day,8,2,0.25
2013-09-22,question_user_day,5,2,0.4
2013-09-23,answer_user_day,8,3,0.375
2013-09-23,comment_only_user_day,15,8,0.5333333333333333
2013-09-23,question_user_day,6,2,0.3333333333333333
2013-09-24,answer_user_day,10,7,0.7
2013-09-24,comment_only_user_day,15,4,0.26666666666666666
2013-09-24,question_user_day,7,1,0.14285714285714285
2013-09-25,answer_user_day,7,2,0.2857142857142857
2013-09-25,comment_only_user_day,16,7,0.4375
2013-09-25,question_user_day,3,3,1.0
2013-09-26,answer_user_day,8,6,0.75
2013-09-26,comment_only_user_day,14,7,0.5
2013-09-26,question_user_day,9,0,0.0
2013-09-27,answer_user_day,22,4,0.18181818181818182
2013-09-27,comment_only_user_day,13,1,0.07692307692307693
2013-09-27,question_user_day,7,2,0.2857142857142857
2013-09-28,answer_user_day,7,2,0.2857142857142857
2013-09-28,comment_only_user_day,14,1,0.07142857142857142
2013-09-28,question_user_day,2,1,0.5
2013-09-29,answer_user_day,8,3,0.375
2013-09-29,comment_only_user_day,7,2,0.2857142857142857
2013-09-29,question_user_day,5,2,0.4
2013-09-30,answer_user_day,9,4,0.4444444444444444
2013-09-30,comment_only_user_day,14,6,0.42857142857142855
2013-09-30,question_user_day,5,0,0.0
2013-10-01,answer_user_day,12,8,0.6666666666666666
2013-10-01,comment_only_user_day,9,2,0.2222222222222222
2013-10-01,question_user_day,5,0,0.0
2013-10-02,answer_user_day,22,5,0.22727272727272727
2013-10-02,comment_only_user_day,18,4,0.2222222222222222
2013-10-02,question_user_day,4,0,0.0
2013-10-03,answer_user_day,6,1,0.16666666666666666
2013-10-03,comment_only_user_day,19,6,0.3157894736842105
2013-10-03,question_user_day,3,0,0.0
2013-10-04,answer_user_day,8,2,0.25
2013-10-04,comment_only_user_day,12,4,0.3333333333333333
2013-10-04,question_user_day,4,1,0.25
2013-10-05,answer_user_day,8,4,0.5
2013-10-05,comment_only_user_day,6,2,0.3333333333333333
2013-10-05,question_user_day,3,1,0.3333333333333333
2013-10-06,answer_user_day,10,7,0.7
2013-10-06,comment_only_user_day,5,4,0.8
2013-10-06,question_user_day,8,3,0.375
2013-10-07,answer_user_day,8,6,0.75
2013-10-07,comment_only_user_day,17,7,0.4117647058823529
2013-10-07,question_user_day,6,0,0.0
2013-10-08,answer_user_day,9,3,0.3333333333333333
2013-10-08,comment_only_user_day,18,7,0.3888888888888889
2013-10-08,question_user_day,8,3,0.375
2013-10-09,answer_user_day,10,5,0.5
2013-10-09,comment_only_user_day,15,4,0.26666666666666666
2013-10-09,question_user_day,8,2,0.25
2013-10-10,answer_user_day,14,4,0.2857142857142857
2013-10-10,comment_only_user_day,8,1,0.125
2013-10-10,question_user_day,8,2,0.25
2013-10-11,answer_user_day,8,3,0.375
2013-10-11,comment_only_user_day,10,0,0.0
2013-10-11,question_user_day,3,1,0.3333333333333333
2013-10-12,answer_user_day,7,0,0.0
2013-10-12,comment_only_user_day,8,2,0.25
2013-10-12,question_user_day,3,0,0.0
2013-10-13,answer_user_day,4,1,0.25
2013-10-13,question_user_day,2,1,0.5
2013-10-14,answer_user_day,7,3,0.42857142857142855
2013-10-14,comment_only_user_day,8,3,0.375
2013-10-14,question_user_day,4,1,0.25
2013-10-15,answer_user_day,10,4,0.4
2013-10-15,comment_only_user_day,11,7,0.6363636363636364
2013-10-15,question_user_day,9,1,0.1111111111111111
2013-10-16,answer_user_day,13,4,0.3076923076923077
2013-10-16,comment_only_user_day,9,2,0.2222222222222222
2013-10-16,question_user_day,6,2,0.3333333333333333
2013-10-17,answer_user_day,6,3,0.5
2013-10-17,comment_only_user_day,10,5,0.5
2013-10-17,question_user_day,2,0,0.0
2013-10-18,answer_user_day,4,3,0.75
2013-10-18,comment_only_user_day,11,1,0.09090909090909091
2013-10-18,question_user_day,4,0,0.0
2013-10-19,answer_user_day,3,2,0.6666666666666666
2013-10-19,comment_only_user_day,6,1,0.16666666666666666
2013-10-19,question_user_day,3,2,0.6666666666666666
2013-10-20,answer_user_day,7,4,0.5714285714285714
2013-10-20,comment_only_user_day,7,3,0.42857142857142855
2013-10-20,question_user_day,7,3,0.42857142857142855
2013-10-21,answer_user_day,7,3,0.42857142857142855
2013-10-21,comment_only_user_day,18,6,0.3333333333333333
2013-10-21,question_user_day,6,4,0.6666666666666666
2013-10-22,answer_user_day,10,3,0.3
2013-10-22,comment_only_user_day,23,4,0.17391304347826086
2013-10-22,question_user_day,7,1,0.14285714285714285
2013-10-23,answer_user_day,7,5,0.7142857142857143
2013-10-23,comment_only_user_day,6,2,0.3333333333333333
2013-10-23,question_user_day,5,2,0.4
2013-10-24,answer_user_day,9,4,0.4444444444444444
2013-10-24,comment_only_user_day,9,3,0.3333333333333333
2013-10-24,question_user_day,6,0,0.0
2013-10-25,answer_user_day,7,1,0.14285714285714285
2013-10-25,comment_only_user_day,10,3,0.3
2013-10-25,question_user_day,6,3,0.5
2013-10-26,answer_user_day,4,2,0.5
2013-10-26,comment_only_user_day,8,2,0.25
2013-10-26,question_user_day,3,1,0.3333333333333333
2013-10-27,answer_user_day,4,2,0.5
2013-10-27,comment_only_user_day,8,3,0.375
2013-10-27,question_user_day,3,2,0.6666666666666666
2013-10-28,answer_user_day,8,3,0.375
2013-10-28,comment_only_user_day,13,5,0.38461538461538464
2013-10-28,question_user_day,2,0,0.0
2013-10-29,answer_user_day,6,2,0.3333333333333333
2013-10-29,comment_only_user_day,5,2,0.4
2013-10-29,question_user_day,7,1,0.14285714285714285
2013-10-30,answer_user_day,6,3,0.5
2013-10-30,comment_only_user_day,13,6,0.46153846153846156
2013-10-30,question_user_day,5,2,0.4
2013-10-31,answer_user_day,7,3,0.42857142857142855
2013-10-31,comment_only_user_day,12,2,0.16666666666666666
2013-10-31,question_user_day,5,2,0.4
2013-11-01,answer_user_day,5,1,0.2
2013-11-01,comment_only_user_day,13,3,0.23076923076923078
2013-11-01,question_user_day,5,1,0.2
2013-11-02,answer_user_day,4,1,0.25
2013-11-02,comment_only_user_day,5,4,0.8
2013-11-02,question_user_day,5,3,0.6
2013-11-03,answer_user_day,7,2,0.2857142857142857
2013-11-03,comment_only_user_day,5,3,0.6
2013-11-03,question_user_day,5,0,0.0
2013-11-04,answer_user_day,10,3,0.3
2013-11-04,comment_only_user_day,12,2,0.16666666666666666
2013-11-04,question_user_day,6,2,0.3333333333333333
2013-11-05,answer_user_day,8,2,0.25
2013-11-05,comment_only_user_day,8,5,0.625
2013-11-05,question_user_day,11,1,0.09090909090909091
2013-11-06,answer_user_day,7,3,0.42857142857142855
2013-11-06,comment_only_user_day,12,3,0.25
2013-11-06,question_user_day,6,1,0.16666666666666666
2013-11-07,answer_user_day,10,4,0.4
2013-11-07,comment_only_user_day,5,2,0.4
2013-11-07,question_user_day,7,1,0.14285714285714285
2013-11-08,answer_user_day,8,2,0.25
2013-11-08,comment_only_user_day,10,3,0.3
2013-11-08,question_user_day,5,1,0.2
2013-11-09,answer_user_day,4,2,0.5
2013-11-09,comment_only_user_day,5,1,0.2
2013-11-09,question_user_day,5,1,0.2
2013-11-10,answer_user_day,2,1,0.5
2013-11-10,comment_only_user_day,7,2,0.2857142857142857
2013-11-10,question_user_day,3,1,0.3333333333333333
2013-11-11,answer_user_day,15,3,0.2
2013-11-11,comment_only_user_day,7,2,0.2857142857142857
2013-11-11,question_user_day,10,1,0.1
2013-11-12,answer_user_day,6,1,0.16666666666666666
2013-11-12,comment_only_user_day,11,4,0.36363636363636365
2013-11-12,question_user_day,4,0,0.0
2013-11-13,answer_user_day,14,3,0.21428571428571427
2013-11-13,comment_only_user_day,8,1,0.125
2013-11-13,question_user_day,4,0,0.0
2013-11-14,answer_user_day,7,1,0.14285714285714285
2013-11-14,comment_only_user_day,8,3,0.375
2013-11-14,question_user_day,9,1,0.1111111111111111
2013-11-15,answer_user_day,9,1,0.1111111111111111
2013-11-15,comment_only_user_day,12,1,0.08333333333333333
2013-11-15,question_user_day,4,1,0.25
2013-11-16,answer_user_day,2,1,0.5
2013-11-16,comment_only_user_day,5,3,0.6
2013-11-16,question_user_day,2,0,0.0
2013-11-17,answer_user_day,6,1,0.16666666666666666
2013-11-17,comment_only_user_day,10,2,0.2
2013-11-17,question_user_day,5,0,0.0
2013-11-18,answer_user_day,14,6,0.42857142857142855
2013-11-18,comment_only_user_day,7,4,0.5714285714285714
2013-11-18,question_user_day,2,1,0.5
2013-11-19,answer_user_day,11,6,0.5454545454545454
2013-11-19,comment_only_user_day,13,2,0.15384615384615385
2013-11-19,question_user_day,7,1,0.14285714285714285
2013-11-20,answer_user_day,4,2,0.5
2013-11-20,comment_only_user_day,10,7,0.7
2013-11-20,question_user_day,7,2,0.2857142857142857
2013-11-21,answer_user_day,14,4,0.2857142857142857
2013-11-21,comment_only_user_day,17,4,0.23529411764705882
2013-11-21,question_user_day,3,0,0.0
2013-11-22,answer_user_day,5,0,0.0
2013-11-22,comment_only_user_day,15,3,0.2
2013-11-22,question_user_day,1,0,0.0
2013-11-23,answer_user_day,5,3,0.6
2013-11-23,comment_only_user_day,4,3,0.75
2013-11-23,question_user_day,5,1,0.2
2013-11-24,answer_user_day,4,3,0.75
2013-11-24,comment_only_user_day,10,5,0.5
2013-11-24,question_user_day,5,1,0.2
2013-11-25,answer_user_day,10,6,0.6
2013-11-25,comment_only_user_day,12,5,0.4166666666666667
2013-11-25,question_user_day,7,1,0.14285714285714285
2013-11-26,answer_user_day,13,9,0.6923076923076923
2013-11-26,comment_only_user_day,9,2,0.2222222222222222
2013-11-26,question_user_day,8,2,0.25
2013-11-27,answer_user_day,10,2,0.2
2013-11-27,comment_only_user_day,11,5,0.45454545454545453
2013-11-27,question_user_day,4,1,0.25
2013-11-28,answer_user_day,14,6,0.42857142857142855
2013-11-28,comment_only_user_day,10,3,0.3
2013-11-28,question_user_day,5,1,0.2
2013-11-29,answer_user_day,4,1,0.25
2013-11-29,comment_only_user_day,15,3,0.2
2013-11-29,question_user_day,2,1,0.5
2013-11-30,answer_user_day,3,0,0.0
2013-11-30,comment_only_user_day,7,3,0.42857142857142855
2013-11-30,question_user_day,2,0,0.0
2013-12-01,answer_user_day,4,2,0.5
2013-12-01,comment_only_user_day,4,3,0.75
2013-12-01,question_user_day,5,2,0.4
2013-12-02,answer_user_day,7,2,0.2857142857142857
2013-12-02,comment_only_user_day,16,3,0.1875
2013-12-02,question_user_day,5,2,0.4
2013-12-03,answer_user_day,6,1,0.16666666666666666
2013-12-03,comment_only_user_day,9,7,0.7777777777777778
2013-12-03,question_user_day,3,1,0.3333333333333333
2013-12-04,answer_user_day,10,2,0.2
2013-12-04,comment_only_user_day,10,4,0.4
2013-12-04,question_user_day,7,2,0.2857142857142857
2013-12-05,answer_user_day,13,7,0.5384615384615384
2013-12-05,comment_only_user_day,9,4,0.4444444444444444
2013-12-05,question_user_day,8,2,0.25
2013-12-06,answer_user_day,12,3,0.25
2013-12-06,comment_only_user_day,19,6,0.3157894736842105
2013-12-06,question_user_day,6,2,0.3333333333333333
2013-12-07,answer_user_day,6,1,0.16666666666666666
2013-12-07,comment_only_user_day,12,7,0.5833333333333334
2013-12-07,question_user_day,2,1,0.5
2013-12-08,answer_user_day,5,2,0.4
2013-12-08,comment_only_user_day,11,4,0.36363636363636365
2013-12-08,question_user_day,2,1,0.5
2013-12-09,answer_user_day,5,1,0.2
2013-12-09,comment_only_user_day,11,5,0.45454545454545453
2013-12-09,question_user_day,2,1,0.5
2013-12-10,answer_user_day,13,3,0.23076923076923078
2013-12-10,comment_only_user_day,13,3,0.23076923076923078
2013-12-10,question_user_day,4,2,0.5
2013-12-11,answer_user_day,12,5,0.4166666666666667
2013-12-11,comment_only_user_day,17,1,0.058823529411764705
2013-12-11,question_user_day,5,1,0.2
2013-12-12,answer_user_day,7,3,0.42857142857142855
2013-12-12,comment_only_user_day,13,2,0.15384615384615385
2013-12-12,question_user_day,5,2,0.4
2013-12-13,answer_user_day,8,2,0.25
2013-12-13,comment_only_user_day,12,2,0.16666666666666666
2013-12-14,answer_user_day,6,3,0.5
2013-12-14,comment_only_user_day,6,3,0.5
2013-12-14,question_user_day,4,0,0.0
2013-12-15,answer_user_day,8,5,0.625
2013-12-15,comment_only_user_day,9,4,0.4444444444444444
2013-12-15,question_user_day,7,5,0.7142857142857143
2013-12-16,answer_user_day,14,8,0.5714285714285714
2013-12-16,comment_only_user_day,14,5,0.35714285714285715
2013-12-16,question_user_day,10,1,0.1
2013-12-17,answer_user_day,20,7,0.35
2013-12-17,comment_only_user_day,18,5,0.2777777777777778
2013-12-17,question_user_day,3,2,0.6666666666666666
2013-12-18,answer_user_day,15,7,0.4666666666666667
2013-12-18,comment_only_user_day,17,2,0.11764705882352941
2013-12-18,question_user_day,5,1,0.2
2013-12-19,answer_user_day,11,4,0.36363636363636365
2013-12-19,comment_only_user_day,12,2,0.16666666666666666
2013-12-19,question_user_day,9,0,0.0
2013-12-20,answer_user_day,9,2,0.2222222222222222
2013-12-20,comment_only_user_day,6,1,0.16666666666666666
2013-12-20,question_user_day,3,1,0.3333333333333333
2013-12-21,answer_user_day,8,4,0.5
2013-12-21,comment_only_user_day,1,1,1.0
2013-12-21,question_user_day,3,0,0.0
2013-12-22,answer_user_day,4,2,0.5
2013-12-22,comment_only_user_day,9,3,0.3333333333333333
2013-12-22,question_user_day,3,1,0.3333333333333333
2013-12-23,answer_user_day,11,3,0.2727272727272727
2013-12-23,comment_only_user_day,13,3,0.23076923076923078
2013-12-23,question_user_day,3,1,0.3333333333333333
2013-12-24,answer_user_day,6,5,0.8333333333333334
2013-12-24,comment_only_user_day,6,3,0.5
2013-12-24,question_user_day,5,2,0.4
2013-12-25,answer_user_day,11,5,0.45454545454545453
2013-12-25,comment_only_user_day,9,4,0.4444444444444444
2013-12-25,question_user_day,5,2,0.4
2013-12-26,answer_user_day,11,6,0.5454545454545454
2013-12-26,comment_only_user_day,9,2,0.2222222222222222
2013-12-26,question_user_day,6,3,0.5
2013-12-27,answer_user_day,11,6,0.5454545454545454
2013-12-27,comment_only_user_day,19,7,0.3684210526315789
2013-12-27,question_user_day,3,1,0.3333333333333333
2013-12-28,answer_user_day,11,5,0.45454545454545453
2013-12-28,comment_only_user_day,14,5,0.35714285714285715
2013-12-28,question_user_day,8,2,0.25
2013-12-29,answer_user_day,5,4,0.8
2013-12-29,comment_only_user_day,12,5,0.4166666666666667
2013-12-29,question_user_day,10,3,0.3
2013-12-30,answer_user_day,13,4,0.3076923076923077
2013-12-30,comment_only_user_day,18,3,0.16666666666666666
2013-12-30,question_user_day,8,1,0.125
2013-12-31,answer_user_day,8,0,0.0
2013-12-31,comment_only_user_day,8,1,0.125
2013-12-31,question_user_day,3,1,0.3333333333333333
2014-01-01,answer_user_day,6,0,0.0
2014-01-01,comment_only_user_day,6,1,0.16666666666666666
2014-01-01,question_user_day,7,3,0.42857142857142855
2014-01-02,answer_user_day,15,8,0.5333333333333333
2014-01-02,comment_only_user_day,9,2,0.2222222222222222
2014-01-02,question_user_day,4,0,0.0
2014-01-03,answer_user_day,9,2,0.2222222222222222
2014-01-03,comment_only_user_day,9,4,0.4444444444444444
2014-01-03,question_user_day,5,2,0.4
2014-01-04,answer_user_day,8,3,0.375
2014-01-04,comment_only_user_day,8,1,0.125
2014-01-04,question_user_day,5,1,0.2
2014-01-05,answer_user_day,7,5,0.7142857142857143
2014-01-05,comment_only_user_day,7,3,0.42857142857142855
2014-01-05,question_user_day,6,3,0.5
2014-01-06,answer_user_day,12,4,0.3333333333333333
2014-01-06,comment_only_user_day,17,4,0.23529411764705882
2014-01-06,question_user_day,2,1,0.5
2014-01-07,answer_user_day,13,6,0.46153846153846156
2014-01-07,comment_only_user_day,17,5,0.29411764705882354
2014-01-07,question_user_day,6,1,0.16666666666666666
2014-01-08,answer_user_day,5,3,0.6
2014-01-08,comment_only_user_day,18,9,0.5
2014-01-08,question_user_day,3,1,0.3333333333333333
2014-01-09,answer_user_day,16,4,0.25
2014-01-09,comment_only_user_day,12,3,0.25
2014-01-09,question_user_day,7,1,0.14285714285714285
2014-01-10,answer_user_day,5,2,0.4
2014-01-10,comment_only_user_day,7,4,0.5714285714285714
2014-01-10,question_user_day,3,2,0.6666666666666666
2014-01-11,answer_user_day,8,2,0.25
2014-01-11,comment_only_user_day,8,4,0.5
2014-01-11,question_user_day,5,0,0.0
2014-01-12,answer_user_day,5,2,0.4
2014-01-12,comment_only_user_day,9,4,0.4444444444444444
2014-01-12,question_user_day,8,1,0.125
2014-01-13,answer_user_day,13,6,0.46153846153846156
2014-01-13,comment_only_user_day,11,2,0.18181818181818182
2014-01-13,question_user_day,8,3,0.375
2014-01-14,answer_user_day,13,6,0.46153846153846156
2014-01-14,comment_only_user_day,15,5,0.3333333333333333
2014-01-14,question_user_day,6,2,0.3333333333333333
2014-01-15,answer_user_day,7,4,0.5714285714285714
2014-01-15,comment_only_user_day,18,5,0.2777777777777778
2014-01-15,question_user_day,7,3,0.42857142857142855
2014-01-16,answer_user_day,15,7,0.4666666666666667
2014-01-16,comment_only_user_day,9,3,0.3333333333333333
2014-01-16,question_user_day,7,2,0.2857142857142857
2014-01-17,answer_user_day,8,4,0.5
2014-01-17,comment_only_user_day,12,1,0.08333333333333333
2014-01-17,question_user_day,5,1,0.2
2014-01-18,answer_user_day,6,3,0.5
2014-01-18,comment_only_user_day,10,3,0.3
2014-01-18,question_user_day,8,3,0.375
2014-01-19,answer_user_day,8,6,0.75
2014-01-19,comment_only_user_day,8,4,0.5
2014-01-19,question_user_day,6,1,0.16666666666666666
2014-01-20,answer_user_day,21,9,0.42857142857142855
2014-01-20,comment_only_user_day,17,3,0.17647058823529413
2014-01-20,question_user_day,13,3,0.23076923076923078
2014-01-21,answer_user_day,12,7,0.5833333333333334
2014-01-21,comment_only_user_day,18,4,0.2222222222222222
2014-01-21,question_user_day,11,4,0.36363636363636365
2014-01-22,answer_user_day,11,7,0.6363636363636364
2014-01-22,comment_only_user_day,16,5,0.3125
2014-01-22,question_user_day,8,2,0.25
2014-01-23,answer_user_day,10,6,0.6
2014-01-23,comment_only_user_day,13,5,0.38461538461538464
2014-01-23,question_user_day,9,5,0.5555555555555556
2014-01-24,answer_user_day,10,4,0.4
2014-01-24,comment_only_user_day,15,3,0.2
2014-01-24,question_user_day,6,2,0.3333333333333333
2014-01-25,answer_user_day,5,2,0.4
2014-01-25,comment_only_user_day,10,6,0.6
2014-01-25,question_user_day,6,2,0.3333333333333333
2014-01-26,answer_user_day,9,2,0.2222222222222222
2014-01-26,comment_only_user_day,11,4,0.36363636363636365
2014-01-26,question_user_day,7,2,0.2857142857142857
2014-01-27,answer_user_day,9,4,0.4444444444444444
2014-01-27,comment_only_user_day,17,7,0.4117647058823529
2014-01-27,question_user_day,5,3,0.6
2014-01-28,answer_user_day,13,2,0.15384615384615385
2014-01-28,comment_only_user_day,17,4,0.23529411764705882
2014-01-28,question_user_day,8,1,0.125
2014-01-29,answer_user_day,7,4,0.5714285714285714
2014-01-29,comment_only_user_day,10,2,0.2
2014-01-29,question_user_day,4,2,0.5
2014-01-30,answer_user_day,10,5,0.5
2014-01-30,comment_only_user_day,10,1,0.1
2014-01-30,question_user_day,8,3,0.375
2014-01-31,answer_user_day,9,4,0.4444444444444444
2014-01-31,comment_only_user_day,16,5,0.3125
2014-01-31,question_user_day,9,1,0.1111111111111111
2014-02-01,answer_user_day,2,1,0.5
2014-02-01,comment_only_user_day,12,4,0.3333333333333333
2014-02-01,question_user_day,4,1,0.25
2014-02-02,answer_user_day,7,4,0.5714285714285714
2014-02-02,comment_only_user_day,10,3,0.3
2014-02-02,question_user_day,4,0,0.0
2014-02-03,answer_user_day,9,4,0.4444444444444444
2014-02-03,comment_only_user_day,15,6,0.4
2014-02-03,question_user_day,10,2,0.2
2014-02-04,answer_user_day,11,4,0.36363636363636365
2014-02-04,comment_only_user_day,15,4,0.26666666666666666
2014-02-04,question_user_day,8,3,0.375
2014-02-05,answer_user_day,13,6,0.46153846153846156
2014-02-05,comment_only_user_day,14,2,0.14285714285714285
2014-02-05,question_user_day,11,3,0.2727272727272727
2014-02-06,answer_user_day,14,7,0.5
2014-02-06,comment_only_user_day,8,0,0.0
2014-02-06,question_user_day,8,2,0.25
2014-02-07,answer_user_day,12,4,0.3333333333333333
2014-02-07,comment_only_user_day,18,4,0.2222222222222222
2014-02-07,question_user_day,7,1,0.14285714285714285
2014-02-08,answer_user_day,11,2,0.18181818181818182
2014-02-08,comment_only_user_day,15,2,0.13333333333333333
2014-02-08,question_user_day,7,3,0.42857142857142855
2014-02-09,answer_user_day,6,0,0.0
2014-02-09,comment_only_user_day,12,1,0.08333333333333333
2014-02-09,question_user_day,5,2,0.4
2014-02-10,answer_user_day,8,4,0.5
2014-02-10,comment_only_user_day,9,1,0.1111111111111111
2014-02-10,question_user_day,5,4,0.8
2014-02-11,answer_user_day,13,4,0.3076923076923077
2014-02-11,comment_only_user_day,12,2,0.16666666666666666
2014-02-11,question_user_day,9,2,0.2222222222222222
2014-02-12,answer_user_day,11,5,0.45454545454545453
2014-02-12,comment_only_user_day,9,3,0.3333333333333333
2014-02-12,question_user_day,3,0,0.0
2014-02-13,answer_user_day,15,5,0.3333333333333333
2014-02-13,comment_only_user_day,15,3,0.2
2014-02-13,question_user_day,8,2,0.25
2014-02-14,answer_user_day,6,1,0.16666666666666666
2014-02-14,comment_only_user_day,11,5,0.45454545454545453
2014-02-14,question_user_day,5,1,0.2
2014-02-15,answer_user_day,7,3,0.42857142857142855
2014-02-15,comment_only_user_day,6,2,0.3333333333333333
2014-02-15,question_user_day,3,0,0.0
2014-02-16,answer_user_day,11,3,0.2727272727272727
2014-02-16,comment_only_user_day,7,1,0.14285714285714285
2014-02-16,question_user_day,5,0,0.0
2014-02-17,answer_user_day,12,6,0.5
2014-02-17,comment_only_user_day,11,2,0.18181818181818182
2014-02-17,question_user_day,8,3,0.375
2014-02-18,answer_user_day,16,8,0.5
2014-02-18,comment_only_user_day,12,4,0.3333333333333333
2014-02-18,question_user_day,3,1,0.3333333333333333
2014-02-19,answer_user_day,12,4,0.3333333333333333
2014-02-19,comment_only_user_day,15,3,0.2
2014-02-19,question_user_day,9,2,0.2222222222222222
2014-02-20,answer_user_day,10,3,0.3
2014-02-20,comment_only_user_day,9,2,0.2222222222222222
2014-02-20,question_user_day,8,3,0.375
2014-02-21,answer_user_day,10,4,0.4
2014-02-21,comment_only_user_day,5,1,0.2
2014-02-21,question_user_day,7,1,0.14285714285714285
2014-02-22,answer_user_day,8,6,0.75
2014-02-22,comment_only_user_day,12,4,0.3333333333333333
2014-02-22,question_user_day,1,0,0.0
2014-02-23,answer_user_day,15,6,0.4
2014-02-23,comment_only_user_day,12,4,0.3333333333333333
2014-02-23,question_user_day,8,2,0.25
2014-02-24,answer_user_day,19,8,0.42105263157894735
2014-02-24,comment_only_user_day,17,7,0.4117647058823529
2014-02-24,question_user_day,8,3,0.375
2014-02-25,answer_user_day,12,1,0.08333333333333333
2014-02-25,comment_only_user_day,23,6,0.2608695652173913
2014-02-25,question_user_day,6,1,0.16666666666666666
2014-02-26,answer_user_day,8,3,0.375
2014-02-26,comment_only_user_day,16,4,0.25
2014-02-26,question_user_day,4,1,0.25
2014-02-27,answer_user_day,12,6,0.5
2014-02-27,comment_only_user_day,28,2,0.07142857142857142
2014-02-27,question_user_day,12,5,0.4166666666666667
2014-02-28,answer_user_day,18,5,0.2777777777777778
2014-02-28,comment_only_user_day,20,3,0.15
2014-02-28,question_user_day,9,0,0.0
2014-03-01,answer_user_day,10,3,0.3
2014-03-01,comment_only_user_day,10,1,0.1
2014-03-01,question_user_day,5,1,0.2
2014-03-02,answer_user_day,8,4,0.5
2014-03-02,comment_only_user_day,11,5,0.45454545454545453
2014-03-02,question_user_day,7,4,0.5714285714285714
2014-03-03,answer_user_day,14,7,0.5
2014-03-03,comment_only_user_day,20,5,0.25
2014-03-03,question_user_day,12,4,0.3333333333333333
2014-03-04,answer_user_day,13,6,0.46153846153846156
2014-03-04,comment_only_user_day,19,6,0.3157894736842105
2014-03-04,question_user_day,14,6,0.42857142857142855
2014-03-05,answer_user_day,21,8,0.38095238095238093
2014-03-05,comment_only_user_day,19,7,0.3684210526315789
2014-03-05,question_user_day,9,4,0.4444444444444444
2014-03-06,answer_user_day,13,4,0.3076923076923077
2014-03-06,comment_only_user_day,29,7,0.2413793103448276
2014-03-06,question_user_day,7,1,0.14285714285714285
2014-03-07,answer_user_day,6,1,0.16666666666666666
2014-03-07,comment_only_user_day,23,6,0.2608695652173913
2014-03-07,question_user_day,5,2,0.4
2014-03-08,answer_user_day,5,2,0.4
2014-03-08,comment_only_user_day,16,6,0.375
2014-03-08,question_user_day,4,2,0.5
2014-03-09,answer_user_day,6,2,0.3333333333333333
2014-03-09,comment_only_user_day,12,5,0.4166666666666667
2014-03-09,question_user_day,5,2,0.4
2014-03-10,answer_user_day,16,9,0.5625
2014-03-10,comment_only_user_day,10,3,0.3
2014-03-10,question_user_day,10,5,0.5
2014-03-11,answer_user_day,23,13,0.5652173913043478
2014-03-11,comment_only_user_day,19,6,0.3157894736842105
2014-03-11,question_user_day,8,2,0.25
2014-03-12,answer_user_day,19,11,0.5789473684210527
2014-03-12,comment_only_user_day,31,9,0.2903225806451613
2014-03-12,question_user_day,9,3,0.3333333333333333
2014-03-13,answer_user_day,13,5,0.38461538461538464
2014-03-13,comment_only_user_day,20,6,0.3
2014-03-13,question_user_day,8,0,0.0
2014-03-14,answer_user_day,15,2,0.13333333333333333
2014-03-14,comment_only_user_day,7,1,0.14285714285714285
2014-03-14,question_user_day,7,1,0.14285714285714285
2014-03-15,answer_user_day,2,1,0.5
2014-03-15,comment_only_user_day,8,5,0.625
2014-03-15,question_user_day,2,1,0.5
2014-03-16,answer_user_day,12,4,0.3333333333333333
2014-03-16,comment_only_user_day,9,2,0.2222222222222222
2014-03-16,question_user_day,7,3,0.42857142857142855
2014-03-17,answer_user_day,16,7,0.4375
2014-03-17,comment_only_user_day,26,8,0.3076923076923077
2014-03-17,question_user_day,13,4,0.3076923076923077
2014-03-18,answer_user_day,19,6,0.3157894736842105
2014-03-18,comment_only_user_day,28,11,0.39285714285714285
2014-03-18,question_user_day,7,4,0.5714285714285714
2014-03-19,answer_user_day,11,5,0.45454545454545453
2014-03-19,comment_only_user_day,31,7,0.22580645161290322
2014-03-19,question_user_day,8,2,0.25
2014-03-20,answer_user_day,14,6,0.42857142857142855
2014-03-20,comment_only_user_day,13,4,0.3076923076923077
2014-03-20,question_user_day,7,2,0.2857142857142857
2014-03-21,answer_user_day,18,2,0.1111111111111111
2014-03-21,comment_only_user_day,20,5,0.25
2014-03-21,question_user_day,11,1,0.09090909090909091
2014-03-22,answer_user_day,12,7,0.5833333333333334
2014-03-22,comment_only_user_day,14,1,0.07142857142857142
2014-03-22,question_user_day,6,1,0.16666666666666666
2014-03-23,answer_user_day,12,6,0.5
2014-03-23,comment_only_user_day,13,6,0.46153846153846156
2014-03-23,question_user_day,4,2,0.5
2014-03-24,answer_user_day,21,9,0.42857142857142855
2014-03-24,comment_only_user_day,26,3,0.11538461538461539
2014-03-24,question_user_day,10,3,0.3
2014-03-25,answer_user_day,18,9,0.5
2014-03-25,comment_only_user_day,17,6,0.35294117647058826
2014-03-25,question_user_day,11,1,0.09090909090909091
2014-03-26,answer_user_day,16,8,0.5
2014-03-26,comment_only_user_day,24,5,0.20833333333333334
2014-03-26,question_user_day,5,3,0.6
2014-03-27,answer_user_day,16,6,0.375
2014-03-27,comment_only_user_day,21,6,0.2857142857142857
2014-03-27,question_user_day,7,3,0.42857142857142855
2014-03-28,answer_user_day,19,4,0.21052631578947367
2014-03-28,comment_only_user_day,19,6,0.3157894736842105
2014-03-28,question_user_day,7,2,0.2857142857142857
2014-03-29,answer_user_day,12,1,0.08333333333333333
2014-03-29,comment_only_user_day,17,7,0.4117647058823529
2014-03-29,question_user_day,6,3,0.5
2014-03-30,answer_user_day,10,3,0.3
2014-03-30,comment_only_user_day,12,5,0.4166666666666667
2014-03-30,question_user_day,5,2,0.4
2014-03-31,answer_user_day,15,8,0.5333333333333333
2014-03-31,comment_only_user_day,19,9,0.47368421052631576
2014-03-31,question_user_day,12,4,0.3333333333333333
2014-04-01,answer_user_day,26,8,0.3076923076923077
2014-04-01,comment_only_user_day,26,3,0.11538461538461539
2014-04-01,question_user_day,8,0,0.0
2014-04-02,answer_user_day,10,3,0.3
2014-04-02,comment_only_user_day,16,5,0.3125
2014-04-02,question_user_day,6,3,0.5
2014-04-03,answer_user_day,19,8,0.42105263157894735
2014-04-03,comment_only_user_day,23,8,0.34782608695652173
2014-04-03,question_user_day,13,5,0.38461538461538464
2014-04-04,answer_user_day,10,1,0.1
2014-04-04,comment_only_user_day,28,6,0.21428571428571427
2014-04-04,question_user_day,11,2,0.18181818181818182
2014-04-05,answer_user_day,9,6,0.6666666666666666
2014-04-05,comment_only_user_day,14,2,0.14285714285714285
2014-04-05,question_user_day,6,4,0.6666666666666666
2014-04-06,answer_user_day,12,3,0.25
2014-04-06,comment_only_user_day,24,8,0.3333333333333333
2014-04-06,question_user_day,6,2,0.3333333333333333
2014-04-07,answer_user_day,17,9,0.5294117647058824
2014-04-07,comment_only_user_day,18,5,0.2777777777777778
2014-04-07,question_user_day,13,0,0.0
2014-04-08,answer_user_day,16,9,0.5625
2014-04-08,comment_only_user_day,12,5,0.4166666666666667
2014-04-08,question_user_day,8,3,0.375
2014-04-09,answer_user_day,19,8,0.42105263157894735
2014-04-09,comment_only_user_day,19,4,0.21052631578947367
2014-04-09,question_user_day,10,1,0.1
2014-04-10,answer_user_day,12,7,0.5833333333333334
2014-04-10,comment_only_user_day,16,9,0.5625
2014-04-10,question_user_day,10,4,0.4
2014-04-11,answer_user_day,15,5,0.3333333333333333
2014-04-11,comment_only_user_day,24,4,0.16666666666666666
2014-04-11,question_user_day,5,4,0.8
2014-04-12,answer_user_day,6,1,0.16666666666666666
2014-04-12,comment_only_user_day,12,6,0.5
2014-04-12,question_user_day,5,2,0.4
2014-04-13,answer_user_day,6,3,0.5
2014-04-13,comment_only_user_day,10,3,0.3
2014-04-13,question_user_day,4,2,0.5
2014-04-14,answer_user_day,9,4,0.4444444444444444
2014-04-14,comment_only_user_day,24,6,0.25
2014-04-14,question_user_day,7,0,0.0
2014-04-15,answer_user_day,11,7,0.6363636363636364
2014-04-15,comment_only_user_day,18,4,0.2222222222222222
2014-04-15,question_user_day,9,1,0.1111111111111111
2014-04-16,answer_user_day,12,4,0.3333333333333333
2014-04-16,comment_only_user_day,26,7,0.2692307692307692
2014-04-16,question_user_day,12,4,0.3333333333333333
2014-04-17,answer_user_day,10,4,0.4
2014-04-17,comment_only_user_day,20,1,0.05
2014-04-17,question_user_day,9,4,0.4444444444444444
2014-04-18,answer_user_day,8,2,0.25
2014-04-18,comment_only_user_day,10,2,0.2
2014-04-18,question_user_day,9,1,0.1111111111111111
2014-04-19,answer_user_day,8,2,0.25
2014-04-19,comment_only_user_day,10,4,0.4
2014-04-19,question_user_day,7,2,0.2857142857142857
2014-04-20,answer_user_day,11,4,0.36363636363636365
2014-04-20,comment_only_user_day,12,4,0.3333333333333333
2014-04-20,question_user_day,5,0,0.0
2014-04-21,answer_user_day,7,3,0.42857142857142855
2014-04-21,comment_only_user_day,15,5,0.3333333333333333
2014-04-21,question_user_day,9,2,0.2222222222222222
2014-04-22,answer_user_day,13,6,0.46153846153846156
2014-04-22,comment_only_user_day,21,4,0.19047619047619047
2014-04-22,question_user_day,5,1,0.2
2014-04-23,answer_user_day,13,8,0.6153846153846154
2014-04-23,comment_only_user_day,16,11,0.6875
2014-04-23,question_user_day,13,3,0.23076923076923078
2014-04-24,answer_user_day,24,9,0.375
2014-04-24,comment_only_user_day,19,5,0.2631578947368421
2014-04-24,question_user_day,12,3,0.25
2014-04-25,answer_user_day,13,1,0.07692307692307693
2014-04-25,comment_only_user_day,15,4,0.26666666666666666
2014-04-25,question_user_day,10,1,0.1
2014-04-26,answer_user_day,9,4,0.4444444444444444
2014-04-26,comment_only_user_day,7,3,0.42857142857142855
2014-04-26,question_user_day,9,4,0.4444444444444444
2014-04-27,answer_user_day,12,7,0.5833333333333334
2014-04-27,comment_only_user_day,17,10,0.5882352941176471
2014-04-27,question_user_day,10,3,0.3
2014-04-28,answer_user_day,15,7,0.4666666666666667
2014-04-28,comment_only_user_day,28,6,0.21428571428571427
2014-04-28,question_user_day,10,2,0.2
2014-04-29,answer_user_day,18,6,0.3333333333333333
2014-04-29,comment_only_user_day,17,6,0.35294117647058826
2014-04-29,question_user_day,6,1,0.16666666666666666
2014-04-30,answer_user_day,12,6,0.5
2014-04-30,comment_only_user_day,26,11,0.4230769230769231
2014-04-30,question_user_day,9,3,0.3333333333333333
2014-05-01,answer_user_day,11,4,0.36363636363636365
2014-05-01,comment_only_user_day,22,9,0.4090909090909091
2014-05-01,question_user_day,7,1,0.14285714285714285
2014-05-02,answer_user_day,19,5,0.2631578947368421
2014-05-02,comment_only_user_day,15,4,0.26666666666666666
2014-05-02,question_user_day,11,1,0.09090909090909091
2014-05-03,answer_user_day,10,5,0.5
2014-05-03,comment_only_user_day,15,4,0.26666666666666666
2014-05-03,question_user_day,6,0,0.0
2014-05-04,answer_user_day,12,6,0.5
2014-05-04,comment_only_user_day,16,7,0.4375
2014-05-04,question_user_day,10,2,0.2
2014-05-05,answer_user_day,10,7,0.7
2014-05-05,comment_only_user_day,25,5,0.2
2014-05-05,question_user_day,7,2,0.2857142857142857
2014-05-06,answer_user_day,24,14,0.5833333333333334
2014-05-06,comment_only_user_day,24,10,0.4166666666666667
2014-05-06,question_user_day,13,4,0.3076923076923077
2014-05-07,answer_user_day,25,11,0.44
2014-05-07,comment_only_user_day,27,6,0.2222222222222222
2014-05-07,question_user_day,11,2,0.18181818181818182
2014-05-08,answer_user_day,13,4,0.3076923076923077
2014-05-08,comment_only_user_day,24,8,0.3333333333333333
2014-05-08,question_user_day,7,1,0.14285714285714285
2014-05-09,answer_user_day,11,3,0.2727272727272727
2014-05-09,comment_only_user_day,20,6,0.3
2014-05-09,question_user_day,9,4,0.4444444444444444
2014-05-10,answer_user_day,13,6,0.46153846153846156
2014-05-10,comment_only_user_day,13,3,0.23076923076923078
2014-05-10,question_user_day,8,1,0.125
2014-05-11,answer_user_day,11,5,0.45454545454545453
2014-05-11,comment_only_user_day,12,4,0.3333333333333333
2014-05-11,question_user_day,5,2,0.4
2014-05-12,answer_user_day,21,5,0.23809523809523808
2014-05-12,comment_only_user_day,30,9,0.3
2014-05-12,question_user_day,7,2,0.2857142857142857
2014-05-13,answer_user_day,10,5,0.5
2014-05-13,comment_only_user_day,25,6,0.24
2014-05-13,question_user_day,7,2,0.2857142857142857
2014-05-14,answer_user_day,17,9,0.5294117647058824
2014-05-14,comment_only_user_day,20,7,0.35
2014-05-14,question_user_day,10,0,0.0
2014-05-15,answer_user_day,11,1,0.09090909090909091
2014-05-15,comment_only_user_day,16,8,0.5
2014-05-15,question_user_day,9,2,0.2222222222222222
2014-05-16,answer_user_day,11,4,0.36363636363636365
2014-05-16,comment_only_user_day,14,4,0.2857142857142857
2014-05-16,question_user_day,6,1,0.16666666666666666
2014-05-17,answer_user_day,6,2,0.3333333333333333
2014-05-17,comment_only_user_day,10,4,0.4
2014-05-17,question_user_day,8,1,0.125
2014-05-18,answer_user_day,10,7,0.7
2014-05-18,comment_only_user_day,6,2,0.3333333333333333
2014-05-18,question_user_day,4,2,0.5
2014-05-19,answer_user_day,32,15,0.46875
2014-05-19,comment_only_user_day,36,8,0.2222222222222222
2014-05-19,question_user_day,16,5,0.3125
2014-05-20,answer_user_day,33,14,0.42424242424242425
2014-05-20,comment_only_user_day,43,9,0.20930232558139536
2014-05-20,question_user_day,16,3,0.1875
2014-05-21,answer_user_day,16,10,0.625
2014-05-21,comment_only_user_day,34,8,0.23529411764705882
2014-05-21,question_user_day,8,2,0.25
2014-05-22,answer_user_day,13,10,0.7692307692307693
2014-05-22,comment_only_user_day,24,11,0.4583333333333333
2014-05-22,question_user_day,10,3,0.3
2014-05-23,answer_user_day,15,3,0.2
2014-05-23,comment_only_user_day,23,2,0.08695652173913043
2014-05-23,question_user_day,14,3,0.21428571428571427
2014-05-24,answer_user_day,10,3,0.3
2014-05-24,comment_only_user_day,8,3,0.375
2014-05-24,question_user_day,2,0,0.0
2014-05-25,answer_user_day,10,8,0.8
2014-05-25,comment_only_user_day,17,4,0.23529411764705882
2014-05-25,question_user_day,11,1,0.09090909090909091
2014-05-26,answer_user_day,18,8,0.4444444444444444
2014-05-26,comment_only_user_day,16,2,0.125
2014-05-26,question_user_day,11,3,0.2727272727272727
2014-05-27,answer_user_day,15,4,0.26666666666666666
2014-05-27,comment_only_user_day,14,7,0.5
2014-05-27,question_user_day,11,5,0.45454545454545453
2014-05-28,answer_user_day,18,9,0.5
2014-05-28,comment_only_user_day,27,4,0.14814814814814814
2014-05-28,question_user_day,15,5,0.3333333333333333
2014-05-29,answer_user_day,18,7,0.3888888888888889
2014-05-29,comment_only_user_day,20,6,0.3
2014-05-29,question_user_day,14,3,0.21428571428571427
2014-05-30,answer_user_day,17,5,0.29411764705882354
2014-05-30,comment_only_user_day,23,2,0.08695652173913043
2014-05-30,question_user_day,11,4,0.36363636363636365
2014-05-31,answer_user_day,7,2,0.2857142857142857
2014-05-31,comment_only_user_day,19,1,0.05263157894736842
2014-05-31,question_user_day,8,4,0.5
2014-06-01,answer_user_day,11,5,0.45454545454545453
2014-06-01,comment_only_user_day,17,7,0.4117647058823529
2014-06-01,question_user_day,4,2,0.5
2014-06-02,answer_user_day,13,7,0.5384615384615384
2014-06-02,comment_only_user_day,22,10,0.45454545454545453
2014-06-02,question_user_day,9,2,0.2222222222222222
2014-06-03,answer_user_day,13,8,0.6153846153846154
2014-06-03,comment_only_user_day,18,7,0.3888888888888889
2014-06-03,question_user_day,12,1,0.08333333333333333
2014-06-04,answer_user_day,17,6,0.35294117647058826
2014-06-04,comment_only_user_day,21,7,0.3333333333333333
2014-06-04,question_user_day,14,2,0.14285714285714285
2014-06-05,answer_user_day,11,5,0.45454545454545453
2014-06-05,comment_only_user_day,25,12,0.48
2014-06-05,question_user_day,6,1,0.16666666666666666
2014-06-06,answer_user_day,19,3,0.15789473684210525
2014-06-06,comment_only_user_day,24,0,0.0
2014-06-06,question_user_day,11,1,0.09090909090909091
2014-06-07,answer_user_day,5,2,0.4
2014-06-07,comment_only_user_day,9,2,0.2222222222222222
2014-06-07,question_user_day,8,0,0.0
2014-06-08,answer_user_day,9,4,0.4444444444444444
2014-06-08,comment_only_user_day,13,6,0.46153846153846156
2014-06-08,question_user_day,10,2,0.2
2014-06-09,answer_user_day,17,7,0.4117647058823529
2014-06-09,comment_only_user_day,22,9,0.4090909090909091
2014-06-09,question_user_day,11,3,0.2727272727272727
2014-06-10,answer_user_day,27,13,0.48148148148148145
2014-06-10,comment_only_user_day,27,10,0.37037037037037035
2014-06-10,question_user_day,10,3,0.3
2014-06-11,answer_user_day,17,6,0.35294117647058826
2014-06-11,comment_only_user_day,21,5,0.23809523809523808
2014-06-11,question_user_day,17,5,0.29411764705882354
2014-06-12,answer_user_day,16,8,0.5
2014-06-12,comment_only_user_day,20,4,0.2
2014-06-12,question_user_day,13,3,0.23076923076923078
2014-06-13,answer_user_day,17,8,0.47058823529411764
2014-06-13,comment_only_user_day,26,1,0.038461538461538464
2014-06-13,question_user_day,9,1,0.1111111111111111
2014-06-14,answer_user_day,8,4,0.5
2014-06-14,comment_only_user_day,11,6,0.5454545454545454
2014-06-14,question_user_day,6,1,0.16666666666666666
2014-06-15,answer_user_day,17,5,0.29411764705882354
2014-06-15,comment_only_user_day,16,5,0.3125
2014-06-15,question_user_day,11,3,0.2727272727272727
2014-06-16,answer_user_day,15,10,0.6666666666666666
2014-06-16,comment_only_user_day,24,5,0.20833333333333334
2014-06-16,question_user_day,20,1,0.05
2014-06-17,answer_user_day,21,11,0.5238095238095238
2014-06-17,comment_only_user_day,21,9,0.42857142857142855
2014-06-17,question_user_day,14,5,0.35714285714285715
2014-06-18,answer_user_day,28,10,0.35714285714285715
2014-06-18,comment_only_user_day,31,13,0.41935483870967744
2014-06-18,question_user_day,16,6,0.375
2014-06-19,answer_user_day,32,10,0.3125
2014-06-19,comment_only_user_day,37,10,0.2702702702702703
2014-06-19,question_user_day,17,4,0.23529411764705882
2014-06-20,answer_user_day,19,5,0.2631578947368421
2014-06-20,comment_only_user_day,28,7,0.25
2014-06-20,question_user_day,13,0,0.0
2014-06-21,answer_user_day,10,2,0.2
2014-06-21,comment_only_user_day,11,3,0.2727272727272727
2014-06-21,question_user_day,11,1,0.09090909090909091
2014-06-22,answer_user_day,13,3,0.23076923076923078
2014-06-22,comment_only_user_day,15,3,0.2
2014-06-22,question_user_day,7,2,0.2857142857142857
2014-06-23,answer_user_day,19,9,0.47368421052631576
2014-06-23,comment_only_user_day,24,9,0.375
2014-06-23,question_user_day,12,3,0.25
2014-06-24,answer_user_day,18,10,0.5555555555555556
2014-06-24,comment_only_user_day,34,9,0.2647058823529412
2014-06-24,question_user_day,14,3,0.21428571428571427
2014-06-25,answer_user_day,16,7,0.4375
2014-06-25,comment_only_user_day,27,9,0.3333333333333333
2014-06-25,question_user_day,9,2,0.2222222222222222
2014-06-26,answer_user_day,14,5,0.35714285714285715
2014-06-26,comment_only_user_day,21,3,0.14285714285714285
2014-06-26,question_user_day,8,2,0.25
2014-06-27,answer_user_day,20,3,0.15
2014-06-27,comment_only_user_day,20,4,0.2
2014-06-27,question_user_day,13,3,0.23076923076923078
2014-06-28,answer_user_day,7,2,0.2857142857142857
2014-06-28,comment_only_user_day,19,3,0.15789473684210525
2014-06-28,question_user_day,11,2,0.18181818181818182
2014-06-29,answer_user_day,7,3,0.42857142857142855
2014-06-29,comment_only_user_day,14,5,0.35714285714285715
2014-06-29,question_user_day,5,1,0.2
2014-06-30,answer_user_day,16,6,0.375
2014-06-30,comment_only_user_day,21,4,0.19047619047619047
2014-06-30,question_user_day,10,3,0.3
2014-07-01,answer_user_day,11,4,0.36363636363636365
2014-07-01,comment_only_user_day,22,6,0.2727272727272727
2014-07-01,question_user_day,10,2,0.2
2014-07-02,answer_user_day,19,11,0.5789473684210527
2014-07-02,comment_only_user_day,28,9,0.32142857142857145
2014-07-02,question_user_day,14,3,0.21428571428571427
2014-07-03,answer_user_day,18,7,0.3888888888888889
2014-07-03,comment_only_user_day,28,4,0.14285714285714285
2014-07-03,question_user_day,19,5,0.2631578947368421
2014-07-04,answer_user_day,18,4,0.2222222222222222
2014-07-04,comment_only_user_day,21,2,0.09523809523809523
2014-07-04,question_user_day,15,0,0.0
2014-07-05,answer_user_day,8,4,0.5
2014-07-05,comment_only_user_day,10,2,0.2
2014-07-05,question_user_day,11,5,0.45454545454545453
2014-07-06,answer_user_day,6,3,0.5
2014-07-06,comment_only_user_day,23,5,0.21739130434782608
2014-07-06,question_user_day,9,3,0.3333333333333333
2014-07-07,answer_user_day,19,10,0.5263157894736842
2014-07-07,comment_only_user_day,19,6,0.3157894736842105
2014-07-07,question_user_day,16,5,0.3125
2014-07-08,answer_user_day,17,8,0.47058823529411764
2014-07-08,comment_only_user_day,22,5,0.22727272727272727
2014-07-08,question_user_day,14,1,0.07142857142857142
2014-07-09,answer_user_day,16,6,0.375
2014-07-09,comment_only_user_day,14,3,0.21428571428571427
2014-07-09,question_user_day,18,2,0.1111111111111111
2014-07-10,answer_user_day,6,5,0.8333333333333334
2014-07-10,comment_only_user_day,19,5,0.2631578947368421
2014-07-10,question_user_day,12,5,0.4166666666666667
2014-07-11,answer_user_day,17,5,0.29411764705882354
2014-07-11,comment_only_user_day,23,4,0.17391304347826086
2014-07-11,question_user_day,12,1,0.08333333333333333
2014-07-12,answer_user_day,5,3,0.6
2014-07-12,comment_only_user_day,12,3,0.25
2014-07-12,question_user_day,12,4,0.3333333333333333
2014-07-13,answer_user_day,15,5,0.3333333333333333
2014-07-13,comment_only_user_day,21,3,0.14285714285714285
2014-07-13,question_user_day,15,1,0.06666666666666667
2014-07-14,answer_user_day,12,4,0.3333333333333333
2014-07-14,comment_only_user_day,16,4,0.25
2014-07-14,question_user_day,12,2,0.16666666666666666
2014-07-15,answer_user_day,20,12,0.6
2014-07-15,comment_only_user_day,23,8,0.34782608695652173
2014-07-15,question_user_day,15,1,0.06666666666666667
2014-07-16,answer_user_day,16,6,0.375
2014-07-16,comment_only_user_day,33,9,0.2727272727272727
2014-07-16,question_user_day,14,2,0.14285714285714285
2014-07-17,answer_user_day,17,9,0.5294117647058824
2014-07-17,comment_only_user_day,33,7,0.21212121212121213
2014-07-17,question_user_day,11,3,0.2727272727272727
2014-07-18,answer_user_day,15,4,0.26666666666666666
2014-07-18,comment_only_user_day,25,6,0.24
2014-07-18,question_user_day,10,2,0.2
2014-07-19,answer_user_day,10,2,0.2
2014-07-19,comment_only_user_day,15,3,0.2
2014-07-19,question_user_day,10,0,0.0
2014-07-20,answer_user_day,5,3,0.6
2014-07-20,comment_only_user_day,10,3,0.3
2014-07-20,question_user_day,10,2,0.2
2014-07-21,answer_user_day,10,6,0.6
2014-07-21,comment_only_user_day,20,8,0.4
2014-07-21,question_user_day,10,2,0.2
2014-07-22,answer_user_day,21,8,0.38095238095238093
2014-07-22,comment_only_user_day,19,5,0.2631578947368421
2014-07-22,question_user_day,12,3,0.25
2014-07-23,answer_user_day,14,3,0.21428571428571427
2014-07-23,comment_only_user_day,24,7,0.2916666666666667
2014-07-23,question_user_day,9,2,0.2222222222222222
2014-07-24,answer_user_day,16,8,0.5
2014-07-24,comment_only_user_day,19,5,0.2631578947368421
2014-07-24,question_user_day,15,3,0.2
2014-07-25,answer_user_day,8,2,0.25
2014-07-25,comment_only_user_day,19,5,0.2631578947368421
2014-07-25,question_user_day,14,5,0.35714285714285715
2014-07-26,answer_user_day,6,2,0.3333333333333333
2014-07-26,comment_only_user_day,14,4,0.2857142857142857
2014-07-26,question_user_day,5,0,0.0
2014-07-27,answer_user_day,17,3,0.17647058823529413
2014-07-27,comment_only_user_day,15,7,0.4666666666666667
2014-07-27,question_user_day,13,0,0.0
2014-07-28,answer_user_day,23,9,0.391304347826087
2014-07-28,comment_only_user_day,19,5,0.2631578947368421
2014-07-28,question_user_day,11,1,0.09090909090909091
2014-07-29,answer_user_day,25,10,0.4
2014-07-29,comment_only_user_day,23,6,0.2608695652173913
2014-07-29,question_user_day,18,2,0.1111111111111111
2014-07-30,answer_user_day,18,9,0.5
2014-07-30,comment_only_user_day,27,8,0.2962962962962963
2014-07-30,question_user_day,12,5,0.4166666666666667
2014-07-31,answer_user_day,17,4,0.23529411764705882
2014-07-31,comment_only_user_day,35,11,0.3142857142857143
2014-07-31,question_user_day,10,2,0.2
2014-08-01,answer_user_day,15,6,0.4
2014-08-01,comment_only_user_day,21,5,0.23809523809523808
2014-08-01,question_user_day,11,2,0.18181818181818182
2014-08-02,answer_user_day,9,3,0.3333333333333333
2014-08-02,comment_only_user_day,14,3,0.21428571428571427
2014-08-02,question_user_day,8,1,0.125
2014-08-03,answer_user_day,6,5,0.8333333333333334
2014-08-03,comment_only_user_day,16,4,0.25
2014-08-03,question_user_day,7,1,0.14285714285714285
2014-08-04,answer_user_day,15,5,0.3333333333333333
2014-08-04,comment_only_user_day,31,7,0.22580645161290322
2014-08-04,question_user_day,12,5,0.4166666666666667
2014-08-05,answer_user_day,24,8,0.3333333333333333
2014-08-05,comment_only_user_day,21,3,0.14285714285714285
2014-08-05,question_user_day,17,4,0.23529411764705882
2014-08-06,answer_user_day,19,4,0.21052631578947367
2014-08-06,comment_only_user_day,25,8,0.32
2014-08-06,question_user_day,11,2,0.18181818181818182
2014-08-07,answer_user_day,19,6,0.3157894736842105
2014-08-07,comment_only_user_day,22,3,0.13636363636363635
2014-08-07,question_user_day,8,2,0.25
2014-08-08,answer_user_day,11,3,0.2727272727272727
2014-08-08,comment_only_user_day,21,6,0.2857142857142857
2014-08-08,question_user_day,9,2,0.2222222222222222
2014-08-09,answer_user_day,14,6,0.42857142857142855
2014-08-09,comment_only_user_day,9,2,0.2222222222222222
2014-08-09,question_user_day,13,6,0.46153846153846156
2014-08-10,answer_user_day,11,7,0.6363636363636364
2014-08-10,comment_only_user_day,14,8,0.5714285714285714
2014-08-10,question_user_day,7,2,0.2857142857142857
2014-08-11,answer_user_day,23,10,0.43478260869565216
2014-08-11,comment_only_user_day,29,11,0.3793103448275862
2014-08-11,question_user_day,13,5,0.38461538461538464
2014-08-12,answer_user_day,20,9,0.45
2014-08-12,comment_only_user_day,48,8,0.16666666666666666
2014-08-12,question_user_day,10,2,0.2
2014-08-13,answer_user_day,14,4,0.2857142857142857
2014-08-13,comment_only_user_day,23,7,0.30434782608695654
2014-08-13,question_user_day,6,1,0.16666666666666666
2014-08-14,answer_user_day,16,8,0.5
2014-08-14,comment_only_user_day,21,2,0.09523809523809523
2014-08-14,question_user_day,6,0,0.0
2014-08-15,answer_user_day,9,3,0.3333333333333333
2014-08-15,comment_only_user_day,13,2,0.15384615384615385
2014-08-15,question_user_day,5,1,0.2
2014-08-16,answer_user_day,4,2,0.5
2014-08-16,comment_only_user_day,10,3,0.3
2014-08-16,question_user_day,5,1,0.2
2014-08-17,answer_user_day,11,6,0.5454545454545454
2014-08-17,comment_only_user_day,10,4,0.4
2014-08-17,question_user_day,18,3,0.16666666666666666
2014-08-18,answer_user_day,24,11,0.4583333333333333
2014-08-18,comment_only_user_day,27,8,0.2962962962962963
2014-08-18,question_user_day,11,6,0.5454545454545454
2014-08-19,answer_user_day,23,9,0.391304347826087
2014-08-19,comment_only_user_day,42,9,0.21428571428571427
2014-08-19,question_user_day,15,3,0.2
2014-08-20,answer_user_day,14,9,0.6428571428571429
2014-08-20,comment_only_user_day,24,9,0.375
2014-08-20,question_user_day,11,2,0.18181818181818182
2014-08-21,answer_user_day,20,6,0.3
2014-08-21,comment_only_user_day,32,8,0.25
2014-08-21,question_user_day,9,3,0.3333333333333333
2014-08-22,answer_user_day,15,3,0.2
2014-08-22,comment_only_user_day,27,5,0.18518518518518517
2014-08-22,question_user_day,11,0,0.0
2014-08-23,answer_user_day,10,4,0.4
2014-08-23,comment_only_user_day,12,1,0.08333333333333333
2014-08-23,question_user_day,10,3,0.3
2014-08-24,answer_user_day,9,3,0.3333333333333333
2014-08-24,comment_only_user_day,14,5,0.35714285714285715
2014-08-24,question_user_day,7,2,0.2857142857142857
2014-08-25,answer_user_day,18,7,0.3888888888888889
2014-08-25,comment_only_user_day,27,11,0.4074074074074074
2014-08-25,question_user_day,5,1,0.2
2014-08-26,answer_user_day,21,10,0.47619047619047616
2014-08-26,comment_only_user_day,29,12,0.41379310344827586
2014-08-26,question_user_day,17,3,0.17647058823529413
2014-08-27,answer_user_day,29,12,0.41379310344827586
2014-08-27,comment_only_user_day,20,9,0.45
2014-08-27,question_user_day,17,2,0.11764705882352941
2014-08-28,answer_user_day,24,14,0.5833333333333334
2014-08-28,comment_only_user_day,29,8,0.27586206896551724
2014-08-28,question_user_day,13,6,0.46153846153846156
2014-08-29,answer_user_day,21,8,0.38095238095238093
2014-08-29,comment_only_user_day,30,3,0.1
2014-08-29,question_user_day,13,1,0.07692307692307693
2014-08-30,answer_user_day,3,2,0.6666666666666666
2014-08-30,comment_only_user_day,23,5,0.21739130434782608
2014-08-30,question_user_day,4,1,0.25
2014-08-31,answer_user_day,12,2,0.16666666666666666
2014-08-31,comment_only_user_day,16,5,0.3125
2014-08-31,question_user_day,9,4,0.4444444444444444
2014-09-01,answer_user_day,18,2,0.1111111111111111
2014-09-01,comment_only_user_day,27,4,0.14814814814814814
2014-09-01,question_user_day,18,5,0.2777777777777778
2014-09-02,answer_user_day,18,9,0.5
2014-09-02,comment_only_user_day,28,5,0.17857142857142858
2014-09-02,question_user_day,8,4,0.5
2014-09-03,answer_user_day,17,6,0.35294117647058826
2014-09-03,comment_only_user_day,24,6,0.25
2014-09-03,question_user_day,10,1,0.1
2014-09-04,answer_user_day,17,5,0.29411764705882354
2014-09-04,comment_only_user_day,26,4,0.15384615384615385
2014-09-04,question_user_day,7,1,0.14285714285714285
2014-09-05,answer_user_day,8,0,0.0
2014-09-05,comment_only_user_day,20,3,0.15
2014-09-05,question_user_day,6,0,0.0
2014-09-06,answer_user_day,8,2,0.25
2014-09-06,comment_only_user_day,6,2,0.3333333333333333
2014-09-06,question_user_day,5,2,0.4
2014-09-07,answer_user_day,4,2,0.5
2014-09-07,comment_only_user_day,10,3,0.3
2014-09-07,question_user_day,5,1,0.2
2014-09-08,answer_user_day,20,5,0.25
2014-09-08,comment_only_user_day,24,7,0.2916666666666667
2014-09-08,question_user_day,11,2,0.18181818181818182
2014-09-09,answer_user_day,13,5,0.38461538461538464
2014-09-09,comment_only_user_day,30,8,0.26666666666666666
2014-09-09,question_user_day,12,2,0.16666666666666666
2014-09-10,answer_user_day,15,7,0.4666666666666667
2014-09-10,comment_only_user_day,21,8,0.38095238095238093
2014-09-10,question_user_day,11,0,0.0
2014-09-11,answer_user_day,19,6,0.3157894736842105
2014-09-11,comment_only_user_day,28,9,0.32142857142857145
2014-09-11,question_user_day,8,3,0.375
2014-09-12,answer_user_day,15,3,0.2
2014-09-12,comment_only_user_day,18,4,0.2222222222222222
2014-09-12,question_user_day,10,3,0.3
2014-09-13,answer_user_day,8,0,0.0
2014-09-13,comment_only_user_day,15,3,0.2
2014-09-13,question_user_day,9,1,0.1111111111111111
2014-09-14,answer_user_day,11,4,0.36363636363636365
2014-09-14,comment_only_user_day,15,4,0.26666666666666666
2014-09-14,question_user_day,7,3,0.42857142857142855
2014-09-15,answer_user_day,19,2,0.10526315789473684
2014-09-15,comment_only_user_day,25,9,0.36
2014-09-15,question_user_day,14,3,0.21428571428571427
2014-09-16,answer_user_day,15,6,0.4
2014-09-16,comment_only_user_day,27,5,0.18518518518518517
2014-09-16,question_user_day,10,2,0.2
2014-09-17,answer_user_day,13,3,0.23076923076923078
2014-09-17,comment_only_user_day,21,9,0.42857142857142855
2014-09-17,question_user_day,6,2,0.3333333333333333
2014-09-18,answer_user_day,7,3,0.42857142857142855
2014-09-18,comment_only_user_day,20,11,0.55
2014-09-18,question_user_day,10,2,0.2
2014-09-19,answer_user_day,12,4,0.3333333333333333
2014-09-19,comment_only_user_day,20,3,0.15
2014-09-19,question_user_day,9,1,0.1111111111111111
2014-09-20,answer_user_day,6,1,0.16666666666666666
2014-09-20,comment_only_user_day,11,1,0.09090909090909091
2014-09-20,question_user_day,5,1,0.2
2014-09-21,answer_user_day,14,4,0.2857142857142857
2014-09-21,comment_only_user_day,7,1,0.14285714285714285
2014-09-21,question_user_day,9,0,0.0
2014-09-22,answer_user_day,11,6,0.5454545454545454
2014-09-22,comment_only_user_day,19,4,0.21052631578947367
2014-09-22,question_user_day,9,3,0.3333333333333333
2014-09-23,answer_user_day,13,2,0.15384615384615385
2014-09-23,comment_only_user_day,25,9,0.36
2014-09-23,question_user_day,9,1,0.1111111111111111
2014-09-24,answer_user_day,13,6,0.46153846153846156
2014-09-24,comment_only_user_day,24,9,0.375
2014-09-24,question_user_day,12,1,0.08333333333333333
2014-09-25,answer_user_day,15,6,0.4
2014-09-25,comment_only_user_day,18,7,0.3888888888888889
2014-09-25,question_user_day,12,3,0.25
2014-09-26,answer_user_day,11,2,0.18181818181818182
2014-09-26,comment_only_user_day,23,3,0.13043478260869565
2014-09-26,question_user_day,6,2,0.3333333333333333
2014-09-27,answer_user_day,4,2,0.5
2014-09-27,comment_only_user_day,9,5,0.5555555555555556
2014-09-27,question_user_day,3,1,0.3333333333333333
2014-09-28,answer_user_day,12,5,0.4166666666666667
2014-09-28,comment_only_user_day,12,1,0.08333333333333333
2014-09-28,question_user_day,4,0,0.0
2014-09-29,answer_user_day,14,6,0.42857142857142855
2014-09-29,comment_only_user_day,19,7,0.3684210526315789
2014-09-29,question_user_day,13,4,0.3076923076923077
2014-09-30,answer_user_day,19,8,0.42105263157894735
2014-09-30,comment_only_user_day,28,7,0.25
2014-09-30,question_user_day,14,5,0.35714285714285715
2014-10-01,answer_user_day,18,10,0.5555555555555556
2014-10-01,comment_only_user_day,31,10,0.3225806451612903
2014-10-01,question_user_day,6,3,0.5
2014-10-02,answer_user_day,11,4,0.36363636363636365
2014-10-02,comment_only_user_day,31,4,0.12903225806451613
2014-10-02,question_user_day,6,2,0.3333333333333333
2014-10-03,answer_user_day,13,1,0.07692307692307693
2014-10-03,comment_only_user_day,19,1,0.05263157894736842
2014-10-03,question_user_day,11,0,0.0
2014-10-04,answer_user_day,10,1,0.1
2014-10-04,comment_only_user_day,5,1,0.2
2014-10-04,question_user_day,6,2,0.3333333333333333
2014-10-05,answer_user_day,7,2,0.2857142857142857
2014-10-05,comment_only_user_day,13,4,0.3076923076923077
2014-10-05,question_user_day,6,2,0.3333333333333333
2014-10-06,answer_user_day,12,3,0.25
2014-10-06,comment_only_user_day,26,6,0.23076923076923078
2014-10-06,question_user_day,8,0,0.0
2014-10-07,answer_user_day,9,1,0.1111111111111111
2014-10-07,comment_only_user_day,19,7,0.3684210526315789
2014-10-07,question_user_day,5,0,0.0
2014-10-08,answer_user_day,11,6,0.5454545454545454
2014-10-08,comment_only_user_day,17,7,0.4117647058823529
2014-10-08,question_user_day,10,3,0.3
2014-10-09,answer_user_day,14,5,0.35714285714285715
2014-10-09,comment_only_user_day,26,4,0.15384615384615385
2014-10-09,question_user_day,13,1,0.07692307692307693
2014-10-10,answer_user_day,11,0,0.0
2014-10-10,comment_only_user_day,22,4,0.18181818181818182
2014-10-10,question_user_day,7,3,0.42857142857142855
2014-10-11,answer_user_day,7,1,0.14285714285714285
2014-10-11,comment_only_user_day,11,3,0.2727272727272727
2014-10-11,question_user_day,7,0,0.0
2014-10-12,answer_user_day,6,3,0.5
2014-10-12,comment_only_user_day,13,5,0.38461538461538464
2014-10-12,question_user_day,5,2,0.4
2014-10-13,answer_user_day,15,6,0.4
2014-10-13,comment_only_user_day,21,7,0.3333333333333333
2014-10-13,question_user_day,10,2,0.2
2014-10-14,answer_user_day,14,5,0.35714285714285715
2014-10-14,comment_only_user_day,26,6,0.23076923076923078
2014-10-14,question_user_day,8,2,0.25
2014-10-15,answer_user_day,20,8,0.4
2014-10-15,comment_only_user_day,21,4,0.19047619047619047
2014-10-15,question_user_day,14,4,0.2857142857142857
2014-10-16,answer_user_day,13,3,0.23076923076923078
2014-10-16,comment_only_user_day,26,7,0.2692307692307692
2014-10-16,question_user_day,7,2,0.2857142857142857
2014-10-17,answer_user_day,21,8,0.38095238095238093
2014-10-17,comment_only_user_day,22,3,0.13636363636363635
2014-10-17,question_user_day,10,3,0.3
2014-10-18,answer_user_day,13,6,0.46153846153846156
2014-10-18,comment_only_user_day,18,3,0.16666666666666666
2014-10-18,question_user_day,6,1,0.16666666666666666
2014-10-19,answer_user_day,9,4,0.4444444444444444
2014-10-19,comment_only_user_day,12,4,0.3333333333333333
2014-10-19,question_user_day,8,2,0.25
2014-10-20,answer_user_day,10,3,0.3
2014-10-20,comment_only_user_day,27,12,0.4444444444444444
2014-10-20,question_user_day,10,0,0.0
2014-10-21,answer_user_day,16,4,0.25
2014-10-21,comment_only_user_day,30,9,0.3
2014-10-21,question_user_day,9,1,0.1111111111111111
2014-10-22,answer_user_day,9,5,0.5555555555555556
2014-10-22,comment_only_user_day,26,6,0.23076923076923078
2014-10-22,question_user_day,9,2,0.2222222222222222
2014-10-23,answer_user_day,14,7,0.5
2014-10-23,comment_only_user_day,20,7,0.35
2014-10-23,question_user_day,5,1,0.2
2014-10-24,answer_user_day,15,4,0.26666666666666666
2014-10-24,comment_only_user_day,22,3,0.13636363636363635
2014-10-24,question_user_day,9,2,0.2222222222222222
2014-10-25,answer_user_day,6,2,0.3333333333333333
2014-10-25,comment_only_user_day,16,4,0.25
2014-10-25,question_user_day,8,2,0.25
2014-10-26,answer_user_day,9,5,0.5555555555555556
2014-10-26,comment_only_user_day,14,7,0.5
2014-10-26,question_user_day,8,2,0.25
2014-10-27,answer_user_day,11,6,0.5454545454545454
2014-10-27,comment_only_user_day,22,7,0.3181818181818182
2014-10-27,question_user_day,6,2,0.3333333333333333
2014-10-28,answer_user_day,14,8,0.5714285714285714
2014-10-28,comment_only_user_day,21,8,0.38095238095238093
2014-10-28,question_user_day,11,2,0.18181818181818182
2014-10-29,answer_user_day,14,8,0.5714285714285714
2014-10-29,comment_only_user_day,32,8,0.25
2014-10-29,question_user_day,11,2,0.18181818181818182
2014-10-30,answer_user_day,19,6,0.3157894736842105
2014-10-30,comment_only_user_day,27,9,0.3333333333333333
2014-10-30,question_user_day,11,2,0.18181818181818182
2014-10-31,answer_user_day,11,2,0.18181818181818182
2014-10-31,comment_only_user_day,28,3,0.10714285714285714
2014-10-31,question_user_day,12,4,0.3333333333333333
2014-11-01,answer_user_day,10,3,0.3
2014-11-01,comment_only_user_day,15,2,0.13333333333333333
2014-11-01,question_user_day,8,2,0.25
2014-11-02,answer_user_day,8,4,0.5
2014-11-02,comment_only_user_day,15,5,0.3333333333333333
2014-11-02,question_user_day,3,0,0.0
2014-11-03,answer_user_day,13,6,0.46153846153846156
2014-11-03,comment_only_user_day,24,8,0.3333333333333333
2014-11-03,question_user_day,7,1,0.14285714285714285
2014-11-04,answer_user_day,13,8,0.6153846153846154
2014-11-04,comment_only_user_day,32,6,0.1875
2014-11-04,question_user_day,16,4,0.25
2014-11-05,answer_user_day,17,7,0.4117647058823529
2014-11-05,comment_only_user_day,40,9,0.225
2014-11-05,question_user_day,8,1,0.125
2014-11-06,answer_user_day,17,7,0.4117647058823529
2014-11-06,comment_only_user_day,28,8,0.2857142857142857
2014-11-06,question_user_day,6,0,0.0
2014-11-07,answer_user_day,11,4,0.36363636363636365
2014-11-07,comment_only_user_day,20,1,0.05
2014-11-07,question_user_day,9,4,0.4444444444444444
2014-11-08,answer_user_day,5,1,0.2
2014-11-08,comment_only_user_day,12,4,0.3333333333333333
2014-11-08,question_user_day,4,2,0.5
2014-11-09,answer_user_day,10,5,0.5
2014-11-09,comment_only_user_day,15,5,0.3333333333333333
2014-11-09,question_user_day,4,1,0.25
2014-11-10,answer_user_day,28,12,0.42857142857142855
2014-11-10,comment_only_user_day,22,2,0.09090909090909091
2014-11-10,question_user_day,11,3,0.2727272727272727
2014-11-11,answer_user_day,6,3,0.5
2014-11-11,comment_only_user_day,26,9,0.34615384615384615
2014-11-11,question_user_day,6,3,0.5
2014-11-12,answer_user_day,17,9,0.5294117647058824
2014-11-12,comment_only_user_day,26,8,0.3076923076923077
2014-11-12,question_user_day,12,4,0.3333333333333333
2014-11-13,answer_user_day,12,5,0.4166666666666667
2014-11-13,comment_only_user_day,24,6,0.25
2014-11-13,question_user_day,9,0,0.0
2014-11-14,answer_user_day,13,5,0.38461538461538464
2014-11-14,comment_only_user_day,11,2,0.18181818181818182
2014-11-14,question_user_day,8,4,0.5
2014-11-15,answer_user_day,8,1,0.125
2014-11-15,comment_only_user_day,12,3,0.25
2014-11-15,question_user_day,5,3,0.6
2014-11-16,answer_user_day,5,3,0.6
2014-11-16,comment_only_user_day,11,2,0.18181818181818182
2014-11-16,question_user_day,6,4,0.6666666666666666
2014-11-17,answer_user_day,9,5,0.5555555555555556
2014-11-17,comment_only_user_day,23,7,0.30434782608695654
2014-11-17,question_user_day,14,3,0.21428571428571427
2014-11-18,answer_user_day,16,8,0.5
2014-11-18,comment_only_user_day,16,5,0.3125
2014-11-18,question_user_day,11,3,0.2727272727272727
2014-11-19,answer_user_day,10,5,0.5
2014-11-19,comment_only_user_day,16,7,0.4375
2014-11-19,question_user_day,10,0,0.0
2014-11-20,answer_user_day,15,5,0.3333333333333333
2014-11-20,comment_only_user_day,15,6,0.4
2014-11-20,question_user_day,8,3,0.375
2014-11-21,answer_user_day,10,4,0.4
2014-11-21,comment_only_user_day,15,5,0.3333333333333333
2014-11-21,question_user_day,5,1,0.2
2014-11-22,answer_user_day,14,5,0.35714285714285715
2014-11-22,comment_only_user_day,11,3,0.2727272727272727
2014-11-22,question_user_day,11,1,0.09090909090909091
2014-11-23,answer_user_day,10,6,0.6
2014-11-23,comment_only_user_day,19,7,0.3684210526315789
2014-11-23,question_user_day,8,2,0.25
2014-11-24,answer_user_day,20,7,0.35
2014-11-24,comment_only_user_day,27,7,0.25925925925925924
2014-11-24,question_user_day,14,4,0.2857142857142857
2014-11-25,answer_user_day,11,5,0.45454545454545453
2014-11-25,comment_only_user_day,23,10,0.43478260869565216
2014-11-25,question_user_day,11,5,0.45454545454545453
2014-11-26,answer_user_day,19,8,0.42105263157894735
2014-11-26,comment_only_user_day,24,10,0.4166666666666667
2014-11-26,question_user_day,16,5,0.3125
2014-11-27,answer_user_day,14,6,0.42857142857142855
2014-11-27,comment_only_user_day,45,12,0.26666666666666666
2014-11-27,question_user_day,10,0,0.0
2014-11-28,answer_user_day,10,5,0.5
2014-11-28,comment_only_user_day,26,9,0.34615384615384615
2014-11-28,question_user_day,6,3,0.5
2014-11-29,answer_user_day,6,5,0.8333333333333334
2014-11-29,comment_only_user_day,22,10,0.45454545454545453
2014-11-29,question_user_day,10,3,0.3
2014-11-30,answer_user_day,8,7,0.875
2014-11-30,comment_only_user_day,23,8,0.34782608695652173
2014-11-30,question_user_day,8,2,0.25
2014-12-01,answer_user_day,12,5,0.4166666666666667
2014-12-01,comment_only_user_day,31,11,0.3548387096774194
2014-12-01,question_user_day,9,4,0.4444444444444444
2014-12-02,answer_user_day,16,4,0.25
2014-12-02,comment_only_user_day,29,8,0.27586206896551724
2014-12-02,question_user_day,13,5,0.38461538461538464
2014-12-03,answer_user_day,22,8,0.36363636363636365
2014-12-03,comment_only_user_day,28,5,0.17857142857142858
2014-12-03,question_user_day,13,3,0.23076923076923078
2014-12-04,answer_user_day,14,6,0.42857142857142855
2014-12-04,comment_only_user_day,28,5,0.17857142857142858
2014-12-04,question_user_day,13,2,0.15384615384615385
2014-12-05,answer_user_day,13,6,0.46153846153846156
2014-12-05,comment_only_user_day,12,6,0.5
2014-12-05,question_user_day,14,1,0.07142857142857142
2014-12-06,answer_user_day,9,3,0.3333333333333333
2014-12-06,comment_only_user_day,24,10,0.4166666666666667
2014-12-06,question_user_day,4,1,0.25
2014-12-07,answer_user_day,13,6,0.46153846153846156
2014-12-07,comment_only_user_day,25,9,0.36
2014-12-07,question_user_day,6,1,0.16666666666666666
2014-12-08,answer_user_day,13,7,0.5384615384615384
2014-12-08,comment_only_user_day,22,8,0.36363636363636365
2014-12-08,question_user_day,10,1,0.1
2014-12-09,answer_user_day,19,11,0.5789473684210527
2014-12-09,comment_only_user_day,27,5,0.18518518518518517
2014-12-09,question_user_day,7,1,0.14285714285714285
2014-12-10,answer_user_day,18,8,0.4444444444444444
2014-12-10,comment_only_user_day,30,10,0.3333333333333333
2014-12-10,question_user_day,12,0,0.0
2014-12-11,answer_user_day,14,4,0.2857142857142857
2014-12-11,comment_only_user_day,21,4,0.19047619047619047
2014-12-11,question_user_day,7,1,0.14285714285714285
2014-12-12,answer_user_day,5,3,0.6
2014-12-12,comment_only_user_day,16,0,0.0
2014-12-12,question_user_day,10,2,0.2
2014-12-13,answer_user_day,7,4,0.5714285714285714
2014-12-13,comment_only_user_day,10,3,0.3
2014-12-13,question_user_day,6,2,0.3333333333333333
2014-12-14,answer_user_day,14,4,0.2857142857142857
2014-12-14,comment_only_user_day,22,8,0.36363636363636365
2014-12-14,question_user_day,8,3,0.375
2014-12-15,answer_user_day,23,11,0.4782608695652174
2014-12-15,comment_only_user_day,39,11,0.28205128205128205
2014-12-15,question_user_day,13,5,0.38461538461538464
2014-12-16,answer_user_day,18,12,0.6666666666666666
2014-12-16,comment_only_user_day,45,10,0.2222222222222222
2014-12-16,question_user_day,9,2,0.2222222222222222
2014-12-17,answer_user_day,15,8,0.5333333333333333
2014-12-17,comment_only_user_day,38,12,0.3157894736842105
2014-12-17,question_user_day,14,5,0.35714285714285715
2014-12-18,answer_user_day,20,6,0.3
2014-12-18,comment_only_user_day,32,11,0.34375
2014-12-18,question_user_day,13,4,0.3076923076923077
2014-12-19,answer_user_day,11,2,0.18181818181818182
2014-12-19,comment_only_user_day,32,5,0.15625
2014-12-19,question_user_day,5,1,0.2
2014-12-20,answer_user_day,11,6,0.5454545454545454
2014-12-20,comment_only_user_day,13,2,0.15384615384615385
2014-12-20,question_user_day,4,1,0.25
2014-12-21,answer_user_day,15,9,0.6
2014-12-21,comment_only_user_day,11,4,0.36363636363636365
2014-12-21,question_user_day,6,3,0.5
2014-12-22,answer_user_day,25,9,0.36
2014-12-22,comment_only_user_day,30,7,0.23333333333333334
2014-12-22,question_user_day,12,2,0.16666666666666666
2014-12-23,answer_user_day,11,6,0.5454545454545454
2014-12-23,comment_only_user_day,30,4,0.13333333333333333
2014-12-23,question_user_day,11,2,0.18181818181818182
2014-12-24,answer_user_day,8,3,0.375
2014-12-24,comment_only_user_day,20,7,0.35
2014-12-24,question_user_day,5,2,0.4
2014-12-25,answer_user_day,16,8,0.5
2014-12-25,comment_only_user_day,12,2,0.16666666666666666
2014-12-25,question_user_day,8,1,0.125
2014-12-26,answer_user_day,15,5,0.3333333333333333
2014-12-26,comment_only_user_day,26,4,0.15384615384615385
2014-12-26,question_user_day,6,1,0.16666666666666666
2014-12-27,answer_user_day,12,3,0.25
2014-12-27,comment_only_user_day,18,4,0.2222222222222222
2014-12-27,question_user_day,6,0,0.0
2014-12-28,answer_user_day,15,7,0.4666666666666667
2014-12-28,comment_only_user_day,14,5,0.35714285714285715
2014-12-28,question_user_day,7,3,0.42857142857142855
2014-12-29,answer_user_day,13,3,0.23076923076923078
2014-12-29,comment_only_user_day,23,10,0.43478260869565216
2014-12-29,question_user_day,9,2,0.2222222222222222
2014-12-30,answer_user_day,14,2,0.14285714285714285
2014-12-30,comment_only_user_day,23,7,0.30434782608695654
2014-12-30,question_user_day,8,2,0.25
2014-12-31,answer_user_day,11,2,0.18181818181818182
2014-12-31,comment_only_user_day,13,2,0.15384615384615385
2014-12-31,question_user_day,7,2,0.2857142857142857
2015-01-01,answer_user_day,7,3,0.42857142857142855
2015-01-01,comment_only_user_day,16,6,0.375
2015-01-01,question_user_day,12,4,0.3333333333333333
2015-01-02,answer_user_day,19,5,0.2631578947368421
2015-01-02,comment_only_user_day,28,6,0.21428571428571427
2015-01-02,question_user_day,9,2,0.2222222222222222
2015-01-03,answer_user_day,13,3,0.23076923076923078
2015-01-03,comment_only_user_day,20,9,0.45
2015-01-03,question_user_day,5,4,0.8
2015-01-04,answer_user_day,13,6,0.46153846153846156
2015-01-04,comment_only_user_day,30,9,0.3
2015-01-04,question_user_day,8,2,0.25
2015-01-05,answer_user_day,14,5,0.35714285714285715
2015-01-05,comment_only_user_day,28,6,0.21428571428571427
2015-01-05,question_user_day,11,7,0.6363636363636364
2015-01-06,answer_user_day,16,5,0.3125
2015-01-06,comment_only_user_day,24,4,0.16666666666666666
2015-01-06,question_user_day,7,3,0.42857142857142855
2015-01-07,answer_user_day,19,7,0.3684210526315789
2015-01-07,comment_only_user_day,24,7,0.2916666666666667
2015-01-07,question_user_day,12,2,0.16666666666666666
2015-01-08,answer_user_day,16,6,0.375
2015-01-08,comment_only_user_day,41,7,0.17073170731707318
2015-01-08,question_user_day,4,1,0.25
2015-01-09,answer_user_day,15,5,0.3333333333333333
2015-01-09,comment_only_user_day,25,4,0.16
2015-01-09,question_user_day,9,1,0.1111111111111111
2015-01-10,answer_user_day,8,4,0.5
2015-01-10,comment_only_user_day,13,4,0.3076923076923077
2015-01-10,question_user_day,10,4,0.4
2015-01-11,answer_user_day,8,3,0.375
2015-01-11,comment_only_user_day,18,7,0.3888888888888889
2015-01-11,question_user_day,9,5,0.5555555555555556
2015-01-12,answer_user_day,15,4,0.26666666666666666
2015-01-12,comment_only_user_day,35,6,0.17142857142857143
2015-01-12,question_user_day,14,5,0.35714285714285715
2015-01-13,answer_user_day,19,12,0.631578947368421
2015-01-13,comment_only_user_day,33,10,0.30303030303030304
2015-01-13,question_user_day,13,3,0.23076923076923078
2015-01-14,answer_user_day,30,9,0.3
2015-01-14,comment_only_user_day,29,3,0.10344827586206896
2015-01-14,question_user_day,14,2,0.14285714285714285
2015-01-15,answer_user_day,13,5,0.38461538461538464
2015-01-15,comment_only_user_day,25,3,0.12
2015-01-15,question_user_day,6,3,0.5
2015-01-16,answer_user_day,12,10,0.8333333333333334
2015-01-16,comment_only_user_day,22,5,0.22727272727272727
2015-01-16,question_user_day,8,1,0.125
2015-01-17,answer_user_day,18,9,0.5
2015-01-17,comment_only_user_day,16,3,0.1875
2015-01-17,question_user_day,11,5,0.45454545454545453
2015-01-18,answer_user_day,14,6,0.42857142857142855
2015-01-18,comment_only_user_day,18,6,0.3333333333333333
2015-01-18,question_user_day,6,2,0.3333333333333333
2015-01-19,answer_user_day,22,8,0.36363636363636365
2015-01-19,comment_only_user_day,19,4,0.21052631578947367
2015-01-19,question_user_day,13,4,0.3076923076923077
2015-01-20,answer_user_day,21,6,0.2857142857142857
2015-01-20,comment_only_user_day,27,8,0.2962962962962963
2015-01-20,question_user_day,8,1,0.125
2015-01-21,answer_user_day,15,6,0.4
2015-01-21,comment_only_user_day,18,4,0.2222222222222222
2015-01-21,question_user_day,13,2,0.15384615384615385
2015-01-22,answer_user_day,10,7,0.7
2015-01-22,comment_only_user_day,21,6,0.2857142857142857
2015-01-22,question_user_day,7,4,0.5714285714285714
2015-01-23,answer_user_day,16,3,0.1875
2015-01-23,comment_only_user_day,19,4,0.21052631578947367
2015-01-23,question_user_day,9,2,0.2222222222222222
2015-01-24,answer_user_day,11,4,0.36363636363636365
2015-01-24,comment_only_user_day,18,0,0.0
2015-01-24,question_user_day,5,2,0.4
2015-01-25,answer_user_day,14,9,0.6428571428571429
2015-01-25,comment_only_user_day,11,4,0.36363636363636365
2015-01-25,question_user_day,18,3,0.16666666666666666
2015-01-26,answer_user_day,21,10,0.47619047619047616
2015-01-26,comment_only_user_day,25,3,0.12
2015-01-26,question_user_day,12,1,0.08333333333333333
2015-01-27,answer_user_day,17,5,0.29411764705882354
2015-01-27,comment_only_user_day,25,7,0.28
2015-01-27,question_user_day,6,1,0.16666666666666666
2015-01-28,answer_user_day,12,6,0.5
2015-01-28,comment_only_user_day,24,6,0.25
2015-01-28,question_user_day,9,4,0.4444444444444444
2015-01-29,answer_user_day,18,7,0.3888888888888889
2015-01-29,comment_only_user_day,33,9,0.2727272727272727
2015-01-29,question_user_day,13,2,0.15384615384615385
2015-01-30,answer_user_day,26,4,0.15384615384615385
2015-01-30,comment_only_user_day,21,3,0.14285714285714285
2015-01-30,question_user_day,14,4,0.2857142857142857
2015-01-31,answer_user_day,6,4,0.6666666666666666
2015-01-31,comment_only_user_day,20,4,0.2
2015-01-31,question_user_day,6,3,0.5
2015-02-01,answer_user_day,15,7,0.4666666666666667
2015-02-01,comment_only_user_day,30,11,0.36666666666666664
2015-02-01,question_user_day,8,4,0.5
2015-02-02,answer_user_day,13,5,0.38461538461538464
2015-02-02,comment_only_user_day,35,10,0.2857142857142857
2015-02-02,question_user_day,10,3,0.3
2015-02-03,answer_user_day,13,4,0.3076923076923077
2015-02-03,comment_only_user_day,30,7,0.23333333333333334
2015-02-03,question_user_day,11,3,0.2727272727272727
2015-02-04,answer_user_day,16,9,0.5625
2015-02-04,comment_only_user_day,15,6,0.4
2015-02-04,question_user_day,14,4,0.2857142857142857
2015-02-05,answer_user_day,10,6,0.6
2015-02-05,comment_only_user_day,22,6,0.2727272727272727
2015-02-05,question_user_day,13,3,0.23076923076923078
2015-02-06,answer_user_day,16,7,0.4375
2015-02-06,comment_only_user_day,13,2,0.15384615384615385
2015-02-06,question_user_day,5,0,0.0
2015-02-07,answer_user_day,10,5,0.5
2015-02-07,comment_only_user_day,16,5,0.3125
2015-02-07,question_user_day,5,0,0.0
2015-02-08,answer_user_day,18,8,0.4444444444444444
2015-02-08,comment_only_user_day,18,3,0.16666666666666666
2015-02-08,question_user_day,8,3,0.375
2015-02-09,answer_user_day,16,6,0.375
2015-02-09,comment_only_user_day,22,8,0.36363636363636365
2015-02-09,question_user_day,9,1,0.1111111111111111
2015-02-10,answer_user_day,12,5,0.4166666666666667
2015-02-10,comment_only_user_day,17,4,0.23529411764705882
2015-02-10,question_user_day,13,4,0.3076923076923077
2015-02-11,answer_user_day,14,8,0.5714285714285714
2015-02-11,comment_only_user_day,27,8,0.2962962962962963
2015-02-11,question_user_day,10,4,0.4
2015-02-12,answer_user_day,14,6,0.42857142857142855
2015-02-12,comment_only_user_day,26,9,0.34615384615384615
2015-02-12,question_user_day,8,2,0.25
2015-02-13,answer_user_day,18,4,0.2222222222222222
2015-02-13,comment_only_user_day,9,1,0.1111111111111111
2015-02-13,question_user_day,10,4,0.4
2015-02-14,answer_user_day,7,5,0.7142857142857143
2015-02-14,comment_only_user_day,9,3,0.3333333333333333
2015-02-14,question_user_day,6,1,0.16666666666666666
2015-02-15,answer_user_day,12,7,0.5833333333333334
2015-02-15,comment_only_user_day,13,2,0.15384615384615385
2015-02-15,question_user_day,8,4,0.5
2015-02-16,answer_user_day,14,7,0.5
2015-02-16,comment_only_user_day,22,8,0.36363636363636365
2015-02-16,question_user_day,7,1,0.14285714285714285
2015-02-17,answer_user_day,17,8,0.47058823529411764
2015-02-17,comment_only_user_day,38,11,0.2894736842105263
2015-02-17,question_user_day,17,5,0.29411764705882354
2015-02-18,answer_user_day,20,10,0.5
2015-02-18,comment_only_user_day,31,4,0.12903225806451613
2015-02-18,question_user_day,11,1,0.09090909090909091
2015-02-19,answer_user_day,13,5,0.38461538461538464
2015-02-19,comment_only_user_day,25,6,0.24
2015-02-19,question_user_day,11,5,0.45454545454545453
2015-02-20,answer_user_day,24,6,0.25
2015-02-20,comment_only_user_day,33,5,0.15151515151515152
2015-02-20,question_user_day,6,1,0.16666666666666666
2015-02-21,answer_user_day,24,7,0.2916666666666667
2015-02-21,comment_only_user_day,27,8,0.2962962962962963
2015-02-21,question_user_day,13,3,0.23076923076923078
2015-02-22,answer_user_day,19,6,0.3157894736842105
2015-02-22,comment_only_user_day,26,5,0.19230769230769232
2015-02-22,question_user_day,16,2,0.125
2015-02-23,answer_user_day,19,7,0.3684210526315789
2015-02-23,comment_only_user_day,34,4,0.11764705882352941
2015-02-23,question_user_day,9,2,0.2222222222222222
2015-02-24,answer_user_day,21,4,0.19047619047619047
2015-02-24,comment_only_user_day,30,8,0.26666666666666666
2015-02-24,question_user_day,8,0,0.0
2015-02-25,answer_user_day,9,4,0.4444444444444444
2015-02-25,comment_only_user_day,28,7,0.25
2015-02-25,question_user_day,12,2,0.16666666666666666
2015-02-26,answer_user_day,13,4,0.3076923076923077
2015-02-26,comment_only_user_day,20,6,0.3
2015-02-26,question_user_day,12,0,0.0
2015-02-27,answer_user_day,14,3,0.21428571428571427
2015-02-27,comment_only_user_day,14,2,0.14285714285714285
2015-02-27,question_user_day,11,1,0.09090909090909091
2015-02-28,answer_user_day,6,2,0.3333333333333333
2015-02-28,comment_only_user_day,4,0,0.0
2015-02-28,question_user_day,6,3,0.5
2015-03-01,answer_user_day,11,5,0.45454545454545453
2015-03-01,comment_only_user_day,16,4,0.25
2015-03-01,question_user_day,9,1,0.1111111111111111
2015-03-02,answer_user_day,20,9,0.45
2015-03-02,comment_only_user_day,22,6,0.2727272727272727
2015-03-02,question_user_day,10,1,0.1
2015-03-03,answer_user_day,19,10,0.5263157894736842
2015-03-03,comment_only_user_day,26,5,0.19230769230769232
2015-03-03,question_user_day,7,3,0.42857142857142855
2015-03-04,answer_user_day,17,10,0.5882352941176471
2015-03-04,comment_only_user_day,23,3,0.13043478260869565
2015-03-04,question_user_day,16,2,0.125
2015-03-05,answer_user_day,23,8,0.34782608695652173
2015-03-05,comment_only_user_day,32,10,0.3125
2015-03-05,question_user_day,18,3,0.16666666666666666
2015-03-06,answer_user_day,15,5,0.3333333333333333
2015-03-06,comment_only_user_day,32,4,0.125
2015-03-06,question_user_day,13,2,0.15384615384615385
2015-03-07,answer_user_day,8,3,0.375
2015-03-07,comment_only_user_day,14,0,0.0
2015-03-07,question_user_day,9,2,0.2222222222222222
2015-03-08,answer_user_day,18,8,0.4444444444444444
2015-03-08,comment_only_user_day,18,7,0.3888888888888889
2015-03-08,question_user_day,8,4,0.5
2015-03-09,answer_user_day,27,12,0.4444444444444444
2015-03-09,comment_only_user_day,38,9,0.23684210526315788
2015-03-09,question_user_day,15,5,0.3333333333333333
2015-03-10,answer_user_day,18,7,0.3888888888888889
2015-03-10,comment_only_user_day,37,12,0.32432432432432434
2015-03-10,question_user_day,11,1,0.09090909090909091
2015-03-11,answer_user_day,13,4,0.3076923076923077
2015-03-11,comment_only_user_day,34,9,0.2647058823529412
2015-03-11,question_user_day,13,4,0.3076923076923077
2015-03-12,answer_user_day,16,4,0.25
2015-03-12,comment_only_user_day,17,6,0.35294117647058826
2015-03-12,question_user_day,14,3,0.21428571428571427
2015-03-13,answer_user_day,12,5,0.4166666666666667
2015-03-13,comment_only_user_day,22,6,0.2727272727272727
2015-03-13,question_user_day,13,3,0.23076923076923078
2015-03-14,answer_user_day,11,6,0.5454545454545454
2015-03-14,comment_only_user_day,22,5,0.22727272727272727
2015-03-14,question_user_day,7,2,0.2857142857142857
2015-03-15,answer_user_day,18,10,0.5555555555555556
2015-03-15,comment_only_user_day,20,7,0.35
2015-03-15,question_user_day,8,2,0.25
2015-03-16,answer_user_day,27,10,0.37037037037037035
2015-03-16,comment_only_user_day,35,9,0.2571428571428571
2015-03-16,question_user_day,23,5,0.21739130434782608
2015-03-17,answer_user_day,18,10,0.5555555555555556
2015-03-17,comment_only_user_day,29,6,0.20689655172413793
2015-03-17,question_user_day,13,5,0.38461538461538464
2015-03-18,answer_user_day,26,10,0.38461538461538464
2015-03-18,comment_only_user_day,27,5,0.18518518518518517
2015-03-18,question_user_day,15,2,0.13333333333333333
2015-03-19,answer_user_day,15,6,0.4
2015-03-19,comment_only_user_day,24,8,0.3333333333333333
2015-03-19,question_user_day,13,5,0.38461538461538464
2015-03-20,answer_user_day,17,4,0.23529411764705882
2015-03-20,comment_only_user_day,29,5,0.1724137931034483
2015-03-20,question_user_day,13,3,0.23076923076923078
2015-03-21,answer_user_day,15,7,0.4666666666666667
2015-03-21,comment_only_user_day,23,4,0.17391304347826086
2015-03-21,question_user_day,9,0,0.0
2015-03-22,answer_user_day,15,7,0.4666666666666667
2015-03-22,comment_only_user_day,16,5,0.3125
2015-03-22,question_user_day,14,2,0.14285714285714285
2015-03-23,answer_user_day,20,12,0.6
2015-03-23,comment_only_user_day,34,6,0.17647058823529413
2015-03-23,question_user_day,11,4,0.36363636363636365
2015-03-24,answer_user_day,17,5,0.29411764705882354
2015-03-24,comment_only_user_day,34,9,0.2647058823529412
2015-03-24,question_user_day,9,1,0.1111111111111111
2015-03-25,answer_user_day,19,13,0.6842105263157895
2015-03-25,comment_only_user_day,27,9,0.3333333333333333
2015-03-25,question_user_day,14,1,0.07142857142857142
2015-03-26,answer_user_day,18,7,0.3888888888888889
2015-03-26,comment_only_user_day,29,11,0.3793103448275862
2015-03-26,question_user_day,15,4,0.26666666666666666
2015-03-27,answer_user_day,15,6,0.4
2015-03-27,comment_only_user_day,27,7,0.25925925925925924
2015-03-27,question_user_day,11,3,0.2727272727272727
2015-03-28,answer_user_day,16,7,0.4375
2015-03-28,comment_only_user_day,14,3,0.21428571428571427
2015-03-28,question_user_day,11,2,0.18181818181818182
2015-03-29,answer_user_day,8,5,0.625
2015-03-29,comment_only_user_day,13,7,0.5384615384615384
2015-03-29,question_user_day,9,3,0.3333333333333333
2015-03-30,answer_user_day,12,7,0.5833333333333334
2015-03-30,comment_only_user_day,22,9,0.4090909090909091
2015-03-30,question_user_day,11,0,0.0
2015-03-31,answer_user_day,12,5,0.4166666666666667
2015-03-31,comment_only_user_day,18,6,0.3333333333333333
2015-03-31,question_user_day,10,3,0.3
2015-04-01,answer_user_day,19,10,0.5263157894736842
2015-04-01,comment_only_user_day,34,7,0.20588235294117646
2015-04-01,question_user_day,13,4,0.3076923076923077
2015-04-02,answer_user_day,16,6,0.375
2015-04-02,comment_only_user_day,34,9,0.2647058823529412
2015-04-02,question_user_day,12,3,0.25
2015-04-03,answer_user_day,14,6,0.42857142857142855
2015-04-03,comment_only_user_day,15,4,0.26666666666666666
2015-04-03,question_user_day,13,2,0.15384615384615385
2015-04-04,answer_user_day,11,6,0.5454545454545454
2015-04-04,comment_only_user_day,14,4,0.2857142857142857
2015-04-04,question_user_day,8,2,0.25
2015-04-05,answer_user_day,3,2,0.6666666666666666
2015-04-05,comment_only_user_day,23,9,0.391304347826087
2015-04-05,question_user_day,4,3,0.75
2015-04-06,answer_user_day,20,10,0.5
2015-04-06,comment_only_user_day,15,3,0.2
2015-04-06,question_user_day,16,5,0.3125
2015-04-07,answer_user_day,20,8,0.4
2015-04-07,comment_only_user_day,16,3,0.1875
2015-04-07,question_user_day,8,1,0.125
2015-04-08,answer_user_day,18,7,0.3888888888888889
2015-04-08,comment_only_user_day,23,5,0.21739130434782608
2015-04-08,question_user_day,12,2,0.16666666666666666
2015-04-09,answer_user_day,20,11,0.55
2015-04-09,comment_only_user_day,19,5,0.2631578947368421
2015-04-09,question_user_day,11,3,0.2727272727272727
2015-04-10,answer_user_day,20,3,0.15
2015-04-10,comment_only_user_day,27,7,0.25925925925925924
2015-04-10,question_user_day,14,0,0.0
2015-04-11,answer_user_day,17,4,0.23529411764705882
2015-04-11,comment_only_user_day,9,2,0.2222222222222222
2015-04-11,question_user_day,16,2,0.125
2015-04-12,answer_user_day,12,6,0.5
2015-04-12,comment_only_user_day,17,4,0.23529411764705882
2015-04-12,question_user_day,10,3,0.3
2015-04-13,answer_user_day,16,8,0.5
2015-04-13,comment_only_user_day,28,10,0.35714285714285715
2015-04-13,question_user_day,15,3,0.2
2015-04-14,answer_user_day,15,10,0.6666666666666666
2015-04-14,comment_only_user_day,24,9,0.375
2015-04-14,question_user_day,11,4,0.36363636363636365
2015-04-15,answer_user_day,21,7,0.3333333333333333
2015-04-15,comment_only_user_day,32,9,0.28125
2015-04-15,question_user_day,19,3,0.15789473684210525
2015-04-16,answer_user_day,17,7,0.4117647058823529
2015-04-16,comment_only_user_day,22,4,0.18181818181818182
2015-04-16,question_user_day,14,2,0.14285714285714285
2015-04-17,answer_user_day,12,5,0.4166666666666667
2015-04-17,comment_only_user_day,17,5,0.29411764705882354
2015-04-17,question_user_day,14,2,0.14285714285714285
2015-04-18,answer_user_day,15,8,0.5333333333333333
2015-04-18,comment_only_user_day,10,1,0.1
2015-04-18,question_user_day,12,3,0.25
2015-04-19,answer_user_day,14,7,0.5
2015-04-19,comment_only_user_day,15,4,0.26666666666666666
2015-04-19,question_user_day,9,1,0.1111111111111111
2015-04-20,answer_user_day,17,7,0.4117647058823529
2015-04-20,comment_only_user_day,25,7,0.28
2015-04-20,question_user_day,11,3,0.2727272727272727
2015-04-21,answer_user_day,29,14,0.4827586206896552
2015-04-21,comment_only_user_day,29,4,0.13793103448275862
2015-04-21,question_user_day,16,5,0.3125
2015-04-22,answer_user_day,20,10,0.5
2015-04-22,comment_only_user_day,26,7,0.2692307692307692
2015-04-22,question_user_day,19,4,0.21052631578947367
2015-04-23,answer_user_day,16,8,0.5
2015-04-23,comment_only_user_day,34,10,0.29411764705882354
2015-04-23,question_user_day,13,3,0.23076923076923078
2015-04-24,answer_user_day,21,3,0.14285714285714285
2015-04-24,comment_only_user_day,24,8,0.3333333333333333
2015-04-24,question_user_day,13,2,0.15384615384615385
2015-04-25,answer_user_day,24,6,0.25
2015-04-25,comment_only_user_day,24,5,0.20833333333333334
2015-04-25,question_user_day,10,2,0.2
2015-04-26,answer_user_day,11,7,0.6363636363636364
2015-04-26,comment_only_user_day,17,8,0.47058823529411764
2015-04-26,question_user_day,12,4,0.3333333333333333
2015-04-27,answer_user_day,20,9,0.45
2015-04-27,comment_only_user_day,39,15,0.38461538461538464
2015-04-27,question_user_day,18,6,0.3333333333333333
2015-04-28,answer_user_day,17,8,0.47058823529411764
2015-04-28,comment_only_user_day,31,9,0.2903225806451613
2015-04-28,question_user_day,18,6,0.3333333333333333
2015-04-29,answer_user_day,22,11,0.5
2015-04-29,comment_only_user_day,27,9,0.3333333333333333
2015-04-29,question_user_day,18,3,0.16666666666666666
2015-04-30,answer_user_day,18,10,0.5555555555555556
2015-04-30,comment_only_user_day,27,11,0.4074074074074074
2015-04-30,question_user_day,12,2,0.16666666666666666
2015-05-01,answer_user_day,16,6,0.375
2015-05-01,comment_only_user_day,23,6,0.2608695652173913
2015-05-01,question_user_day,12,3,0.25
2015-05-02,answer_user_day,7,2,0.2857142857142857
2015-05-02,comment_only_user_day,22,5,0.22727272727272727
2015-05-02,question_user_day,9,1,0.1111111111111111
2015-05-03,answer_user_day,16,7,0.4375
2015-05-03,comment_only_user_day,13,2,0.15384615384615385
2015-05-03,question_user_day,5,0,0.0
2015-05-04,answer_user_day,16,8,0.5
2015-05-04,comment_only_user_day,25,6,0.24
2015-05-04,question_user_day,11,4,0.36363636363636365
2015-05-05,answer_user_day,17,8,0.47058823529411764
2015-05-05,comment_only_user_day,24,6,0.25
2015-05-05,question_user_day,11,2,0.18181818181818182
2015-05-06,answer_user_day,38,12,0.3157894736842105
2015-05-06,comment_only_user_day,46,8,0.17391304347826086
2015-05-06,question_user_day,23,4,0.17391304347826086
2015-05-07,answer_user_day,12,6,0.5
2015-05-07,comment_only_user_day,31,8,0.25806451612903225
2015-05-07,question_user_day,14,3,0.21428571428571427
2015-05-08,answer_user_day,19,5,0.2631578947368421
2015-05-08,comment_only_user_day,24,4,0.16666666666666666
2015-05-08,question_user_day,16,2,0.125
2015-05-09,answer_user_day,12,5,0.4166666666666667
2015-05-09,comment_only_user_day,13,1,0.07692307692307693
2015-05-09,question_user_day,5,0,0.0
2015-05-10,answer_user_day,13,4,0.3076923076923077
2015-05-10,comment_only_user_day,17,9,0.5294117647058824
2015-05-10,question_user_day,11,3,0.2727272727272727
2015-05-11,answer_user_day,17,12,0.7058823529411765
2015-05-11,comment_only_user_day,27,9,0.3333333333333333
2015-05-11,question_user_day,18,3,0.16666666666666666
2015-05-12,answer_user_day,21,7,0.3333333333333333
2015-05-12,comment_only_user_day,54,14,0.25925925925925924
2015-05-12,question_user_day,13,3,0.23076923076923078
2015-05-13,answer_user_day,17,10,0.5882352941176471
2015-05-13,comment_only_user_day,43,11,0.2558139534883721
2015-05-13,question_user_day,19,4,0.21052631578947367
2015-05-14,answer_user_day,20,12,0.6
2015-05-14,comment_only_user_day,33,7,0.21212121212121213
2015-05-14,question_user_day,15,3,0.2
2015-05-15,answer_user_day,18,4,0.2222222222222222
2015-05-15,comment_only_user_day,34,5,0.14705882352941177
2015-05-15,question_user_day,14,2,0.14285714285714285
2015-05-16,answer_user_day,17,13,0.7647058823529411
2015-05-16,comment_only_user_day,25,9,0.36
2015-05-16,question_user_day,10,3,0.3
2015-05-17,answer_user_day,26,14,0.5384615384615384
2015-05-17,comment_only_user_day,23,7,0.30434782608695654
2015-05-17,question_user_day,18,4,0.2222222222222222
2015-05-18,answer_user_day,32,12,0.375
2015-05-18,comment_only_user_day,62,18,0.2903225806451613
2015-05-18,question_user_day,21,10,0.47619047619047616
2015-05-19,answer_user_day,25,8,0.32
2015-05-19,comment_only_user_day,59,17,0.288135593220339
2015-05-19,question_user_day,18,4,0.2222222222222222
2015-05-20,answer_user_day,26,9,0.34615384615384615
2015-05-20,comment_only_user_day,43,16,0.37209302325581395
2015-05-20,question_user_day,18,0,0.0
2015-05-21,answer_user_day,20,8,0.4
2015-05-21,comment_only_user_day,41,7,0.17073170731707318
2015-05-21,question_user_day,9,4,0.4444444444444444
2015-05-22,answer_user_day,19,9,0.47368421052631576
2015-05-22,comment_only_user_day,37,9,0.24324324324324326
2015-05-22,question_user_day,18,4,0.2222222222222222
2015-05-23,answer_user_day,15,5,0.3333333333333333
2015-05-23,comment_only_user_day,28,8,0.2857142857142857
2015-05-23,question_user_day,14,3,0.21428571428571427
2015-05-24,answer_user_day,17,8,0.47058823529411764
2015-05-24,comment_only_user_day,29,10,0.3448275862068966
2015-05-24,question_user_day,11,3,0.2727272727272727
2015-05-25,answer_user_day,15,4,0.26666666666666666
2015-05-25,comment_only_user_day,44,15,0.3409090909090909
2015-05-25,question_user_day,11,3,0.2727272727272727
2015-05-26,answer_user_day,22,11,0.5
2015-05-26,comment_only_user_day,27,6,0.2222222222222222
2015-05-26,question_user_day,17,1,0.058823529411764705
2015-05-27,answer_user_day,19,11,0.5789473684210527
2015-05-27,comment_only_user_day,28,12,0.42857142857142855
2015-05-27,question_user_day,18,4,0.2222222222222222
2015-05-28,answer_user_day,24,15,0.625
2015-05-28,comment_only_user_day,41,13,0.3170731707317073
2015-05-28,question_user_day,17,3,0.17647058823529413
2015-05-29,answer_user_day,19,8,0.42105263157894735
2015-05-29,comment_only_user_day,33,4,0.12121212121212122
2015-05-29,question_user_day,17,1,0.058823529411764705
2015-05-30,answer_user_day,13,5,0.38461538461538464
2015-05-30,comment_only_user_day,14,5,0.35714285714285715
2015-05-30,question_user_day,5,1,0.2
2015-05-31,answer_user_day,12,6,0.5
2015-05-31,comment_only_user_day,26,12,0.46153846153846156
2015-05-31,question_user_day,6,2,0.3333333333333333
2015-06-01,answer_user_day,24,9,0.375
2015-06-01,comment_only_user_day,50,12,0.24
2015-06-01,question_user_day,25,5,0.2
2015-06-02,answer_user_day,22,10,0.45454545454545453
2015-06-02,comment_only_user_day,32,8,0.25
2015-06-02,question_user_day,16,5,0.3125
2015-06-03,answer_user_day,20,5,0.25
2015-06-03,comment_only_user_day,30,10,0.3333333333333333
2015-06-03,question_user_day,10,4,0.4
2015-06-04,answer_user_day,12,7,0.5833333333333334
2015-06-04,comment_only_user_day,31,10,0.3225806451612903
2015-06-04,question_user_day,14,3,0.21428571428571427
2015-06-05,answer_user_day,32,11,0.34375
2015-06-05,comment_only_user_day,31,6,0.1935483870967742
2015-06-05,question_user_day,18,2,0.1111111111111111
2015-06-06,answer_user_day,19,7,0.3684210526315789
2015-06-06,comment_only_user_day,25,5,0.2
2015-06-06,question_user_day,10,0,0.0
2015-06-07,answer_user_day,19,9,0.47368421052631576
2015-06-07,comment_only_user_day,32,10,0.3125
2015-06-07,question_user_day,13,4,0.3076923076923077
2015-06-08,answer_user_day,27,8,0.2962962962962963
2015-06-08,comment_only_user_day,50,12,0.24
2015-06-08,question_user_day,23,6,0.2608695652173913
2015-06-09,answer_user_day,22,12,0.5454545454545454
2015-06-09,comment_only_user_day,37,13,0.35135135135135137
2015-06-09,question_user_day,17,4,0.23529411764705882
2015-06-10,answer_user_day,23,10,0.43478260869565216
2015-06-10,comment_only_user_day,48,13,0.2708333333333333
2015-06-10,question_user_day,20,5,0.25
2015-06-11,answer_user_day,18,5,0.2777777777777778
2015-06-11,comment_only_user_day,45,9,0.2
2015-06-11,question_user_day,10,1,0.1
2015-06-12,answer_user_day,16,8,0.5
2015-06-12,comment_only_user_day,35,5,0.14285714285714285
2015-06-12,question_user_day,16,0,0.0
2015-06-13,answer_user_day,15,9,0.6
2015-06-13,comment_only_user_day,23,5,0.21739130434782608
2015-06-13,question_user_day,15,3,0.2
2015-06-14,answer_user_day,27,14,0.5185185185185185
2015-06-14,comment_only_user_day,25,9,0.36
2015-06-14,question_user_day,12,3,0.25
2015-06-15,answer_user_day,26,12,0.46153846153846156
2015-06-15,comment_only_user_day,58,12,0.20689655172413793
2015-06-15,question_user_day,13,2,0.15384615384615385
2015-06-16,answer_user_day,16,7,0.4375
2015-06-16,comment_only_user_day,41,12,0.2926829268292683
2015-06-16,question_user_day,18,8,0.4444444444444444
2015-06-17,answer_user_day,28,19,0.6785714285714286
2015-06-17,comment_only_user_day,36,8,0.2222222222222222
2015-06-17,question_user_day,18,6,0.3333333333333333
2015-06-18,answer_user_day,30,14,0.4666666666666667
2015-06-18,comment_only_user_day,35,14,0.4
2015-06-18,question_user_day,17,3,0.17647058823529413
2015-06-19,answer_user_day,25,9,0.36
2015-06-19,comment_only_user_day,41,7,0.17073170731707318
2015-06-19,question_user_day,22,7,0.3181818181818182
2015-06-20,answer_user_day,14,10,0.7142857142857143
2015-06-20,comment_only_user_day,30,7,0.23333333333333334
2015-06-20,question_user_day,18,7,0.3888888888888889
2015-06-21,answer_user_day,27,13,0.48148148148148145
2015-06-21,comment_only_user_day,40,12,0.3
2015-06-21,question_user_day,10,2,0.2
2015-06-22,answer_user_day,31,19,0.6129032258064516
2015-06-22,comment_only_user_day,36,9,0.25
2015-06-22,question_user_day,18,6,0.3333333333333333
2015-06-23,answer_user_day,24,11,0.4583333333333333
2015-06-23,comment_only_user_day,51,19,0.37254901960784315
2015-06-23,question_user_day,21,7,0.3333333333333333
2015-06-24,answer_user_day,25,15,0.6
2015-06-24,comment_only_user_day,55,15,0.2727272727272727
2015-06-24,question_user_day,17,3,0.17647058823529413
2015-06-25,answer_user_day,33,17,0.5151515151515151
2015-06-25,comment_only_user_day,41,10,0.24390243902439024
2015-06-25,question_user_day,23,5,0.21739130434782608
2015-06-26,answer_user_day,21,8,0.38095238095238093
2015-06-26,comment_only_user_day,46,15,0.32608695652173914
2015-06-26,question_user_day,14,4,0.2857142857142857
2015-06-27,answer_user_day,16,8,0.5
2015-06-27,comment_only_user_day,25,10,0.4
2015-06-27,question_user_day,16,4,0.25
2015-06-28,answer_user_day,18,11,0.6111111111111112
2015-06-28,comment_only_user_day,26,13,0.5
2015-06-28,question_user_day,12,5,0.4166666666666667
2015-06-29,answer_user_day,26,14,0.5384615384615384
2015-06-29,comment_only_user_day,39,14,0.358974358974359
2015-06-29,question_user_day,25,7,0.28
2015-06-30,answer_user_day,20,9,0.45
2015-06-30,comment_only_user_day,45,12,0.26666666666666666
2015-06-30,question_user_day,14,4,0.2857142857142857
2015-07-01,answer_user_day,18,3,0.16666666666666666
2015-07-01,comment_only_user_day,35,13,0.37142857142857144
2015-07-01,question_user_day,15,7,0.4666666666666667
2015-07-02,answer_user_day,14,7,0.5
2015-07-02,comment_only_user_day,36,11,0.3055555555555556
2015-07-02,question_user_day,13,3,0.23076923076923078
2015-07-03,answer_user_day,18,8,0.4444444444444444
2015-07-03,comment_only_user_day,35,7,0.2
2015-07-03,question_user_day,12,1,0.08333333333333333
2015-07-04,answer_user_day,11,5,0.45454545454545453
2015-07-04,comment_only_user_day,20,10,0.5
2015-07-04,question_user_day,14,4,0.2857142857142857
2015-07-05,answer_user_day,18,7,0.3888888888888889
2015-07-05,comment_only_user_day,24,8,0.3333333333333333
2015-07-05,question_user_day,14,5,0.35714285714285715
2015-07-06,answer_user_day,23,9,0.391304347826087
2015-07-06,comment_only_user_day,37,9,0.24324324324324326
2015-07-06,question_user_day,18,3,0.16666666666666666
2015-07-07,answer_user_day,21,10,0.47619047619047616
2015-07-07,comment_only_user_day,33,15,0.45454545454545453
2015-07-07,question_user_day,15,3,0.2
2015-07-08,answer_user_day,26,8,0.3076923076923077
2015-07-08,comment_only_user_day,45,11,0.24444444444444444
2015-07-08,question_user_day,20,6,0.3
2015-07-09,answer_user_day,16,8,0.5
2015-07-09,comment_only_user_day,49,14,0.2857142857142857
2015-07-09,question_user_day,13,2,0.15384615384615385
2015-07-10,answer_user_day,15,7,0.4666666666666667
2015-07-10,comment_only_user_day,35,5,0.14285714285714285
2015-07-10,question_user_day,9,1,0.1111111111111111
2015-07-11,answer_user_day,12,4,0.3333333333333333
2015-07-11,comment_only_user_day,14,7,0.5
2015-07-11,question_user_day,14,3,0.21428571428571427
2015-07-12,answer_user_day,11,5,0.45454545454545453
2015-07-12,comment_only_user_day,17,9,0.5294117647058824
2015-07-12,question_user_day,13,3,0.23076923076923078
2015-07-13,answer_user_day,16,8,0.5
2015-07-13,comment_only_user_day,35,9,0.2571428571428571
2015-07-13,question_user_day,15,5,0.3333333333333333
2015-07-14,answer_user_day,20,9,0.45
2015-07-14,comment_only_user_day,28,11,0.39285714285714285
2015-07-14,question_user_day,11,4,0.36363636363636365
2015-07-15,answer_user_day,21,17,0.8095238095238095
2015-07-15,comment_only_user_day,24,7,0.2916666666666667
2015-07-15,question_user_day,15,5,0.3333333333333333
2015-07-16,answer_user_day,28,9,0.32142857142857145
2015-07-16,comment_only_user_day,37,12,0.32432432432432434
2015-07-16,question_user_day,24,7,0.2916666666666667
2015-07-17,answer_user_day,26,6,0.23076923076923078
2015-07-17,comment_only_user_day,32,4,0.125
2015-07-17,question_user_day,11,2,0.18181818181818182
2015-07-18,answer_user_day,6,4,0.6666666666666666
2015-07-18,comment_only_user_day,18,7,0.3888888888888889
2015-07-18,question_user_day,7,0,0.0
2015-07-19,answer_user_day,11,4,0.36363636363636365
2015-07-19,comment_only_user_day,21,8,0.38095238095238093
2015-07-19,question_user_day,13,4,0.3076923076923077
2015-07-20,answer_user_day,21,12,0.5714285714285714
2015-07-20,comment_only_user_day,25,5,0.2
2015-07-20,question_user_day,16,2,0.125
2015-07-21,answer_user_day,23,9,0.391304347826087
2015-07-21,comment_only_user_day,29,9,0.3103448275862069
2015-07-21,question_user_day,14,1,0.07142857142857142
2015-07-22,answer_user_day,13,5,0.38461538461538464
2015-07-22,comment_only_user_day,31,6,0.1935483870967742
2015-07-22,question_user_day,12,2,0.16666666666666666
2015-07-23,answer_user_day,19,8,0.42105263157894735
2015-07-23,comment_only_user_day,20,8,0.4
2015-07-23,question_user_day,15,3,0.2
2015-07-24,answer_user_day,27,7,0.25925925925925924
2015-07-24,comment_only_user_day,27,9,0.3333333333333333
2015-07-24,question_user_day,14,3,0.21428571428571427
2015-07-25,answer_user_day,10,5,0.5
2015-07-25,comment_only_user_day,21,6,0.2857142857142857
2015-07-25,question_user_day,12,2,0.16666666666666666
2015-07-26,answer_user_day,12,5,0.4166666666666667
2015-07-26,comment_only_user_day,23,8,0.34782608695652173
2015-07-26,question_user_day,7,1,0.14285714285714285
2015-07-27,answer_user_day,15,6,0.4
2015-07-27,comment_only_user_day,31,12,0.3870967741935484
2015-07-27,question_user_day,13,5,0.38461538461538464
2015-07-28,answer_user_day,12,5,0.4166666666666667
2015-07-28,comment_only_user_day,25,8,0.32
2015-07-28,question_user_day,16,3,0.1875
2015-07-29,answer_user_day,12,4,0.3333333333333333
2015-07-29,comment_only_user_day,21,7,0.3333333333333333
2015-07-29,question_user_day,12,3,0.25
2015-07-30,answer_user_day,19,8,0.42105263157894735
2015-07-30,comment_only_user_day,31,12,0.3870967741935484
2015-07-30,question_user_day,20,5,0.25
2015-07-31,answer_user_day,19,4,0.21052631578947367
2015-07-31,comment_only_user_day,33,7,0.21212121212121213
2015-07-31,question_user_day,12,2,0.16666666666666666
2015-08-01,answer_user_day,13,3,0.23076923076923078
2015-08-01,comment_only_user_day,15,4,0.26666666666666666
2015-08-01,question_user_day,8,2,0.25
2015-08-02,answer_user_day,13,6,0.46153846153846156
2015-08-02,comment_only_user_day,18,3,0.16666666666666666
2015-08-02,question_user_day,13,2,0.15384615384615385
2015-08-03,answer_user_day,14,9,0.6428571428571429
2015-08-03,comment_only_user_day,17,9,0.5294117647058824
2015-08-03,question_user_day,12,2,0.16666666666666666
2015-08-04,answer_user_day,20,7,0.35
2015-08-04,comment_only_user_day,30,6,0.2
2015-08-04,question_user_day,19,5,0.2631578947368421
2015-08-05,answer_user_day,13,7,0.5384615384615384
2015-08-05,comment_only_user_day,21,8,0.38095238095238093
2015-08-05,question_user_day,17,7,0.4117647058823529
2015-08-06,answer_user_day,11,5,0.45454545454545453
2015-08-06,comment_only_user_day,37,10,0.2702702702702703
2015-08-06,question_user_day,8,3,0.375
2015-08-07,answer_user_day,9,5,0.5555555555555556
2015-08-07,comment_only_user_day,19,4,0.21052631578947367
2015-08-07,question_user_day,10,2,0.2
2015-08-08,answer_user_day,13,8,0.6153846153846154
2015-08-08,comment_only_user_day,12,1,0.08333333333333333
2015-08-08,question_user_day,11,3,0.2727272727272727
2015-08-09,answer_user_day,13,7,0.5384615384615384
2015-08-09,comment_only_user_day,13,6,0.46153846153846156
2015-08-09,question_user_day,8,3,0.375
2015-08-10,answer_user_day,20,9,0.45
2015-08-10,comment_only_user_day,31,8,0.25806451612903225
2015-08-10,question_user_day,16,3,0.1875
2015-08-11,answer_user_day,18,5,0.2777777777777778
2015-08-11,comment_only_user_day,29,9,0.3103448275862069
2015-08-11,question_user_day,18,3,0.16666666666666666
2015-08-12,answer_user_day,24,9,0.375
2015-08-12,comment_only_user_day,35,5,0.14285714285714285
2015-08-12,question_user_day,14,7,0.5
2015-08-13,answer_user_day,13,8,0.6153846153846154
2015-08-13,comment_only_user_day,35,7,0.2
2015-08-13,question_user_day,14,4,0.2857142857142857
2015-08-14,answer_user_day,24,4,0.16666666666666666
2015-08-14,comment_only_user_day,32,5,0.15625
2015-08-14,question_user_day,21,2,0.09523809523809523
2015-08-15,answer_user_day,9,5,0.5555555555555556
2015-08-15,comment_only_user_day,16,5,0.3125
2015-08-15,question_user_day,7,0,0.0
2015-08-16,answer_user_day,14,7,0.5
2015-08-16,comment_only_user_day,23,9,0.391304347826087
2015-08-16,question_user_day,10,1,0.1
2015-08-17,answer_user_day,21,12,0.5714285714285714
2015-08-17,comment_only_user_day,33,12,0.36363636363636365
2015-08-17,question_user_day,9,1,0.1111111111111111
2015-08-18,answer_user_day,15,8,0.5333333333333333
2015-08-18,comment_only_user_day,31,12,0.3870967741935484
2015-08-18,question_user_day,15,2,0.13333333333333333
2015-08-19,answer_user_day,23,14,0.6086956521739131
2015-08-19,comment_only_user_day,31,9,0.2903225806451613
2015-08-19,question_user_day,16,4,0.25
2015-08-20,answer_user_day,24,11,0.4583333333333333
2015-08-20,comment_only_user_day,24,5,0.20833333333333334
2015-08-20,question_user_day,17,5,0.29411764705882354
2015-08-21,answer_user_day,17,6,0.35294117647058826
2015-08-21,comment_only_user_day,30,4,0.13333333333333333
2015-08-21,question_user_day,10,3,0.3
2015-08-22,answer_user_day,14,7,0.5
2015-08-22,comment_only_user_day,16,5,0.3125
2015-08-22,question_user_day,14,3,0.21428571428571427
2015-08-23,answer_user_day,19,10,0.5263157894736842
2015-08-23,comment_only_user_day,30,6,0.2
2015-08-23,question_user_day,11,3,0.2727272727272727
2015-08-24,answer_user_day,17,10,0.5882352941176471
2015-08-24,comment_only_user_day,37,8,0.21621621621621623
2015-08-24,question_user_day,17,4,0.23529411764705882
2015-08-25,answer_user_day,22,9,0.4090909090909091
2015-08-25,comment_only_user_day,28,8,0.2857142857142857
2015-08-25,question_user_day,17,2,0.11764705882352941
2015-08-26,answer_user_day,20,11,0.55
2015-08-26,comment_only_user_day,29,6,0.20689655172413793
2015-08-26,question_user_day,15,0,0.0
2015-08-27,answer_user_day,24,11,0.4583333333333333
2015-08-27,comment_only_user_day,29,12,0.41379310344827586
2015-08-27,question_user_day,10,2,0.2
2015-08-28,answer_user_day,24,5,0.20833333333333334
2015-08-28,comment_only_user_day,50,8,0.16
2015-08-28,question_user_day,15,2,0.13333333333333333
2015-08-29,answer_user_day,12,6,0.5
2015-08-29,comment_only_user_day,24,6,0.25
2015-08-29,question_user_day,11,5,0.45454545454545453
2015-08-30,answer_user_day,21,11,0.5238095238095238
2015-08-30,comment_only_user_day,32,7,0.21875
2015-08-30,question_user_day,17,1,0.058823529411764705
2015-08-31,answer_user_day,21,10,0.47619047619047616
2015-08-31,comment_only_user_day,49,15,0.30612244897959184
2015-08-31,question_user_day,16,4,0.25
2015-09-01,answer_user_day,20,9,0.45
2015-09-01,comment_only_user_day,46,15,0.32608695652173914
2015-09-01,question_user_day,10,2,0.2
2015-09-02,answer_user_day,15,8,0.5333333333333333
2015-09-02,comment_only_user_day,39,15,0.38461538461538464
2015-09-02,question_user_day,16,5,0.3125
2015-09-03,answer_user_day,18,7,0.3888888888888889
2015-09-03,comment_only_user_day,51,12,0.23529411764705882
2015-09-03,question_user_day,24,8,0.3333333333333333
2015-09-04,answer_user_day,22,8,0.36363636363636365
2015-09-04,comment_only_user_day,35,8,0.22857142857142856
2015-09-04,question_user_day,14,2,0.14285714285714285
2015-09-05,answer_user_day,18,8,0.4444444444444444
2015-09-05,comment_only_user_day,29,9,0.3103448275862069
2015-09-05,question_user_day,16,8,0.5
2015-09-06,answer_user_day,18,9,0.5
2015-09-06,comment_only_user_day,32,12,0.375
2015-09-06,question_user_day,16,4,0.25
2015-09-07,answer_user_day,16,7,0.4375
2015-09-07,comment_only_user_day,44,18,0.4090909090909091
2015-09-07,question_user_day,9,2,0.2222222222222222
2015-09-08,answer_user_day,25,11,0.44
2015-09-08,comment_only_user_day,42,13,0.30952380952380953
2015-09-08,question_user_day,15,4,0.26666666666666666
2015-09-09,answer_user_day,22,10,0.45454545454545453
2015-09-09,comment_only_user_day,35,11,0.3142857142857143
2015-09-09,question_user_day,19,2,0.10526315789473684
2015-09-10,answer_user_day,15,10,0.6666666666666666
2015-09-10,comment_only_user_day,29,13,0.4482758620689655
2015-09-10,question_user_day,13,4,0.3076923076923077
2015-09-11,answer_user_day,16,6,0.375
2015-09-11,comment_only_user_day,46,7,0.15217391304347827
2015-09-11,question_user_day,13,1,0.07692307692307693
2015-09-12,answer_user_day,14,6,0.42857142857142855
2015-09-12,comment_only_user_day,23,4,0.17391304347826086
2015-09-12,question_user_day,13,3,0.23076923076923078
2015-09-13,answer_user_day,11,7,0.6363636363636364
2015-09-13,comment_only_user_day,24,7,0.2916666666666667
2015-09-13,question_user_day,11,2,0.18181818181818182
2015-09-14,answer_user_day,20,10,0.5
2015-09-14,comment_only_user_day,43,8,0.18604651162790697
2015-09-14,question_user_day,19,4,0.21052631578947367
2015-09-15,answer_user_day,26,8,0.3076923076923077
2015-09-15,comment_only_user_day,32,8,0.25
2015-09-15,question_user_day,9,2,0.2222222222222222
2015-09-16,answer_user_day,20,10,0.5
2015-09-16,comment_only_user_day,22,6,0.2727272727272727
2015-09-16,question_user_day,11,1,0.09090909090909091
2015-09-17,answer_user_day,17,7,0.4117647058823529
2015-09-17,comment_only_user_day,23,8,0.34782608695652173
2015-09-17,question_user_day,10,4,0.4
2015-09-18,answer_user_day,18,5,0.2777777777777778
2015-09-18,comment_only_user_day,39,10,0.2564102564102564
2015-09-18,question_user_day,12,1,0.08333333333333333
2015-09-19,answer_user_day,12,3,0.25
2015-09-19,comment_only_user_day,21,7,0.3333333333333333
2015-09-19,question_user_day,9,0,0.0
2015-09-20,answer_user_day,14,7,0.5
2015-09-20,comment_only_user_day,31,11,0.3548387096774194
2015-09-20,question_user_day,13,2,0.15384615384615385
2015-09-21,answer_user_day,18,13,0.7222222222222222
2015-09-21,comment_only_user_day,35,11,0.3142857142857143
2015-09-21,question_user_day,13,6,0.46153846153846156
2015-09-22,answer_user_day,19,9,0.47368421052631576
2015-09-22,comment_only_user_day,40,15,0.375
2015-09-22,question_user_day,14,4,0.2857142857142857
2015-09-23,answer_user_day,15,6,0.4
2015-09-23,comment_only_user_day,49,7,0.14285714285714285
2015-09-23,question_user_day,14,2,0.14285714285714285
2015-09-24,answer_user_day,15,9,0.6
2015-09-24,comment_only_user_day,27,12,0.4444444444444444
2015-09-24,question_user_day,8,2,0.25
2015-09-25,answer_user_day,12,3,0.25
2015-09-25,comment_only_user_day,39,11,0.28205128205128205
2015-09-25,question_user_day,11,2,0.18181818181818182
2015-09-26,answer_user_day,8,2,0.25
2015-09-26,comment_only_user_day,25,7,0.28
2015-09-26,question_user_day,4,0,0.0
2015-09-27,answer_user_day,13,5,0.38461538461538464
2015-09-27,comment_only_user_day,33,11,0.3333333333333333
2015-09-27,question_user_day,8,3,0.375
2015-09-28,answer_user_day,14,7,0.5
2015-09-28,comment_only_user_day,43,11,0.2558139534883721
2015-09-28,question_user_day,9,2,0.2222222222222222
2015-09-29,answer_user_day,11,6,0.5454545454545454
2015-09-29,comment_only_user_day,27,10,0.37037037037037035
2015-09-29,question_user_day,6,1,0.16666666666666666
2015-09-30,answer_user_day,12,6,0.5
2015-09-30,comment_only_user_day,26,7,0.2692307692307692
2015-09-30,question_user_day,11,3,0.2727272727272727
2015-10-01,answer_user_day,12,5,0.4166666666666667
2015-10-01,comment_only_user_day,12,5,0.4166666666666667
2015-10-01,question_user_day,6,3,0.5
2015-10-02,answer_user_day,19,3,0.15789473684210525
2015-10-02,comment_only_user_day,30,4,0.13333333333333333
2015-10-02,question_user_day,22,0,0.0
2015-10-03,answer_user_day,11,5,0.45454545454545453
2015-10-03,comment_only_user_day,14,6,0.42857142857142855
2015-10-03,question_user_day,9,3,0.3333333333333333
2015-10-04,answer_user_day,10,2,0.2
2015-10-04,comment_only_user_day,25,10,0.4
2015-10-04,question_user_day,13,3,0.23076923076923078
2015-10-05,answer_user_day,11,3,0.2727272727272727
2015-10-05,comment_only_user_day,26,7,0.2692307692307692
2015-10-05,question_user_day,12,2,0.16666666666666666
2015-10-06,answer_user_day,10,4,0.4
2015-10-06,comment_only_user_day,10,2,0.2
2015-10-06,question_user_day,9,1,0.1111111111111111
2015-10-07,answer_user_day,19,6,0.3157894736842105
2015-10-07,comment_only_user_day,20,7,0.35
2015-10-07,question_user_day,11,1,0.09090909090909091
2015-10-08,answer_user_day,19,5,0.2631578947368421
2015-10-08,comment_only_user_day,35,7,0.2
2015-10-08,question_user_day,17,2,0.11764705882352941
2015-10-09,answer_user_day,13,5,0.38461538461538464
2015-10-09,comment_only_user_day,22,6,0.2727272727272727
2015-10-09,question_user_day,8,0,0.0
2015-10-10,answer_user_day,4,1,0.25
2015-10-10,comment_only_user_day,18,7,0.3888888888888889
2015-10-10,question_user_day,4,0,0.0
2015-10-11,answer_user_day,7,4,0.5714285714285714
2015-10-11,comment_only_user_day,10,2,0.2
2015-10-11,question_user_day,9,5,0.5555555555555556
2015-10-12,answer_user_day,14,8,0.5714285714285714
2015-10-12,comment_only_user_day,22,6,0.2727272727272727
2015-10-12,question_user_day,8,1,0.125
2015-10-13,answer_user_day,12,8,0.6666666666666666
2015-10-13,comment_only_user_day,31,10,0.3225806451612903
2015-10-13,question_user_day,10,4,0.4
2015-10-14,answer_user_day,14,6,0.42857142857142855
2015-10-14,comment_only_user_day,43,10,0.23255813953488372
2015-10-14,question_user_day,12,0,0.0
2015-10-15,answer_user_day,18,10,0.5555555555555556
2015-10-15,comment_only_user_day,31,8,0.25806451612903225
2015-10-15,question_user_day,14,2,0.14285714285714285
2015-10-16,answer_user_day,15,4,0.26666666666666666
2015-10-16,comment_only_user_day,28,1,0.03571428571428571
2015-10-16,question_user_day,6,2,0.3333333333333333
2015-10-17,answer_user_day,5,2,0.4
2015-10-17,comment_only_user_day,10,3,0.3
2015-10-17,question_user_day,4,1,0.25
2015-10-18,answer_user_day,9,3,0.3333333333333333
2015-10-18,comment_only_user_day,17,4,0.23529411764705882
2015-10-18,question_user_day,11,5,0.45454545454545453
2015-10-19,answer_user_day,14,6,0.42857142857142855
2015-10-19,comment_only_user_day,30,8,0.26666666666666666
2015-10-19,question_user_day,17,6,0.35294117647058826
2015-10-20,answer_user_day,23,8,0.34782608695652173
2015-10-20,comment_only_user_day,23,5,0.21739130434782608
2015-10-20,question_user_day,11,2,0.18181818181818182
2015-10-21,answer_user_day,13,6,0.46153846153846156
2015-10-21,comment_only_user_day,27,9,0.3333333333333333
2015-10-21,question_user_day,11,4,0.36363636363636365
2015-10-22,answer_user_day,21,7,0.3333333333333333
2015-10-22,comment_only_user_day,36,12,0.3333333333333333
2015-10-22,question_user_day,10,4,0.4
2015-10-23,answer_user_day,17,5,0.29411764705882354
2015-10-23,comment_only_user_day,34,6,0.17647058823529413
2015-10-23,question_user_day,14,2,0.14285714285714285
2015-10-24,answer_user_day,11,2,0.18181818181818182
2015-10-24,comment_only_user_day,22,5,0.22727272727272727
2015-10-24,question_user_day,12,3,0.25
2015-10-25,answer_user_day,8,2,0.25
2015-10-25,comment_only_user_day,22,4,0.18181818181818182
2015-10-25,question_user_day,9,0,0.0
2015-10-26,answer_user_day,11,4,0.36363636363636365
2015-10-26,comment_only_user_day,16,7,0.4375
2015-10-26,question_user_day,8,2,0.25
2015-10-27,answer_user_day,13,6,0.46153846153846156
2015-10-27,comment_only_user_day,26,5,0.19230769230769232
2015-10-27,question_user_day,12,5,0.4166666666666667
2015-10-28,answer_user_day,12,6,0.5
2015-10-28,comment_only_user_day,21,4,0.19047619047619047
2015-10-28,question_user_day,9,5,0.5555555555555556
2015-10-29,answer_user_day,15,8,0.5333333333333333
2015-10-29,comment_only_user_day,15,4,0.26666666666666666
2015-10-29,question_user_day,13,4,0.3076923076923077
2015-10-30,answer_user_day,11,3,0.2727272727272727
2015-10-30,comment_only_user_day,37,6,0.16216216216216217
2015-10-30,question_user_day,15,2,0.13333333333333333
2015-10-31,answer_user_day,11,7,0.6363636363636364
2015-10-31,comment_only_user_day,14,1,0.07142857142857142
2015-10-31,question_user_day,7,1,0.14285714285714285
2015-11-01,answer_user_day,5,1,0.2
2015-11-01,comment_only_user_day,16,10,0.625
2015-11-01,question_user_day,4,3,0.75
2015-11-02,answer_user_day,18,7,0.3888888888888889
2015-11-02,comment_only_user_day,31,8,0.25806451612903225
2015-11-02,question_user_day,14,4,0.2857142857142857
2015-11-03,answer_user_day,19,5,0.2631578947368421
2015-11-03,comment_only_user_day,35,8,0.22857142857142856
2015-11-03,question_user_day,10,0,0.0
2015-11-04,answer_user_day,21,10,0.47619047619047616
2015-11-04,comment_only_user_day,24,7,0.2916666666666667
2015-11-04,question_user_day,16,3,0.1875
2015-11-05,answer_user_day,24,6,0.25
2015-11-05,comment_only_user_day,35,3,0.08571428571428572
2015-11-05,question_user_day,11,1,0.09090909090909091
2015-11-06,answer_user_day,11,2,0.18181818181818182
2015-11-06,comment_only_user_day,21,3,0.14285714285714285
2015-11-06,question_user_day,7,2,0.2857142857142857
2015-11-07,answer_user_day,8,4,0.5
2015-11-07,comment_only_user_day,18,5,0.2777777777777778
2015-11-07,question_user_day,10,3,0.3
2015-11-08,answer_user_day,15,8,0.5333333333333333
2015-11-08,comment_only_user_day,19,5,0.2631578947368421
2015-11-08,question_user_day,7,1,0.14285714285714285
2015-11-09,answer_user_day,15,5,0.3333333333333333
2015-11-09,comment_only_user_day,27,8,0.2962962962962963
2015-11-09,question_user_day,15,1,0.06666666666666667
2015-11-10,answer_user_day,13,7,0.5384615384615384
2015-11-10,comment_only_user_day,30,9,0.3
2015-11-10,question_user_day,18,3,0.16666666666666666
2015-11-11,answer_user_day,17,10,0.5882352941176471
2015-11-11,comment_only_user_day,28,13,0.4642857142857143
2015-11-11,question_user_day,12,6,0.5
2015-11-12,answer_user_day,21,10,0.47619047619047616
2015-11-12,comment_only_user_day,53,9,0.16981132075471697
2015-11-12,question_user_day,11,4,0.36363636363636365
2015-11-13,answer_user_day,13,8,0.6153846153846154
2015-11-13,comment_only_user_day,36,6,0.16666666666666666
2015-11-13,question_user_day,12,1,0.08333333333333333
2015-11-14,answer_user_day,13,3,0.23076923076923078
2015-11-14,comment_only_user_day,21,14,0.6666666666666666
2015-11-14,question_user_day,8,1,0.125
2015-11-15,answer_user_day,16,10,0.625
2015-11-15,comment_only_user_day,24,9,0.375
2015-11-15,question_user_day,13,2,0.15384615384615385
2015-11-16,answer_user_day,32,7,0.21875
2015-11-16,comment_only_user_day,48,8,0.16666666666666666
2015-11-16,question_user_day,13,3,0.23076923076923078
2015-11-17,answer_user_day,18,8,0.4444444444444444
2015-11-17,comment_only_user_day,33,5,0.15151515151515152
2015-11-17,question_user_day,12,3,0.25
2015-11-18,answer_user_day,14,8,0.5714285714285714
2015-11-18,comment_only_user_day,27,9,0.3333333333333333
2015-11-18,question_user_day,15,0,0.0
2015-11-19,answer_user_day,14,7,0.5
2015-11-19,comment_only_user_day,31,8,0.25806451612903225
2015-11-19,question_user_day,19,3,0.15789473684210525
2015-11-20,answer_user_day,12,2,0.16666666666666666
2015-11-20,comment_only_user_day,32,6,0.1875
2015-11-20,question_user_day,9,2,0.2222222222222222
2015-11-21,answer_user_day,10,4,0.4
2015-11-21,comment_only_user_day,15,4,0.26666666666666666
2015-11-21,question_user_day,9,3,0.3333333333333333
2015-11-22,answer_user_day,16,4,0.25
2015-11-22,comment_only_user_day,27,8,0.2962962962962963
2015-11-22,question_user_day,18,3,0.16666666666666666
2015-11-23,answer_user_day,14,5,0.35714285714285715
2015-11-23,comment_only_user_day,50,10,0.2
2015-11-23,question_user_day,6,0,0.0
2015-11-24,answer_user_day,19,4,0.21052631578947367
2015-11-24,comment_only_user_day,45,10,0.2222222222222222
2015-11-24,question_user_day,14,3,0.21428571428571427
2015-11-25,answer_user_day,11,4,0.36363636363636365
2015-11-25,comment_only_user_day,31,7,0.22580645161290322
2015-11-25,question_user_day,5,1,0.2
2015-11-26,answer_user_day,11,5,0.45454545454545453
2015-11-26,comment_only_user_day,30,10,0.3333333333333333
2015-11-26,question_user_day,7,2,0.2857142857142857
2015-11-27,answer_user_day,12,2,0.16666666666666666
2015-11-27,comment_only_user_day,36,5,0.1388888888888889
2015-11-27,question_user_day,9,3,0.3333333333333333
2015-11-28,answer_user_day,10,2,0.2
2015-11-28,comment_only_user_day,22,3,0.13636363636363635
2015-11-28,question_user_day,3,1,0.3333333333333333
2015-11-29,answer_user_day,10,3,0.3
2015-11-29,comment_only_user_day,17,6,0.35294117647058826
2015-11-29,question_user_day,9,1,0.1111111111111111
2015-11-30,answer_user_day,13,4,0.3076923076923077
2015-11-30,comment_only_user_day,29,9,0.3103448275862069
2015-11-30,question_user_day,7,3,0.42857142857142855
2015-12-01,answer_user_day,12,7,0.5833333333333334
2015-12-01,comment_only_user_day,28,13,0.4642857142857143
2015-12-01,question_user_day,6,0,0.0
2015-12-02,answer_user_day,16,6,0.375
2015-12-02,comment_only_user_day,30,9,0.3
2015-12-02,question_user_day,16,1,0.0625
2015-12-03,answer_user_day,11,4,0.36363636363636365
2015-12-03,comment_only_user_day,19,8,0.42105263157894735
2015-12-03,question_user_day,8,1,0.125
2015-12-04,answer_user_day,10,4,0.4
2015-12-04,comment_only_user_day,19,4,0.21052631578947367
2015-12-04,question_user_day,9,2,0.2222222222222222
2015-12-05,answer_user_day,8,5,0.625
2015-12-05,comment_only_user_day,13,4,0.3076923076923077
2015-12-05,question_user_day,12,3,0.25
2015-12-06,answer_user_day,12,4,0.3333333333333333
2015-12-06,comment_only_user_day,18,3,0.16666666666666666
2015-12-06,question_user_day,7,2,0.2857142857142857
2015-12-07,answer_user_day,11,4,0.36363636363636365
2015-12-07,comment_only_user_day,26,2,0.07692307692307693
2015-12-07,question_user_day,4,1,0.25
2015-12-08,answer_user_day,14,8,0.5714285714285714
2015-12-08,comment_only_user_day,16,5,0.3125
2015-12-08,question_user_day,12,2,0.16666666666666666
2015-12-09,answer_user_day,18,9,0.5
2015-12-09,comment_only_user_day,23,12,0.5217391304347826
2015-12-09,question_user_day,10,2,0.2
2015-12-10,answer_user_day,20,8,0.4
2015-12-10,comment_only_user_day,27,10,0.37037037037037035
2015-12-10,question_user_day,8,3,0.375
2015-12-11,answer_user_day,14,4,0.2857142857142857
2015-12-11,comment_only_user_day,33,7,0.21212121212121213
2015-12-11,question_user_day,11,1,0.09090909090909091
2015-12-12,answer_user_day,9,3,0.3333333333333333
2015-12-12,comment_only_user_day,20,6,0.3
2015-12-12,question_user_day,8,2,0.25
2015-12-13,answer_user_day,9,3,0.3333333333333333
2015-12-13,comment_only_user_day,15,4,0.26666666666666666
2015-12-13,question_user_day,5,1,0.2
2015-12-14,answer_user_day,17,7,0.4117647058823529
2015-12-14,comment_only_user_day,40,10,0.25
2015-12-14,question_user_day,14,3,0.21428571428571427
2015-12-15,answer_user_day,15,8,0.5333333333333333
2015-12-15,comment_only_user_day,38,16,0.42105263157894735
2015-12-15,question_user_day,16,3,0.1875
2015-12-16,answer_user_day,22,9,0.4090909090909091
2015-12-16,comment_only_user_day,46,16,0.34782608695652173
2015-12-16,question_user_day,14,5,0.35714285714285715
2015-12-17,answer_user_day,27,11,0.4074074074074074
2015-12-17,comment_only_user_day,38,8,0.21052631578947367
2015-12-17,question_user_day,13,3,0.23076923076923078
2015-12-18,answer_user_day,12,6,0.5
2015-12-18,comment_only_user_day,40,8,0.2
2015-12-18,question_user_day,13,3,0.23076923076923078
2015-12-19,answer_user_day,14,12,0.8571428571428571
2015-12-19,comment_only_user_day,22,9,0.4090909090909091
2015-12-19,question_user_day,14,5,0.35714285714285715
2015-12-20,answer_user_day,11,6,0.5454545454545454
2015-12-20,comment_only_user_day,32,8,0.25
2015-12-20,question_user_day,11,1,0.09090909090909091
2015-12-21,answer_user_day,20,12,0.6
2015-12-21,comment_only_user_day,25,9,0.36
2015-12-21,question_user_day,14,3,0.21428571428571427
2015-12-22,answer_user_day,22,12,0.5454545454545454
2015-12-22,comment_only_user_day,33,11,0.3333333333333333
2015-12-22,question_user_day,9,3,0.3333333333333333
2015-12-23,answer_user_day,17,10,0.5882352941176471
2015-12-23,comment_only_user_day,45,12,0.26666666666666666
2015-12-23,question_user_day,13,4,0.3076923076923077
2015-12-24,answer_user_day,14,5,0.35714285714285715
2015-12-24,comment_only_user_day,34,10,0.29411764705882354
2015-12-24,question_user_day,10,2,0.2
2015-12-25,answer_user_day,18,4,0.2222222222222222
2015-12-25,comment_only_user_day,22,5,0.22727272727272727
2015-12-25,question_user_day,12,4,0.3333333333333333
2015-12-26,answer_user_day,9,2,0.2222222222222222
2015-12-26,comment_only_user_day,23,9,0.391304347826087
2015-12-26,question_user_day,5,1,0.2
2015-12-27,answer_user_day,10,3,0.3
2015-12-27,comment_only_user_day,23,11,0.4782608695652174
2015-12-27,question_user_day,8,2,0.25
2015-12-28,answer_user_day,17,10,0.5882352941176471
2015-12-28,comment_only_user_day,28,9,0.32142857142857145
2015-12-28,question_user_day,18,8,0.4444444444444444
2015-12-29,answer_user_day,21,11,0.5238095238095238
2015-12-29,comment_only_user_day,37,8,0.21621621621621623
2015-12-29,question_user_day,13,7,0.5384615384615384
2015-12-30,answer_user_day,16,6,0.375
2015-12-30,comment_only_user_day,36,13,0.3611111111111111
2015-12-30,question_user_day,11,2,0.18181818181818182
2015-12-31,answer_user_day,16,4,0.25
2015-12-31,comment_only_user_day,45,9,0.2
2015-12-31,question_user_day,9,1,0.1111111111111111
2016-01-01,answer_user_day,8,2,0.25
2016-01-01,comment_only_user_day,19,4,0.21052631578947367
2016-01-01,question_user_day,11,1,0.09090909090909091
2016-01-02,answer_user_day,13,4,0.3076923076923077
2016-01-02,comment_only_user_day,23,8,0.34782608695652173
2016-01-02,question_user_day,12,2,0.16666666666666666
2016-01-03,answer_user_day,16,7,0.4375
2016-01-03,comment_only_user_day,31,8,0.25806451612903225
2016-01-03,question_user_day,11,4,0.36363636363636365
2016-01-04,answer_user_day,27,14,0.5185185185185185
2016-01-04,comment_only_user_day,36,16,0.4444444444444444
2016-01-04,question_user_day,16,4,0.25
2016-01-05,answer_user_day,20,7,0.35
2016-01-05,comment_only_user_day,53,16,0.3018867924528302
2016-01-05,question_user_day,9,1,0.1111111111111111
2016-01-06,answer_user_day,11,4,0.36363636363636365
2016-01-06,comment_only_user_day,31,7,0.22580645161290322
2016-01-06,question_user_day,11,1,0.09090909090909091
2016-01-07,answer_user_day,24,5,0.20833333333333334
2016-01-07,comment_only_user_day,27,10,0.37037037037037035
2016-01-07,question_user_day,15,4,0.26666666666666666
2016-01-08,answer_user_day,17,6,0.35294117647058826
2016-01-08,comment_only_user_day,34,8,0.23529411764705882
2016-01-08,question_user_day,5,0,0.0
2016-01-09,answer_user_day,14,11,0.7857142857142857
2016-01-09,comment_only_user_day,24,6,0.25
2016-01-09,question_user_day,16,6,0.375
2016-01-10,answer_user_day,18,11,0.6111111111111112
2016-01-10,comment_only_user_day,21,7,0.3333333333333333
2016-01-10,question_user_day,9,5,0.5555555555555556
2016-01-11,answer_user_day,18,9,0.5
2016-01-11,comment_only_user_day,33,9,0.2727272727272727
2016-01-11,question_user_day,18,1,0.05555555555555555
2016-01-12,answer_user_day,14,8,0.5714285714285714
2016-01-12,comment_only_user_day,25,6,0.24
2016-01-12,question_user_day,12,2,0.16666666666666666
2016-01-13,answer_user_day,17,4,0.23529411764705882
2016-01-13,comment_only_user_day,30,10,0.3333333333333333
2016-01-13,question_user_day,12,4,0.3333333333333333
2016-01-14,answer_user_day,18,11,0.6111111111111112
2016-01-14,comment_only_user_day,27,6,0.2222222222222222
2016-01-14,question_user_day,14,1,0.07142857142857142
2016-01-15,answer_user_day,10,4,0.4
2016-01-15,comment_only_user_day,36,5,0.1388888888888889
2016-01-15,question_user_day,13,6,0.46153846153846156
2016-01-16,answer_user_day,3,1,0.3333333333333333
2016-01-16,comment_only_user_day,21,4,0.19047619047619047
2016-01-16,question_user_day,7,2,0.2857142857142857
2016-01-17,answer_user_day,12,6,0.5
2016-01-17,comment_only_user_day,16,5,0.3125
2016-01-17,question_user_day,13,1,0.07692307692307693
2016-01-18,answer_user_day,14,7,0.5
2016-01-18,comment_only_user_day,41,8,0.1951219512195122
2016-01-18,question_user_day,12,4,0.3333333333333333
2016-01-19,answer_user_day,16,10,0.625
2016-01-19,comment_only_user_day,32,12,0.375
2016-01-19,question_user_day,13,0,0.0
2016-01-20,answer_user_day,18,8,0.4444444444444444
2016-01-20,comment_only_user_day,40,12,0.3
2016-01-20,question_user_day,11,5,0.45454545454545453
2016-01-21,answer_user_day,17,9,0.5294117647058824
2016-01-21,comment_only_user_day,41,12,0.2926829268292683
2016-01-21,question_user_day,6,1,0.16666666666666666
2016-01-22,answer_user_day,13,3,0.23076923076923078
2016-01-22,comment_only_user_day,38,9,0.23684210526315788
2016-01-22,question_user_day,5,1,0.2
2016-01-23,answer_user_day,9,2,0.2222222222222222
2016-01-23,comment_only_user_day,23,7,0.30434782608695654
2016-01-23,question_user_day,12,2,0.16666666666666666
2016-01-24,answer_user_day,9,4,0.4444444444444444
2016-01-24,comment_only_user_day,17,8,0.47058823529411764
2016-01-24,question_user_day,10,1,0.1
2016-01-25,answer_user_day,26,13,0.5
2016-01-25,comment_only_user_day,28,10,0.35714285714285715
2016-01-25,question_user_day,16,3,0.1875
2016-01-26,answer_user_day,19,7,0.3684210526315789
2016-01-26,comment_only_user_day,37,16,0.43243243243243246
2016-01-26,question_user_day,17,6,0.35294117647058826
2016-01-27,answer_user_day,33,18,0.5454545454545454
2016-01-27,comment_only_user_day,45,12,0.26666666666666666
2016-01-27,question_user_day,17,6,0.35294117647058826
2016-01-28,answer_user_day,29,12,0.41379310344827586
2016-01-28,comment_only_user_day,50,7,0.14
2016-01-28,question_user_day,16,3,0.1875
2016-01-29,answer_user_day,20,8,0.4
2016-01-29,comment_only_user_day,39,7,0.1794871794871795
2016-01-29,question_user_day,11,2,0.18181818181818182
2016-01-30,answer_user_day,11,4,0.36363636363636365
2016-01-30,comment_only_user_day,25,6,0.24
2016-01-30,question_user_day,7,0,0.0
2016-01-31,answer_user_day,8,3,0.375
2016-01-31,comment_only_user_day,19,12,0.631578947368421
2016-01-31,question_user_day,9,3,0.3333333333333333
2016-02-01,answer_user_day,15,6,0.4
2016-02-01,comment_only_user_day,31,15,0.4838709677419355
2016-02-01,question_user_day,14,3,0.21428571428571427
2016-02-02,answer_user_day,20,8,0.4
2016-02-02,comment_only_user_day,35,14,0.4
2016-02-02,question_user_day,8,1,0.125
2016-02-03,answer_user_day,31,18,0.5806451612903226
2016-02-03,comment_only_user_day,27,6,0.2222222222222222
2016-02-03,question_user_day,14,3,0.21428571428571427
2016-02-04,answer_user_day,21,8,0.38095238095238093
2016-02-04,comment_only_user_day,32,9,0.28125
2016-02-04,question_user_day,9,0,0.0
2016-02-05,answer_user_day,11,3,0.2727272727272727
2016-02-05,comment_only_user_day,34,8,0.23529411764705882
2016-02-05,question_user_day,8,3,0.375
2016-02-06,answer_user_day,15,6,0.4
2016-02-06,comment_only_user_day,22,7,0.3181818181818182
2016-02-06,question_user_day,15,2,0.13333333333333333
2016-02-07,answer_user_day,11,7,0.6363636363636364
2016-02-07,comment_only_user_day,19,5,0.2631578947368421
2016-02-07,question_user_day,9,1,0.1111111111111111
2016-02-08,answer_user_day,14,6,0.42857142857142855
2016-02-08,comment_only_user_day,23,12,0.5217391304347826
2016-02-08,question_user_day,16,4,0.25
2016-02-09,answer_user_day,20,7,0.35
2016-02-09,comment_only_user_day,48,13,0.2708333333333333
2016-02-09,question_user_day,16,3,0.1875
2016-02-10,answer_user_day,21,9,0.42857142857142855
2016-02-10,comment_only_user_day,29,11,0.3793103448275862
2016-02-10,question_user_day,13,4,0.3076923076923077
2016-02-11,answer_user_day,13,6,0.46153846153846156
2016-02-11,comment_only_user_day,36,15,0.4166666666666667
2016-02-11,question_user_day,10,4,0.4
2016-02-12,answer_user_day,13,7,0.5384615384615384
2016-02-12,comment_only_user_day,31,5,0.16129032258064516
2016-02-12,question_user_day,11,5,0.45454545454545453
2016-02-13,answer_user_day,7,4,0.5714285714285714
2016-02-13,comment_only_user_day,22,5,0.22727272727272727
2016-02-13,question_user_day,10,2,0.2
2016-02-14,answer_user_day,9,3,0.3333333333333333
2016-02-14,comment_only_user_day,25,9,0.36
2016-02-14,question_user_day,8,3,0.375
2016-02-15,answer_user_day,19,9,0.47368421052631576
2016-02-15,comment_only_user_day,28,14,0.5
2016-02-15,question_user_day,11,1,0.09090909090909091
2016-02-16,answer_user_day,23,8,0.34782608695652173
2016-02-16,comment_only_user_day,37,16,0.43243243243243246
2016-02-16,question_user_day,13,1,0.07692307692307693
2016-02-17,answer_user_day,36,10,0.2777777777777778
2016-02-17,comment_only_user_day,43,5,0.11627906976744186
2016-02-17,question_user_day,15,1,0.06666666666666667
2016-02-18,answer_user_day,17,6,0.35294117647058826
2016-02-18,comment_only_user_day,39,7,0.1794871794871795
2016-02-18,question_user_day,10,1,0.1
2016-02-19,answer_user_day,12,2,0.16666666666666666
2016-02-19,comment_only_user_day,27,4,0.14814814814814814
2016-02-19,question_user_day,6,0,0.0
2016-02-20,answer_user_day,11,4,0.36363636363636365
2016-02-20,comment_only_user_day,17,4,0.23529411764705882
2016-02-20,question_user_day,6,3,0.5
2016-02-21,answer_user_day,9,2,0.2222222222222222
2016-02-21,comment_only_user_day,19,7,0.3684210526315789
2016-02-21,question_user_day,13,3,0.23076923076923078
2016-02-22,answer_user_day,23,10,0.43478260869565216
2016-02-22,comment_only_user_day,29,12,0.41379310344827586
2016-02-22,question_user_day,12,6,0.5
2016-02-23,answer_user_day,24,9,0.375
2016-02-23,comment_only_user_day,40,9,0.225
2016-02-23,question_user_day,16,3,0.1875
2016-02-24,answer_user_day,17,7,0.4117647058823529
2016-02-24,comment_only_user_day,36,8,0.2222222222222222
2016-02-24,question_user_day,13,2,0.15384615384615385
2016-02-25,answer_user_day,14,1,0.07142857142857142
2016-02-25,comment_only_user_day,37,12,0.32432432432432434
2016-02-25,question_user_day,11,2,0.18181818181818182
2016-02-26,answer_user_day,15,3,0.2
2016-02-26,comment_only_user_day,26,7,0.2692307692307692
2016-02-26,question_user_day,7,2,0.2857142857142857
2016-02-27,answer_user_day,18,7,0.3888888888888889
2016-02-27,comment_only_user_day,30,6,0.2
2016-02-27,question_user_day,13,2,0.15384615384615385
2016-02-28,answer_user_day,10,3,0.3
2016-02-28,comment_only_user_day,24,10,0.4166666666666667
2016-02-28,question_user_day,7,3,0.42857142857142855
2016-02-29,answer_user_day,19,5,0.2631578947368421
2016-02-29,comment_only_user_day,25,9,0.36
2016-02-29,question_user_day,14,1,0.07142857142857142
2016-03-01,answer_user_day,22,15,0.6818181818181818
2016-03-01,comment_only_user_day,21,10,0.47619047619047616
2016-03-01,question_user_day,14,2,0.14285714285714285
2016-03-02,answer_user_day,28,13,0.4642857142857143
2016-03-02,comment_only_user_day,46,15,0.32608695652173914
2016-03-02,question_user_day,14,8,0.5714285714285714
2016-03-03,answer_user_day,26,8,0.3076923076923077
2016-03-03,comment_only_user_day,42,16,0.38095238095238093
2016-03-03,question_user_day,17,1,0.058823529411764705
2016-03-04,answer_user_day,21,5,0.23809523809523808
2016-03-04,comment_only_user_day,36,8,0.2222222222222222
2016-03-04,question_user_day,14,2,0.14285714285714285
2016-03-05,answer_user_day,11,3,0.2727272727272727
2016-03-05,comment_only_user_day,22,4,0.18181818181818182
2016-03-05,question_user_day,11,2,0.18181818181818182
2016-03-06,answer_user_day,18,8,0.4444444444444444
2016-03-06,comment_only_user_day,25,10,0.4
2016-03-06,question_user_day,13,2,0.15384615384615385
2016-03-07,answer_user_day,26,13,0.5
2016-03-07,comment_only_user_day,49,10,0.20408163265306123
2016-03-07,question_user_day,13,2,0.15384615384615385
2016-03-08,answer_user_day,22,10,0.45454545454545453
2016-03-08,comment_only_user_day,30,6,0.2
2016-03-08,question_user_day,16,3,0.1875
2016-03-09,answer_user_day,21,8,0.38095238095238093
2016-03-09,comment_only_user_day,32,11,0.34375
2016-03-09,question_user_day,7,2,0.2857142857142857
2016-03-10,answer_user_day,17,9,0.5294117647058824
2016-03-10,comment_only_user_day,26,10,0.38461538461538464
2016-03-10,question_user_day,13,5,0.38461538461538464
2016-03-11,answer_user_day,23,7,0.30434782608695654
2016-03-11,comment_only_user_day,30,4,0.13333333333333333
2016-03-11,question_user_day,13,1,0.07692307692307693
2016-03-12,answer_user_day,11,4,0.36363636363636365
2016-03-12,comment_only_user_day,14,5,0.35714285714285715
2016-03-12,question_user_day,11,4,0.36363636363636365
2016-03-13,answer_user_day,10,2,0.2
2016-03-13,comment_only_user_day,26,11,0.4230769230769231
2016-03-13,question_user_day,8,3,0.375
2016-03-14,answer_user_day,17,8,0.47058823529411764
2016-03-14,comment_only_user_day,18,5,0.2777777777777778
2016-03-14,question_user_day,15,2,0.13333333333333333
2016-03-15,answer_user_day,16,6,0.375
2016-03-15,comment_only_user_day,26,6,0.23076923076923078
2016-03-15,question_user_day,10,1,0.1
2016-03-16,answer_user_day,8,2,0.25
2016-03-16,comment_only_user_day,18,7,0.3888888888888889
2016-03-16,question_user_day,11,1,0.09090909090909091
2016-03-17,answer_user_day,10,5,0.5
2016-03-17,comment_only_user_day,22,9,0.4090909090909091
2016-03-17,question_user_day,11,2,0.18181818181818182
2016-03-18,answer_user_day,11,6,0.5454545454545454
2016-03-18,comment_only_user_day,26,8,0.3076923076923077
2016-03-18,question_user_day,11,0,0.0
2016-03-19,answer_user_day,5,1,0.2
2016-03-19,comment_only_user_day,19,9,0.47368421052631576
2016-03-19,question_user_day,9,1,0.1111111111111111
2016-03-20,answer_user_day,18,7,0.3888888888888889
2016-03-20,comment_only_user_day,27,11,0.4074074074074074
2016-03-20,question_user_day,14,4,0.2857142857142857
2016-03-21,answer_user_day,20,9,0.45
2016-03-21,comment_only_user_day,37,13,0.35135135135135137
2016-03-21,question_user_day,14,5,0.35714285714285715
2016-03-22,answer_user_day,12,6,0.5
2016-03-22,comment_only_user_day,39,17,0.4358974358974359
2016-03-22,question_user_day,10,2,0.2
2016-03-23,answer_user_day,19,8,0.42105263157894735
2016-03-23,comment_only_user_day,43,12,0.27906976744186046
2016-03-23,question_user_day,8,4,0.5
2016-03-24,answer_user_day,20,6,0.3
2016-03-24,comment_only_user_day,38,8,0.21052631578947367
2016-03-24,question_user_day,14,5,0.35714285714285715
2016-03-25,answer_user_day,11,6,0.5454545454545454
2016-03-25,comment_only_user_day,25,4,0.16
2016-03-25,question_user_day,9,0,0.0
2016-03-26,answer_user_day,10,3,0.3
2016-03-26,comment_only_user_day,17,9,0.5294117647058824
2016-03-26,question_user_day,4,0,0.0
2016-03-27,answer_user_day,20,10,0.5
2016-03-27,comment_only_user_day,30,5,0.16666666666666666
2016-03-27,question_user_day,16,0,0.0
2016-03-28,answer_user_day,12,4,0.3333333333333333
2016-03-28,comment_only_user_day,25,5,0.2
2016-03-28,question_user_day,7,2,0.2857142857142857
2016-03-29,answer_user_day,18,7,0.3888888888888889
2016-03-29,comment_only_user_day,29,8,0.27586206896551724
2016-03-29,question_user_day,9,2,0.2222222222222222
2016-03-30,answer_user_day,13,6,0.46153846153846156
2016-03-30,comment_only_user_day,35,9,0.2571428571428571
2016-03-30,question_user_day,10,1,0.1
2016-03-31,answer_user_day,20,7,0.35
2016-03-31,comment_only_user_day,35,7,0.2
2016-03-31,question_user_day,12,2,0.16666666666666666
2016-04-01,answer_user_day,8,4,0.5
2016-04-01,comment_only_user_day,22,6,0.2727272727272727
2016-04-01,question_user_day,10,1,0.1
2016-04-02,answer_user_day,9,5,0.5555555555555556
2016-04-02,comment_only_user_day,21,6,0.2857142857142857
2016-04-02,question_user_day,9,1,0.1111111111111111
2016-04-03,answer_user_day,12,6,0.5
2016-04-03,comment_only_user_day,17,10,0.5882352941176471
2016-04-03,question_user_day,10,4,0.4
2016-04-04,answer_user_day,22,10,0.45454545454545453
2016-04-04,comment_only_user_day,29,7,0.2413793103448276
2016-04-04,question_user_day,13,1,0.07692307692307693
2016-04-05,answer_user_day,19,11,0.5789473684210527
2016-04-05,comment_only_user_day,27,6,0.2222222222222222
2016-04-05,question_user_day,15,2,0.13333333333333333
2016-04-06,answer_user_day,16,8,0.5
2016-04-06,comment_only_user_day,24,11,0.4583333333333333
2016-04-06,question_user_day,14,3,0.21428571428571427
2016-04-07,answer_user_day,18,10,0.5555555555555556
2016-04-07,comment_only_user_day,31,14,0.45161290322580644
2016-04-07,question_user_day,15,5,0.3333333333333333
2016-04-08,answer_user_day,14,7,0.5
2016-04-08,comment_only_user_day,37,8,0.21621621621621623
2016-04-08,question_user_day,15,4,0.26666666666666666
2016-04-09,answer_user_day,14,6,0.42857142857142855
2016-04-09,comment_only_user_day,29,7,0.2413793103448276
2016-04-09,question_user_day,9,2,0.2222222222222222
2016-04-10,answer_user_day,11,8,0.7272727272727273
2016-04-10,comment_only_user_day,18,7,0.3888888888888889
2016-04-10,question_user_day,15,5,0.3333333333333333
2016-04-11,answer_user_day,27,11,0.4074074074074074
2016-04-11,comment_only_user_day,41,11,0.2682926829268293
2016-04-11,question_user_day,15,1,0.06666666666666667
2016-04-12,answer_user_day,12,7,0.5833333333333334
2016-04-12,comment_only_user_day,33,13,0.3939393939393939
2016-04-12,question_user_day,10,3,0.3
2016-04-13,answer_user_day,21,10,0.47619047619047616
2016-04-13,comment_only_user_day,33,9,0.2727272727272727
2016-04-13,question_user_day,19,3,0.15789473684210525
2016-04-14,answer_user_day,22,10,0.45454545454545453
2016-04-14,comment_only_user_day,40,11,0.275
2016-04-14,question_user_day,9,0,0.0
2016-04-15,answer_user_day,15,5,0.3333333333333333
2016-04-15,comment_only_user_day,28,8,0.2857142857142857
2016-04-15,question_user_day,11,2,0.18181818181818182
2016-04-16,answer_user_day,21,12,0.5714285714285714
2016-04-16,comment_only_user_day,19,8,0.42105263157894735
2016-04-16,question_user_day,17,3,0.17647058823529413
2016-04-17,answer_user_day,16,6,0.375
2016-04-17,comment_only_user_day,34,15,0.4411764705882353
2016-04-17,question_user_day,11,2,0.18181818181818182
2016-04-18,answer_user_day,16,8,0.5
2016-04-18,comment_only_user_day,40,11,0.275
2016-04-18,question_user_day,16,3,0.1875
2016-04-19,answer_user_day,20,11,0.55
2016-04-19,comment_only_user_day,41,13,0.3170731707317073
2016-04-19,question_user_day,18,3,0.16666666666666666
2016-04-20,answer_user_day,17,11,0.6470588235294118
2016-04-20,comment_only_user_day,40,8,0.2
2016-04-20,question_user_day,21,4,0.19047619047619047
2016-04-21,answer_user_day,15,6,0.4
2016-04-21,comment_only_user_day,37,15,0.40540540540540543
2016-04-21,question_user_day,12,4,0.3333333333333333
2016-04-22,answer_user_day,27,6,0.2222222222222222
2016-04-22,comment_only_user_day,46,7,0.15217391304347827
2016-04-22,question_user_day,14,4,0.2857142857142857
2016-04-23,answer_user_day,23,9,0.391304347826087
2016-04-23,comment_only_user_day,25,4,0.16
2016-04-23,question_user_day,15,3,0.2
2016-04-24,answer_user_day,20,9,0.45
2016-04-24,comment_only_user_day,30,8,0.26666666666666666
2016-04-24,question_user_day,15,4,0.26666666666666666
2016-04-25,answer_user_day,20,11,0.55
2016-04-25,comment_only_user_day,48,21,0.4375
2016-04-25,question_user_day,15,4,0.26666666666666666
2016-04-26,answer_user_day,34,14,0.4117647058823529
2016-04-26,comment_only_user_day,36,11,0.3055555555555556
2016-04-26,question_user_day,18,2,0.1111111111111111
2016-04-27,answer_user_day,21,11,0.5238095238095238
2016-04-27,comment_only_user_day,36,9,0.25
2016-04-27,question_user_day,19,3,0.15789473684210525
2016-04-28,answer_user_day,12,2,0.16666666666666666
2016-04-28,comment_only_user_day,50,20,0.4
2016-04-28,question_user_day,11,2,0.18181818181818182
2016-04-29,answer_user_day,15,5,0.3333333333333333
2016-04-29,comment_only_user_day,44,9,0.20454545454545456
2016-04-29,question_user_day,16,1,0.0625
2016-04-30,answer_user_day,10,5,0.5
2016-04-30,comment_only_user_day,33,7,0.21212121212121213
2016-04-30,question_user_day,4,1,0.25
2016-05-01,answer_user_day,14,6,0.42857142857142855
2016-05-01,comment_only_user_day,26,13,0.5
2016-05-01,question_user_day,13,5,0.38461538461538464
2016-05-02,answer_user_day,21,11,0.5238095238095238
2016-05-02,comment_only_user_day,40,12,0.3
2016-05-02,question_user_day,13,2,0.15384615384615385
2016-05-03,answer_user_day,14,5,0.35714285714285715
2016-05-03,comment_only_user_day,41,13,0.3170731707317073
2016-05-03,question_user_day,13,2,0.15384615384615385
2016-05-04,answer_user_day,18,13,0.7222222222222222
2016-05-04,comment_only_user_day,24,12,0.5
2016-05-04,question_user_day,10,1,0.1
2016-05-05,answer_user_day,16,7,0.4375
2016-05-05,comment_only_user_day,44,20,0.45454545454545453
2016-05-05,question_user_day,9,2,0.2222222222222222
2016-05-06,answer_user_day,24,7,0.2916666666666667
2016-05-06,comment_only_user_day,32,6,0.1875
2016-05-06,question_user_day,15,0,0.0
2016-05-07,answer_user_day,13,3,0.23076923076923078
2016-05-07,comment_only_user_day,20,9,0.45
2016-05-07,question_user_day,12,2,0.16666666666666666
2016-05-08,answer_user_day,8,4,0.5
2016-05-08,comment_only_user_day,23,11,0.4782608695652174
2016-05-08,question_user_day,13,2,0.15384615384615385
2016-05-09,answer_user_day,24,14,0.5833333333333334
2016-05-09,comment_only_user_day,39,11,0.28205128205128205
2016-05-09,question_user_day,21,4,0.19047619047619047
2016-05-10,answer_user_day,29,13,0.4482758620689655
2016-05-10,comment_only_user_day,46,17,0.3695652173913043
2016-05-10,question_user_day,26,4,0.15384615384615385
2016-05-11,answer_user_day,24,12,0.5
2016-05-11,comment_only_user_day,34,15,0.4411764705882353
2016-05-11,question_user_day,20,3,0.15
2016-05-12,answer_user_day,33,13,0.3939393939393939
2016-05-12,comment_only_user_day,40,14,0.35
2016-05-12,question_user_day,22,5,0.22727272727272727
2016-05-13,answer_user_day,19,6,0.3157894736842105
2016-05-13,comment_only_user_day,45,8,0.17777777777777778
2016-05-13,question_user_day,17,2,0.11764705882352941
2016-05-14,answer_user_day,20,5,0.25
2016-05-14,comment_only_user_day,21,5,0.23809523809523808
2016-05-14,question_user_day,13,1,0.07692307692307693
2016-05-15,answer_user_day,14,4,0.2857142857142857
2016-05-15,comment_only_user_day,36,13,0.3611111111111111
2016-05-15,question_user_day,17,4,0.23529411764705882
2016-05-16,answer_user_day,19,8,0.42105263157894735
2016-05-16,comment_only_user_day,38,11,0.2894736842105263
2016-05-16,question_user_day,13,3,0.23076923076923078
2016-05-17,answer_user_day,23,9,0.391304347826087
2016-05-17,comment_only_user_day,38,13,0.34210526315789475
2016-05-17,question_user_day,19,2,0.10526315789473684
2016-05-18,answer_user_day,19,8,0.42105263157894735
2016-05-18,comment_only_user_day,43,12,0.27906976744186046
2016-05-18,question_user_day,16,2,0.125
2016-05-19,answer_user_day,12,8,0.6666666666666666
2016-05-19,comment_only_user_day,42,18,0.42857142857142855
2016-05-19,question_user_day,18,8,0.4444444444444444
2016-05-20,answer_user_day,26,12,0.46153846153846156
2016-05-20,comment_only_user_day,46,7,0.15217391304347827
2016-05-20,question_user_day,20,2,0.1
2016-05-21,answer_user_day,14,10,0.7142857142857143
2016-05-21,comment_only_user_day,24,6,0.25
2016-05-21,question_user_day,12,2,0.16666666666666666
2016-05-22,answer_user_day,16,7,0.4375
2016-05-22,comment_only_user_day,23,12,0.5217391304347826
2016-05-22,question_user_day,14,1,0.07142857142857142
2016-05-23,answer_user_day,26,9,0.34615384615384615
2016-05-23,comment_only_user_day,38,13,0.34210526315789475
2016-05-23,question_user_day,19,4,0.21052631578947367
2016-05-24,answer_user_day,19,10,0.5263157894736842
2016-05-24,comment_only_user_day,33,12,0.36363636363636365
2016-05-24,question_user_day,14,2,0.14285714285714285
2016-05-25,answer_user_day,14,8,0.5714285714285714
2016-05-25,comment_only_user_day,45,17,0.37777777777777777
2016-05-25,question_user_day,10,3,0.3
2016-05-26,answer_user_day,24,13,0.5416666666666666
2016-05-26,comment_only_user_day,45,13,0.28888888888888886
2016-05-26,question_user_day,24,3,0.125
2016-05-27,answer_user_day,29,9,0.3103448275862069
2016-05-27,comment_only_user_day,64,14,0.21875
2016-05-27,question_user_day,16,2,0.125
2016-05-28,answer_user_day,11,6,0.5454545454545454
2016-05-28,comment_only_user_day,47,12,0.2553191489361702
2016-05-28,question_user_day,11,1,0.09090909090909091
2016-05-29,answer_user_day,17,8,0.47058823529411764
2016-05-29,comment_only_user_day,45,9,0.2
2016-05-29,question_user_day,15,2,0.13333333333333333
2016-05-30,answer_user_day,22,11,0.5
2016-05-30,comment_only_user_day,45,13,0.28888888888888886
2016-05-30,question_user_day,12,6,0.5
2016-05-31,answer_user_day,41,17,0.4146341463414634
2016-05-31,comment_only_user_day,67,12,0.1791044776119403
2016-05-31,question_user_day,15,7,0.4666666666666667
2016-06-01,answer_user_day,34,14,0.4117647058823529
2016-06-01,comment_only_user_day,48,11,0.22916666666666666
2016-06-01,question_user_day,19,3,0.15789473684210525
2016-06-02,answer_user_day,20,11,0.55
2016-06-02,comment_only_user_day,56,15,0.26785714285714285
2016-06-02,question_user_day,18,3,0.16666666666666666
2016-06-03,answer_user_day,31,12,0.3870967741935484
2016-06-03,comment_only_user_day,53,11,0.20754716981132076
2016-06-03,question_user_day,18,2,0.1111111111111111
2016-06-04,answer_user_day,20,12,0.6
2016-06-04,comment_only_user_day,34,12,0.35294117647058826
2016-06-04,question_user_day,12,5,0.4166666666666667
2016-06-05,answer_user_day,16,12,0.75
2016-06-05,comment_only_user_day,42,20,0.47619047619047616
2016-06-05,question_user_day,15,2,0.13333333333333333
2016-06-06,answer_user_day,34,15,0.4411764705882353
2016-06-06,comment_only_user_day,95,22,0.23157894736842105
2016-06-06,question_user_day,19,3,0.15789473684210525
2016-06-07,answer_user_day,27,14,0.5185185185185185
2016-06-07,comment_only_user_day,55,18,0.32727272727272727
2016-06-07,question_user_day,17,4,0.23529411764705882
2016-06-08,answer_user_day,28,7,0.25
2016-06-08,comment_only_user_day,58,18,0.3103448275862069
2016-06-08,question_user_day,16,5,0.3125
2016-06-09,answer_user_day,18,12,0.6666666666666666
2016-06-09,comment_only_user_day,48,14,0.2916666666666667
2016-06-09,question_user_day,13,2,0.15384615384615385
2016-06-10,answer_user_day,26,12,0.46153846153846156
2016-06-10,comment_only_user_day,42,15,0.35714285714285715
2016-06-10,question_user_day,21,2,0.09523809523809523
2016-06-11,answer_user_day,15,12,0.8
2016-06-11,comment_only_user_day,36,12,0.3333333333333333
2016-06-11,question_user_day,14,3,0.21428571428571427
2016-06-12,answer_user_day,23,10,0.43478260869565216
2016-06-12,comment_only_user_day,27,8,0.2962962962962963
2016-06-12,question_user_day,21,7,0.3333333333333333
2016-06-13,answer_user_day,23,12,0.5217391304347826
2016-06-13,comment_only_user_day,51,20,0.39215686274509803
2016-06-13,question_user_day,17,7,0.4117647058823529
2016-06-14,answer_user_day,34,11,0.3235294117647059
2016-06-14,comment_only_user_day,70,16,0.22857142857142856
2016-06-14,question_user_day,23,6,0.2608695652173913
2016-06-15,answer_user_day,16,6,0.375
2016-06-15,comment_only_user_day,59,19,0.3220338983050847
2016-06-15,question_user_day,15,3,0.2
2016-06-16,answer_user_day,29,11,0.3793103448275862
2016-06-16,comment_only_user_day,40,16,0.4
2016-06-16,question_user_day,24,5,0.20833333333333334
2016-06-17,answer_user_day,24,13,0.5416666666666666
2016-06-17,comment_only_user_day,31,8,0.25806451612903225
2016-06-17,question_user_day,14,5,0.35714285714285715
2016-06-18,answer_user_day,21,9,0.42857142857142855
2016-06-18,comment_only_user_day,31,10,0.3225806451612903
2016-06-18,question_user_day,9,2,0.2222222222222222
2016-06-19,answer_user_day,17,11,0.6470588235294118
2016-06-19,comment_only_user_day,33,13,0.3939393939393939
2016-06-19,question_user_day,17,3,0.17647058823529413
2016-06-20,answer_user_day,26,10,0.38461538461538464
2016-06-20,comment_only_user_day,56,20,0.35714285714285715
2016-06-20,question_user_day,14,3,0.21428571428571427
2016-06-21,answer_user_day,33,12,0.36363636363636365
2016-06-21,comment_only_user_day,53,10,0.18867924528301888
2016-06-21,question_user_day,19,4,0.21052631578947367
2016-06-22,answer_user_day,23,12,0.5217391304347826
2016-06-22,comment_only_user_day,40,11,0.275
2016-06-22,question_user_day,12,3,0.25
2016-06-23,answer_user_day,21,14,0.6666666666666666
2016-06-23,comment_only_user_day,43,12,0.27906976744186046
2016-06-23,question_user_day,19,5,0.2631578947368421
2016-06-24,answer_user_day,26,11,0.4230769230769231
2016-06-24,comment_only_user_day,53,12,0.22641509433962265
2016-06-24,question_user_day,17,3,0.17647058823529413
2016-06-25,answer_user_day,20,13,0.65
2016-06-25,comment_only_user_day,24,4,0.16666666666666666
2016-06-25,question_user_day,16,4,0.25
2016-06-26,answer_user_day,14,7,0.5
2016-06-26,comment_only_user_day,42,15,0.35714285714285715
2016-06-26,question_user_day,11,1,0.09090909090909091
2016-06-27,answer_user_day,33,19,0.5757575757575758
2016-06-27,comment_only_user_day,42,11,0.2619047619047619
2016-06-27,question_user_day,15,7,0.4666666666666667
2016-06-28,answer_user_day,39,21,0.5384615384615384
2016-06-28,comment_only_user_day,65,16,0.24615384615384617
2016-06-28,question_user_day,19,4,0.21052631578947367
2016-06-29,answer_user_day,35,16,0.45714285714285713
2016-06-29,comment_only_user_day,62,13,0.20967741935483872
2016-06-29,question_user_day,25,5,0.2
2016-06-30,answer_user_day,35,23,0.6571428571428571
2016-06-30,comment_only_user_day,29,9,0.3103448275862069
2016-06-30,question_user_day,17,6,0.35294117647058826
2016-07-01,answer_user_day,42,14,0.3333333333333333
2016-07-01,comment_only_user_day,57,11,0.19298245614035087
2016-07-01,question_user_day,17,3,0.17647058823529413
2016-07-02,answer_user_day,20,11,0.55
2016-07-02,comment_only_user_day,30,12,0.4
2016-07-02,question_user_day,17,4,0.23529411764705882
2016-07-03,answer_user_day,24,10,0.4166666666666667
2016-07-03,comment_only_user_day,28,6,0.21428571428571427
2016-07-03,question_user_day,15,3,0.2
2016-07-04,answer_user_day,24,11,0.4583333333333333
2016-07-04,comment_only_user_day,54,14,0.25925925925925924
2016-07-04,question_user_day,12,2,0.16666666666666666
2016-07-05,answer_user_day,20,10,0.5
2016-07-05,comment_only_user_day,42,8,0.19047619047619047
2016-07-05,question_user_day,20,3,0.15
2016-07-06,answer_user_day,25,13,0.52
2016-07-06,comment_only_user_day,31,9,0.2903225806451613
2016-07-06,question_user_day,13,3,0.23076923076923078
2016-07-07,answer_user_day,23,13,0.5652173913043478
2016-07-07,comment_only_user_day,59,15,0.2542372881355932
2016-07-07,question_user_day,11,3,0.2727272727272727
2016-07-08,answer_user_day,18,10,0.5555555555555556
2016-07-08,comment_only_user_day,44,14,0.3181818181818182
2016-07-08,question_user_day,19,4,0.21052631578947367
2016-07-09,answer_user_day,22,11,0.5
2016-07-09,comment_only_user_day,40,8,0.2
2016-07-09,question_user_day,20,4,0.2
2016-07-10,answer_user_day,10,5,0.5
2016-07-10,comment_only_user_day,49,14,0.2857142857142857
2016-07-10,question_user_day,8,4,0.5
2016-07-11,answer_user_day,28,13,0.4642857142857143
2016-07-11,comment_only_user_day,49,14,0.2857142857142857
2016-07-11,question_user_day,26,9,0.34615384615384615
2016-07-12,answer_user_day,33,17,0.5151515151515151
2016-07-12,comment_only_user_day,60,9,0.15
2016-07-12,question_user_day,19,3,0.15789473684210525
2016-07-13,answer_user_day,34,14,0.4117647058823529
2016-07-13,comment_only_user_day,42,13,0.30952380952380953
2016-07-13,question_user_day,25,11,0.44
2016-07-14,answer_user_day,36,13,0.3611111111111111
2016-07-14,comment_only_user_day,48,10,0.20833333333333334
2016-07-14,question_user_day,20,3,0.15
2016-07-15,answer_user_day,22,11,0.5
2016-07-15,comment_only_user_day,35,3,0.08571428571428572
2016-07-15,question_user_day,14,2,0.14285714285714285
2016-07-16,answer_user_day,23,12,0.5217391304347826
2016-07-16,comment_only_user_day,21,8,0.38095238095238093
2016-07-16,question_user_day,19,2,0.10526315789473684
2016-07-17,answer_user_day,20,12,0.6
2016-07-17,comment_only_user_day,33,10,0.30303030303030304
2016-07-17,question_user_day,17,7,0.4117647058823529
2016-07-18,answer_user_day,33,18,0.5454545454545454
2016-07-18,comment_only_user_day,48,10,0.20833333333333334
2016-07-18,question_user_day,19,4,0.21052631578947367
2016-07-19,answer_user_day,30,18,0.6
2016-07-19,comment_only_user_day,46,13,0.2826086956521739
2016-07-19,question_user_day,25,5,0.2
2016-07-20,answer_user_day,36,12,0.3333333333333333
2016-07-20,comment_only_user_day,57,12,0.21052631578947367
2016-07-20,question_user_day,14,4,0.2857142857142857
2016-07-21,answer_user_day,21,8,0.38095238095238093
2016-07-21,comment_only_user_day,47,16,0.3404255319148936
2016-07-21,question_user_day,17,5,0.29411764705882354
2016-07-22,answer_user_day,42,10,0.23809523809523808
2016-07-22,comment_only_user_day,60,10,0.16666666666666666
2016-07-22,question_user_day,20,5,0.25
2016-07-23,answer_user_day,20,7,0.35
2016-07-23,comment_only_user_day,45,17,0.37777777777777777
2016-07-23,question_user_day,17,4,0.23529411764705882
2016-07-24,answer_user_day,17,10,0.5882352941176471
2016-07-24,comment_only_user_day,40,11,0.275
2016-07-24,question_user_day,14,2,0.14285714285714285
2016-07-25,answer_user_day,34,13,0.38235294117647056
2016-07-25,comment_only_user_day,51,18,0.35294117647058826
2016-07-25,question_user_day,16,5,0.3125
2016-07-26,answer_user_day,25,11,0.44
2016-07-26,comment_only_user_day,61,19,0.3114754098360656
2016-07-26,question_user_day,16,4,0.25
2016-07-27,answer_user_day,31,15,0.4838709677419355
2016-07-27,comment_only_user_day,52,12,0.23076923076923078
2016-07-27,question_user_day,29,10,0.3448275862068966
2016-07-28,answer_user_day,36,18,0.5
2016-07-28,comment_only_user_day,67,16,0.23880597014925373
2016-07-28,question_user_day,15,5,0.3333333333333333
2016-07-29,answer_user_day,25,12,0.48
2016-07-29,comment_only_user_day,65,17,0.26153846153846155
2016-07-29,question_user_day,22,4,0.18181818181818182
2016-07-30,answer_user_day,19,4,0.21052631578947367
2016-07-30,comment_only_user_day,47,18,0.3829787234042553
2016-07-30,question_user_day,13,3,0.23076923076923078
2016-07-31,answer_user_day,20,7,0.35
2016-07-31,comment_only_user_day,35,15,0.42857142857142855
2016-07-31,question_user_day,17,4,0.23529411764705882
2016-08-01,answer_user_day,25,11,0.44
2016-08-01,comment_only_user_day,55,17,0.3090909090909091
2016-08-01,question_user_day,22,6,0.2727272727272727
2016-08-02,answer_user_day,28,14,0.5
2016-08-02,comment_only_user_day,44,11,0.25
2016-08-02,question_user_day,26,6,0.23076923076923078
2016-08-03,answer_user_day,22,10,0.45454545454545453
2016-08-03,comment_only_user_day,58,15,0.25862068965517243
2016-08-03,question_user_day,14,4,0.2857142857142857
2016-08-04,answer_user_day,26,11,0.4230769230769231
2016-08-04,comment_only_user_day,62,14,0.22580645161290322
2016-08-04,question_user_day,23,4,0.17391304347826086
2016-08-05,answer_user_day,19,7,0.3684210526315789
2016-08-05,comment_only_user_day,50,9,0.18
2016-08-05,question_user_day,10,3,0.3
2016-08-06,answer_user_day,14,5,0.35714285714285715
2016-08-06,comment_only_user_day,30,13,0.43333333333333335
2016-08-06,question_user_day,14,4,0.2857142857142857
2016-08-07,answer_user_day,22,10,0.45454545454545453
2016-08-07,comment_only_user_day,37,13,0.35135135135135137
2016-08-07,question_user_day,16,6,0.375
2016-08-08,answer_user_day,30,17,0.5666666666666667
2016-08-08,comment_only_user_day,66,11,0.16666666666666666
2016-08-08,question_user_day,17,4,0.23529411764705882
2016-08-09,answer_user_day,22,13,0.5909090909090909
2016-08-09,comment_only_user_day,65,20,0.3076923076923077
2016-08-09,question_user_day,15,5,0.3333333333333333
2016-08-10,answer_user_day,36,16,0.4444444444444444
2016-08-10,comment_only_user_day,79,25,0.31645569620253167
2016-08-10,question_user_day,18,5,0.2777777777777778
2016-08-11,answer_user_day,42,22,0.5238095238095238
2016-08-11,comment_only_user_day,65,18,0.27692307692307694
2016-08-11,question_user_day,22,9,0.4090909090909091
2016-08-12,answer_user_day,32,13,0.40625
2016-08-12,comment_only_user_day,74,14,0.1891891891891892
2016-08-12,question_user_day,21,3,0.14285714285714285
2016-08-13,answer_user_day,19,8,0.42105263157894735
2016-08-13,comment_only_user_day,35,9,0.2571428571428571
2016-08-13,question_user_day,14,1,0.07142857142857142
2016-08-14,answer_user_day,20,13,0.65
2016-08-14,comment_only_user_day,34,10,0.29411764705882354
2016-08-14,question_user_day,18,4,0.2222222222222222
2016-08-15,answer_user_day,35,16,0.45714285714285713
2016-08-15,comment_only_user_day,51,9,0.17647058823529413
2016-08-15,question_user_day,22,7,0.3181818181818182
2016-08-16,answer_user_day,16,7,0.4375
2016-08-16,comment_only_user_day,53,21,0.39622641509433965
2016-08-16,question_user_day,11,1,0.09090909090909091
2016-08-17,answer_user_day,31,10,0.3225806451612903
2016-08-17,comment_only_user_day,54,16,0.2962962962962963
2016-08-17,question_user_day,19,8,0.42105263157894735
2016-08-18,answer_user_day,16,9,0.5625
2016-08-18,comment_only_user_day,42,13,0.30952380952380953
2016-08-18,question_user_day,14,2,0.14285714285714285
2016-08-19,answer_user_day,18,6,0.3333333333333333
2016-08-19,comment_only_user_day,41,9,0.21951219512195122
2016-08-19,question_user_day,15,6,0.4
2016-08-20,answer_user_day,22,10,0.45454545454545453
2016-08-20,comment_only_user_day,33,12,0.36363636363636365
2016-08-20,question_user_day,12,6,0.5
2016-08-21,answer_user_day,27,16,0.5925925925925926
2016-08-21,comment_only_user_day,37,12,0.32432432432432434
2016-08-21,question_user_day,20,3,0.15
2016-08-22,answer_user_day,26,13,0.5
2016-08-22,comment_only_user_day,46,13,0.2826086956521739
2016-08-22,question_user_day,17,3,0.17647058823529413
2016-08-23,answer_user_day,23,11,0.4782608695652174
2016-08-23,comment_only_user_day,55,18,0.32727272727272727
2016-08-23,question_user_day,15,6,0.4
2016-08-24,answer_user_day,35,17,0.4857142857142857
2016-08-24,comment_only_user_day,78,21,0.2692307692307692
2016-08-24,question_user_day,23,4,0.17391304347826086
2016-08-25,answer_user_day,28,13,0.4642857142857143
2016-08-25,comment_only_user_day,55,14,0.2545454545454545
2016-08-25,question_user_day,26,3,0.11538461538461539
2016-08-26,answer_user_day,18,9,0.5
2016-08-26,comment_only_user_day,44,8,0.18181818181818182
2016-08-26,question_user_day,15,3,0.2
2016-08-27,answer_user_day,16,6,0.375
2016-08-27,comment_only_user_day,26,11,0.4230769230769231
2016-08-27,question_user_day,15,4,0.26666666666666666
2016-08-28,answer_user_day,17,5,0.29411764705882354
2016-08-28,comment_only_user_day,33,14,0.42424242424242425
2016-08-28,question_user_day,12,4,0.3333333333333333
2016-08-29,answer_user_day,33,14,0.42424242424242425
2016-08-29,comment_only_user_day,56,16,0.2857142857142857
2016-08-29,question_user_day,22,8,0.36363636363636365
2016-08-30,answer_user_day,22,9,0.4090909090909091
2016-08-30,comment_only_user_day,60,25,0.4166666666666667
2016-08-30,question_user_day,19,4,0.21052631578947367
2016-08-31,answer_user_day,32,13,0.40625
2016-08-31,comment_only_user_day,73,15,0.2054794520547945
2016-08-31,question_user_day,17,4,0.23529411764705882
2016-09-01,answer_user_day,24,11,0.4583333333333333
2016-09-01,comment_only_user_day,68,18,0.2647058823529412
2016-09-01,question_user_day,17,2,0.11764705882352941
2016-09-02,answer_user_day,26,10,0.38461538461538464
2016-09-02,comment_only_user_day,60,18,0.3
2016-09-02,question_user_day,15,6,0.4
2016-09-03,answer_user_day,22,8,0.36363636363636365
2016-09-03,comment_only_user_day,47,16,0.3404255319148936
2016-09-03,question_user_day,15,6,0.4
2016-09-04,answer_user_day,18,9,0.5
2016-09-04,comment_only_user_day,39,10,0.2564102564102564
2016-09-04,question_user_day,13,4,0.3076923076923077
2016-09-05,answer_user_day,33,15,0.45454545454545453
2016-09-05,comment_only_user_day,53,16,0.3018867924528302
2016-09-05,question_user_day,15,3,0.2
2016-09-06,answer_user_day,30,16,0.5333333333333333
2016-09-06,comment_only_user_day,50,16,0.32
2016-09-06,question_user_day,21,3,0.14285714285714285
2016-09-07,answer_user_day,27,12,0.4444444444444444
2016-09-07,comment_only_user_day,60,15,0.25
2016-09-07,question_user_day,16,5,0.3125
2016-09-08,answer_user_day,29,18,0.6206896551724138
2016-09-08,comment_only_user_day,47,16,0.3404255319148936
2016-09-08,question_user_day,13,1,0.07692307692307693
2016-09-09,answer_user_day,26,9,0.34615384615384615
2016-09-09,comment_only_user_day,50,12,0.24
2016-09-09,question_user_day,22,6,0.2727272727272727
2016-09-10,answer_user_day,17,5,0.29411764705882354
2016-09-10,comment_only_user_day,29,8,0.27586206896551724
2016-09-10,question_user_day,10,2,0.2
2016-09-11,answer_user_day,10,9,0.9
2016-09-11,comment_only_user_day,25,6,0.24
2016-09-11,question_user_day,18,4,0.2222222222222222
2016-09-12,answer_user_day,30,17,0.5666666666666667
2016-09-12,comment_only_user_day,48,15,0.3125
2016-09-12,question_user_day,14,0,0.0
2016-09-13,answer_user_day,15,9,0.6
2016-09-13,comment_only_user_day,34,12,0.35294117647058826
2016-09-13,question_user_day,15,6,0.4
2016-09-14,answer_user_day,15,10,0.6666666666666666
2016-09-14,comment_only_user_day,37,16,0.43243243243243246
2016-09-14,question_user_day,14,4,0.2857142857142857
2016-09-15,answer_user_day,23,12,0.5217391304347826
2016-09-15,comment_only_user_day,60,13,0.21666666666666667
2016-09-15,question_user_day,16,3,0.1875
2016-09-16,answer_user_day,21,8,0.38095238095238093
2016-09-16,comment_only_user_day,42,17,0.40476190476190477
2016-09-16,question_user_day,8,1,0.125
2016-09-17,answer_user_day,22,12,0.5454545454545454
2016-09-17,comment_only_user_day,32,11,0.34375
2016-09-17,question_user_day,16,5,0.3125
2016-09-18,answer_user_day,27,14,0.5185185185185185
2016-09-18,comment_only_user_day,50,16,0.32
2016-09-18,question_user_day,11,4,0.36363636363636365
2016-09-19,answer_user_day,41,17,0.4146341463414634
2016-09-19,comment_only_user_day,66,26,0.3939393939393939
2016-09-19,question_user_day,21,5,0.23809523809523808
2016-09-20,answer_user_day,35,16,0.45714285714285713
2016-09-20,comment_only_user_day,91,18,0.1978021978021978
2016-09-20,question_user_day,12,5,0.4166666666666667
2016-09-21,answer_user_day,32,23,0.71875
2016-09-21,comment_only_user_day,42,13,0.30952380952380953
2016-09-21,question_user_day,15,4,0.26666666666666666
2016-09-22,answer_user_day,24,13,0.5416666666666666
2016-09-22,comment_only_user_day,54,15,0.2777777777777778
2016-09-22,question_user_day,22,5,0.22727272727272727
2016-09-23,answer_user_day,20,10,0.5
2016-09-23,comment_only_user_day,64,14,0.21875
2016-09-23,question_user_day,14,3,0.21428571428571427
2016-09-24,answer_user_day,14,7,0.5
2016-09-24,comment_only_user_day,42,14,0.3333333333333333
2016-09-24,question_user_day,10,4,0.4
2016-09-25,answer_user_day,23,14,0.6086956521739131
2016-09-25,comment_only_user_day,47,16,0.3404255319148936
2016-09-25,question_user_day,13,1,0.07692307692307693
2016-09-26,answer_user_day,28,16,0.5714285714285714
2016-09-26,comment_only_user_day,63,20,0.31746031746031744
2016-09-26,question_user_day,16,5,0.3125
2016-09-27,answer_user_day,31,13,0.41935483870967744
2016-09-27,comment_only_user_day,56,14,0.25
2016-09-27,question_user_day,15,6,0.4
2016-09-28,answer_user_day,25,16,0.64
2016-09-28,comment_only_user_day,61,13,0.21311475409836064
2016-09-28,question_user_day,15,3,0.2
2016-09-29,answer_user_day,31,16,0.5161290322580645
2016-09-29,comment_only_user_day,44,12,0.2727272727272727
2016-09-29,question_user_day,20,5,0.25
2016-09-30,answer_user_day,30,12,0.4
2016-09-30,comment_only_user_day,64,14,0.21875
2016-09-30,question_user_day,21,2,0.09523809523809523
2016-10-01,answer_user_day,17,12,0.7058823529411765
2016-10-01,comment_only_user_day,37,11,0.2972972972972973
2016-10-01,question_user_day,12,3,0.25
2016-10-02,answer_user_day,21,13,0.6190476190476191
2016-10-02,comment_only_user_day,29,12,0.41379310344827586
2016-10-02,question_user_day,9,1,0.1111111111111111
2016-10-03,answer_user_day,27,17,0.6296296296296297
2016-10-03,comment_only_user_day,45,16,0.35555555555555557
2016-10-03,question_user_day,13,7,0.5384615384615384
2016-10-04,answer_user_day,22,11,0.5
2016-10-04,comment_only_user_day,61,24,0.39344262295081966
2016-10-04,question_user_day,20,5,0.25
2016-10-05,answer_user_day,19,8,0.42105263157894735
2016-10-05,comment_only_user_day,40,15,0.375
2016-10-05,question_user_day,8,3,0.375
2016-10-06,answer_user_day,24,9,0.375
2016-10-06,comment_only_user_day,46,10,0.21739130434782608
2016-10-06,question_user_day,14,3,0.21428571428571427
2016-10-07,answer_user_day,18,10,0.5555555555555556
2016-10-07,comment_only_user_day,44,8,0.18181818181818182
2016-10-07,question_user_day,10,3,0.3
2016-10-08,answer_user_day,15,8,0.5333333333333333
2016-10-08,comment_only_user_day,28,14,0.5
2016-10-08,question_user_day,14,2,0.14285714285714285
2016-10-09,answer_user_day,21,11,0.5238095238095238
2016-10-09,comment_only_user_day,32,14,0.4375
2016-10-09,question_user_day,13,2,0.15384615384615385
2016-10-10,answer_user_day,27,7,0.25925925925925924
2016-10-10,comment_only_user_day,56,20,0.35714285714285715
2016-10-10,question_user_day,14,4,0.2857142857142857
2016-10-11,answer_user_day,32,14,0.4375
2016-10-11,comment_only_user_day,48,17,0.3541666666666667
2016-10-11,question_user_day,17,5,0.29411764705882354
2016-10-12,answer_user_day,29,11,0.3793103448275862
2016-10-12,comment_only_user_day,51,12,0.23529411764705882
2016-10-12,question_user_day,19,6,0.3157894736842105
2016-10-13,answer_user_day,21,4,0.19047619047619047
2016-10-13,comment_only_user_day,50,15,0.3
2016-10-13,question_user_day,17,6,0.35294117647058826
2016-10-14,answer_user_day,16,8,0.5
2016-10-14,comment_only_user_day,38,7,0.18421052631578946
2016-10-14,question_user_day,11,2,0.18181818181818182
2016-10-15,answer_user_day,14,5,0.35714285714285715
2016-10-15,comment_only_user_day,27,14,0.5185185185185185
2016-10-15,question_user_day,6,0,0.0
2016-10-16,answer_user_day,13,10,0.7692307692307693
2016-10-16,comment_only_user_day,41,19,0.4634146341463415
2016-10-16,question_user_day,9,2,0.2222222222222222
2016-10-17,answer_user_day,34,12,0.35294117647058826
2016-10-17,comment_only_user_day,60,15,0.25
2016-10-17,question_user_day,16,3,0.1875
2016-10-18,answer_user_day,26,13,0.5
2016-10-18,comment_only_user_day,61,18,0.29508196721311475
2016-10-18,question_user_day,23,5,0.21739130434782608
2016-10-19,answer_user_day,28,12,0.42857142857142855
2016-10-19,comment_only_user_day,59,11,0.1864406779661017
2016-10-19,question_user_day,12,0,0.0
2016-10-20,answer_user_day,25,13,0.52
2016-10-20,comment_only_user_day,46,7,0.15217391304347827
2016-10-20,question_user_day,16,2,0.125
2016-10-21,answer_user_day,15,7,0.4666666666666667
2016-10-21,comment_only_user_day,45,7,0.15555555555555556
2016-10-21,question_user_day,12,1,0.08333333333333333
2016-10-22,answer_user_day,16,8,0.5
2016-10-22,comment_only_user_day,28,6,0.21428571428571427
2016-10-22,question_user_day,12,3,0.25
2016-10-23,answer_user_day,13,9,0.6923076923076923
2016-10-23,comment_only_user_day,22,8,0.36363636363636365
2016-10-23,question_user_day,11,3,0.2727272727272727
2016-10-24,answer_user_day,36,16,0.4444444444444444
2016-10-24,comment_only_user_day,43,17,0.3953488372093023
2016-10-24,question_user_day,21,6,0.2857142857142857
2016-10-25,answer_user_day,30,15,0.5
2016-10-25,comment_only_user_day,63,18,0.2857142857142857
2016-10-25,question_user_day,14,0,0.0
2016-10-26,answer_user_day,29,11,0.3793103448275862
2016-10-26,comment_only_user_day,63,18,0.2857142857142857
2016-10-26,question_user_day,18,7,0.3888888888888889
2016-10-27,answer_user_day,16,5,0.3125
2016-10-27,comment_only_user_day,53,18,0.33962264150943394
2016-10-27,question_user_day,12,2,0.16666666666666666
2016-10-28,answer_user_day,15,8,0.5333333333333333
2016-10-28,comment_only_user_day,48,6,0.125
2016-10-28,question_user_day,11,1,0.09090909090909091
2016-10-29,answer_user_day,15,10,0.6666666666666666
2016-10-29,comment_only_user_day,35,14,0.4
2016-10-29,question_user_day,12,1,0.08333333333333333
2016-10-30,answer_user_day,16,12,0.75
2016-10-30,comment_only_user_day,31,7,0.22580645161290322
2016-10-30,question_user_day,12,2,0.16666666666666666
2016-10-31,answer_user_day,19,6,0.3157894736842105
2016-10-31,comment_only_user_day,40,13,0.325
2016-10-31,question_user_day,17,1,0.058823529411764705
2016-11-01,answer_user_day,27,10,0.37037037037037035
2016-11-01,comment_only_user_day,36,11,0.3055555555555556
2016-11-01,question_user_day,13,2,0.15384615384615385
2016-11-02,answer_user_day,26,11,0.4230769230769231
2016-11-02,comment_only_user_day,38,13,0.34210526315789475
2016-11-02,question_user_day,19,0,0.0
2016-11-03,answer_user_day,16,8,0.5
2016-11-03,comment_only_user_day,34,6,0.17647058823529413
2016-11-03,question_user_day,11,1,0.09090909090909091
2016-11-04,answer_user_day,13,7,0.5384615384615384
2016-11-04,comment_only_user_day,38,7,0.18421052631578946
2016-11-04,question_user_day,9,1,0.1111111111111111
2016-11-05,answer_user_day,16,5,0.3125
2016-11-05,comment_only_user_day,21,6,0.2857142857142857
2016-11-05,question_user_day,12,6,0.5
2016-11-06,answer_user_day,8,4,0.5
2016-11-06,comment_only_user_day,24,9,0.375
2016-11-06,question_user_day,6,1,0.16666666666666666
2016-11-07,answer_user_day,15,9,0.6
2016-11-07,comment_only_user_day,31,13,0.41935483870967744
2016-11-07,question_user_day,13,2,0.15384615384615385
2016-11-08,answer_user_day,23,11,0.4782608695652174
2016-11-08,comment_only_user_day,44,14,0.3181818181818182
2016-11-08,question_user_day,14,2,0.14285714285714285
2016-11-09,answer_user_day,12,5,0.4166666666666667
2016-11-09,comment_only_user_day,37,13,0.35135135135135137
2016-11-09,question_user_day,10,3,0.3
2016-11-10,answer_user_day,13,5,0.38461538461538464
2016-11-10,comment_only_user_day,32,9,0.28125
2016-11-10,question_user_day,8,1,0.125
2016-11-11,answer_user_day,8,4,0.5
2016-11-11,comment_only_user_day,27,11,0.4074074074074074
2016-11-11,question_user_day,15,4,0.26666666666666666
2016-11-12,answer_user_day,10,6,0.6
2016-11-12,comment_only_user_day,27,7,0.25925925925925924
2016-11-12,question_user_day,7,1,0.14285714285714285
2016-11-13,answer_user_day,16,6,0.375
2016-11-13,comment_only_user_day,29,9,0.3103448275862069
2016-11-13,question_user_day,11,3,0.2727272727272727
2016-11-14,answer_user_day,25,10,0.4
2016-11-14,comment_only_user_day,44,8,0.18181818181818182
2016-11-14,question_user_day,22,3,0.13636363636363635
2016-11-15,answer_user_day,23,11,0.4782608695652174
2016-11-15,comment_only_user_day,57,13,0.22807017543859648
2016-11-15,question_user_day,14,2,0.14285714285714285
2016-11-16,answer_user_day,19,7,0.3684210526315789
2016-11-16,comment_only_user_day,57,22,0.38596491228070173
2016-11-16,question_user_day,11,2,0.18181818181818182
2016-11-17,answer_user_day,18,9,0.5
2016-11-17,comment_only_user_day,48,11,0.22916666666666666
2016-11-17,question_user_day,15,2,0.13333333333333333
2016-11-18,answer_user_day,9,4,0.4444444444444444
2016-11-18,comment_only_user_day,39,13,0.3333333333333333
2016-11-18,question_user_day,7,1,0.14285714285714285
2016-11-19,answer_user_day,11,2,0.18181818181818182
2016-11-19,comment_only_user_day,31,11,0.3548387096774194
2016-11-19,question_user_day,14,1,0.07142857142857142
2016-11-20,answer_user_day,10,7,0.7
2016-11-20,comment_only_user_day,24,6,0.25
2016-11-20,question_user_day,13,5,0.38461538461538464
2016-11-21,answer_user_day,23,12,0.5217391304347826
2016-11-21,comment_only_user_day,45,15,0.3333333333333333
2016-11-21,question_user_day,16,4,0.25
2016-11-22,answer_user_day,22,9,0.4090909090909091
2016-11-22,comment_only_user_day,48,13,0.2708333333333333
2016-11-22,question_user_day,20,3,0.15
2016-11-23,answer_user_day,19,9,0.47368421052631576
2016-11-23,comment_only_user_day,43,16,0.37209302325581395
2016-11-23,question_user_day,17,0,0.0
2016-11-24,answer_user_day,19,9,0.47368421052631576
2016-11-24,comment_only_user_day,38,15,0.39473684210526316
2016-11-24,question_user_day,14,4,0.2857142857142857
2016-11-25,answer_user_day,21,9,0.42857142857142855
2016-11-25,comment_only_user_day,45,9,0.2
2016-11-25,question_user_day,17,3,0.17647058823529413
2016-11-26,answer_user_day,17,3,0.17647058823529413
2016-11-26,comment_only_user_day,35,6,0.17142857142857143
2016-11-26,question_user_day,11,1,0.09090909090909091
2016-11-27,answer_user_day,10,3,0.3
2016-11-27,comment_only_user_day,23,7,0.30434782608695654
2016-11-27,question_user_day,5,2,0.4
2016-11-28,answer_user_day,13,5,0.38461538461538464
2016-11-28,comment_only_user_day,38,8,0.21052631578947367
2016-11-28,question_user_day,11,2,0.18181818181818182
2016-11-29,answer_user_day,18,9,0.5
2016-11-29,comment_only_user_day,29,13,0.4482758620689655
2016-11-29,question_user_day,15,3,0.2
2016-11-30,answer_user_day,19,8,0.42105263157894735
2016-11-30,comment_only_user_day,41,14,0.34146341463414637
2016-11-30,question_user_day,20,4,0.2
2016-12-01,answer_user_day,16,8,0.5
2016-12-01,comment_only_user_day,44,7,0.1590909090909091
2016-12-01,question_user_day,20,4,0.2
2016-12-02,answer_user_day,24,7,0.2916666666666667
2016-12-02,comment_only_user_day,38,7,0.18421052631578946
2016-12-02,question_user_day,14,4,0.2857142857142857
2016-12-03,answer_user_day,11,3,0.2727272727272727
2016-12-03,comment_only_user_day,31,12,0.3870967741935484
2016-12-03,question_user_day,11,4,0.36363636363636365
2016-12-04,answer_user_day,21,12,0.5714285714285714
2016-12-04,comment_only_user_day,31,7,0.22580645161290322
2016-12-04,question_user_day,18,3,0.16666666666666666
2016-12-05,answer_user_day,19,10,0.5263157894736842
2016-12-05,comment_only_user_day,38,6,0.15789473684210525
2016-12-05,question_user_day,13,4,0.3076923076923077
2016-12-06,answer_user_day,18,5,0.2777777777777778
2016-12-06,comment_only_user_day,33,10,0.30303030303030304
2016-12-06,question_user_day,10,2,0.2
2016-12-07,answer_user_day,16,9,0.5625
2016-12-07,comment_only_user_day,44,16,0.36363636363636365
2016-12-07,question_user_day,12,5,0.4166666666666667
2016-12-08,answer_user_day,22,10,0.45454545454545453
2016-12-08,comment_only_user_day,65,21,0.3230769230769231
2016-12-08,question_user_day,12,4,0.3333333333333333
2016-12-09,answer_user_day,17,7,0.4117647058823529
2016-12-09,comment_only_user_day,55,13,0.23636363636363636
2016-12-09,question_user_day,20,5,0.25
2016-12-10,answer_user_day,16,9,0.5625
2016-12-10,comment_only_user_day,30,13,0.43333333333333335
2016-12-10,question_user_day,13,5,0.38461538461538464
2016-12-11,answer_user_day,23,8,0.34782608695652173
2016-12-11,comment_only_user_day,34,11,0.3235294117647059
2016-12-11,question_user_day,9,2,0.2222222222222222
2016-12-12,answer_user_day,22,10,0.45454545454545453
2016-12-12,comment_only_user_day,40,12,0.3
2016-12-12,question_user_day,7,1,0.14285714285714285
2016-12-13,answer_user_day,16,8,0.5
2016-12-13,comment_only_user_day,30,15,0.5
2016-12-13,question_user_day,16,5,0.3125
2016-12-14,answer_user_day,29,17,0.5862068965517241
2016-12-14,comment_only_user_day,43,15,0.3488372093023256
2016-12-14,question_user_day,16,4,0.25
2016-12-15,answer_user_day,19,7,0.3684210526315789
2016-12-15,comment_only_user_day,62,18,0.2903225806451613
2016-12-15,question_user_day,18,6,0.3333333333333333
2016-12-16,answer_user_day,17,11,0.6470588235294118
2016-12-16,comment_only_user_day,46,9,0.1956521739130435
2016-12-16,question_user_day,24,5,0.20833333333333334
2016-12-17,answer_user_day,9,5,0.5555555555555556
2016-12-17,comment_only_user_day,31,10,0.3225806451612903
2016-12-17,question_user_day,15,3,0.2
2016-12-18,answer_user_day,15,10,0.6666666666666666
2016-12-18,comment_only_user_day,28,9,0.32142857142857145
2016-12-18,question_user_day,12,3,0.25
2016-12-19,answer_user_day,28,9,0.32142857142857145
2016-12-19,comment_only_user_day,42,15,0.35714285714285715
2016-12-19,question_user_day,16,3,0.1875
2016-12-20,answer_user_day,21,12,0.5714285714285714
2016-12-20,comment_only_user_day,42,15,0.35714285714285715
2016-12-20,question_user_day,15,4,0.26666666666666666
2016-12-21,answer_user_day,22,6,0.2727272727272727
2016-12-21,comment_only_user_day,41,18,0.43902439024390244
2016-12-21,question_user_day,9,3,0.3333333333333333
2016-12-22,answer_user_day,17,6,0.35294117647058826
2016-12-22,comment_only_user_day,44,10,0.22727272727272727
2016-12-22,question_user_day,13,7,0.5384615384615384
2016-12-23,answer_user_day,22,9,0.4090909090909091
2016-12-23,comment_only_user_day,28,4,0.14285714285714285
2016-12-23,question_user_day,15,1,0.06666666666666667
2016-12-24,answer_user_day,12,6,0.5
2016-12-24,comment_only_user_day,13,8,0.6153846153846154
2016-12-24,question_user_day,9,1,0.1111111111111111
2016-12-25,answer_user_day,16,7,0.4375
2016-12-25,comment_only_user_day,16,7,0.4375
2016-12-25,question_user_day,11,2,0.18181818181818182
2016-12-26,answer_user_day,16,8,0.5
2016-12-26,comment_only_user_day,26,7,0.2692307692307692
2016-12-26,question_user_day,5,2,0.4
2016-12-27,answer_user_day,14,5,0.35714285714285715
2016-12-27,comment_only_user_day,26,10,0.38461538461538464
2016-12-27,question_user_day,10,1,0.1
2016-12-28,answer_user_day,19,10,0.5263157894736842
2016-12-28,comment_only_user_day,40,11,0.275
2016-12-28,question_user_day,12,3,0.25
2016-12-29,answer_user_day,23,12,0.5217391304347826
2016-12-29,comment_only_user_day,48,17,0.3541666666666667
2016-12-29,question_user_day,19,6,0.3157894736842105
2016-12-30,answer_user_day,22,8,0.36363636363636365
2016-12-30,comment_only_user_day,52,11,0.21153846153846154
2016-12-30,question_user_day,18,4,0.2222222222222222
2016-12-31,answer_user_day,15,5,0.3333333333333333
2016-12-31,comment_only_user_day,32,5,0.15625
2016-12-31,question_user_day,12,3,0.25
2017-01-01,answer_user_day,19,8,0.42105263157894735
2017-01-01,comment_only_user_day,26,9,0.34615384615384615
2017-01-01,question_user_day,8,2,0.25
2017-01-02,answer_user_day,27,14,0.5185185185185185
2017-01-02,comment_only_user_day,47,12,0.2553191489361702
2017-01-02,question_user_day,17,6,0.35294117647058826
2017-01-03,answer_user_day,27,11,0.4074074074074074
2017-01-03,comment_only_user_day,49,18,0.3673469387755102
2017-01-03,question_user_day,19,6,0.3157894736842105
2017-01-04,answer_user_day,26,10,0.38461538461538464
2017-01-04,comment_only_user_day,56,11,0.19642857142857142
2017-01-04,question_user_day,12,6,0.5
2017-01-05,answer_user_day,23,7,0.30434782608695654
2017-01-05,comment_only_user_day,54,7,0.12962962962962962
2017-01-05,question_user_day,11,1,0.09090909090909091
2017-01-06,answer_user_day,14,2,0.14285714285714285
2017-01-06,comment_only_user_day,40,11,0.275
2017-01-06,question_user_day,12,2,0.16666666666666666
2017-01-07,answer_user_day,14,4,0.2857142857142857
2017-01-07,comment_only_user_day,30,11,0.36666666666666664
2017-01-07,question_user_day,14,4,0.2857142857142857
2017-01-08,answer_user_day,18,7,0.3888888888888889
2017-01-08,comment_only_user_day,27,10,0.37037037037037035
2017-01-08,question_user_day,16,5,0.3125
2017-01-09,answer_user_day,30,10,0.3333333333333333
2017-01-09,comment_only_user_day,44,11,0.25
2017-01-09,question_user_day,21,6,0.2857142857142857
2017-01-10,answer_user_day,22,10,0.45454545454545453
2017-01-10,comment_only_user_day,50,16,0.32
2017-01-10,question_user_day,17,3,0.17647058823529413
2017-01-11,answer_user_day,26,13,0.5
2017-01-11,comment_only_user_day,58,10,0.1724137931034483
2017-01-11,question_user_day,15,2,0.13333333333333333
2017-01-12,answer_user_day,20,7,0.35
2017-01-12,comment_only_user_day,40,13,0.325
2017-01-12,question_user_day,12,3,0.25
2017-01-13,answer_user_day,19,7,0.3684210526315789
2017-01-13,comment_only_user_day,29,9,0.3103448275862069
2017-01-13,question_user_day,12,1,0.08333333333333333
2017-01-14,answer_user_day,17,8,0.47058823529411764
2017-01-14,comment_only_user_day,21,6,0.2857142857142857
2017-01-14,question_user_day,14,5,0.35714285714285715
2017-01-15,answer_user_day,15,7,0.4666666666666667
2017-01-15,comment_only_user_day,31,9,0.2903225806451613
2017-01-15,question_user_day,10,2,0.2
2017-01-16,answer_user_day,21,9,0.42857142857142855
2017-01-16,comment_only_user_day,34,12,0.35294117647058826
2017-01-16,question_user_day,16,5,0.3125
2017-01-17,answer_user_day,23,6,0.2608695652173913
2017-01-17,comment_only_user_day,50,19,0.38
2017-01-17,question_user_day,27,7,0.25925925925925924
2017-01-18,answer_user_day,27,15,0.5555555555555556
2017-01-18,comment_only_user_day,36,12,0.3333333333333333
2017-01-18,question_user_day,17,5,0.29411764705882354
2017-01-19,answer_user_day,26,13,0.5
2017-01-19,comment_only_user_day,49,11,0.22448979591836735
2017-01-19,question_user_day,20,6,0.3
2017-01-20,answer_user_day,19,7,0.3684210526315789
2017-01-20,comment_only_user_day,47,9,0.19148936170212766
2017-01-20,question_user_day,11,2,0.18181818181818182
2017-01-21,answer_user_day,8,6,0.75
2017-01-21,comment_only_user_day,30,12,0.4
2017-01-21,question_user_day,9,3,0.3333333333333333
2017-01-22,answer_user_day,12,5,0.4166666666666667
2017-01-22,comment_only_user_day,39,12,0.3076923076923077
2017-01-22,question_user_day,12,1,0.08333333333333333
2017-01-23,answer_user_day,21,12,0.5714285714285714
2017-01-23,comment_only_user_day,35,7,0.2
2017-01-23,question_user_day,17,3,0.17647058823529413
2017-01-24,answer_user_day,20,10,0.5
2017-01-24,comment_only_user_day,42,10,0.23809523809523808
2017-01-24,question_user_day,19,4,0.21052631578947367
2017-01-25,answer_user_day,29,13,0.4482758620689655
2017-01-25,comment_only_user_day,34,15,0.4411764705882353
2017-01-25,question_user_day,20,5,0.25
2017-01-26,answer_user_day,21,11,0.5238095238095238
2017-01-26,comment_only_user_day,49,12,0.24489795918367346
2017-01-26,question_user_day,21,7,0.3333333333333333
2017-01-27,answer_user_day,13,6,0.46153846153846156
2017-01-27,comment_only_user_day,44,6,0.13636363636363635
2017-01-27,question_user_day,12,2,0.16666666666666666
2017-01-28,answer_user_day,8,5,0.625
2017-01-28,comment_only_user_day,22,9,0.4090909090909091
2017-01-28,question_user_day,13,3,0.23076923076923078
2017-01-29,answer_user_day,24,10,0.4166666666666667
2017-01-29,comment_only_user_day,25,6,0.24
2017-01-29,question_user_day,18,3,0.16666666666666666
2017-01-30,answer_user_day,17,6,0.35294117647058826
2017-01-30,comment_only_user_day,43,9,0.20930232558139536
2017-01-30,question_user_day,13,3,0.23076923076923078
2017-01-31,answer_user_day,21,10,0.47619047619047616
2017-01-31,comment_only_user_day,26,9,0.34615384615384615
2017-01-31,question_user_day,18,2,0.1111111111111111
2017-02-01,answer_user_day,17,10,0.5882352941176471
2017-02-01,comment_only_user_day,34,11,0.3235294117647059
2017-02-01,question_user_day,18,7,0.3888888888888889
2017-02-02,answer_user_day,13,8,0.6153846153846154
2017-02-02,comment_only_user_day,40,12,0.3
2017-02-02,question_user_day,16,2,0.125
2017-02-03,answer_user_day,23,11,0.4782608695652174
2017-02-03,comment_only_user_day,33,10,0.30303030303030304
2017-02-03,question_user_day,25,2,0.08
2017-02-04,answer_user_day,11,4,0.36363636363636365
2017-02-04,comment_only_user_day,35,14,0.4
2017-02-04,question_user_day,16,4,0.25
2017-02-05,answer_user_day,15,11,0.7333333333333333
2017-02-05,comment_only_user_day,24,6,0.25
2017-02-05,question_user_day,11,4,0.36363636363636365
2017-02-06,answer_user_day,27,10,0.37037037037037035
2017-02-06,comment_only_user_day,46,13,0.2826086956521739
2017-02-06,question_user_day,23,2,0.08695652173913043
2017-02-07,answer_user_day,19,8,0.42105263157894735
2017-02-07,comment_only_user_day,34,10,0.29411764705882354
2017-02-07,question_user_day,12,2,0.16666666666666666
2017-02-08,answer_user_day,20,11,0.55
2017-02-08,comment_only_user_day,35,9,0.2571428571428571
2017-02-08,question_user_day,18,4,0.2222222222222222
2017-02-09,answer_user_day,21,8,0.38095238095238093
2017-02-09,comment_only_user_day,37,10,0.2702702702702703
2017-02-09,question_user_day,19,4,0.21052631578947367
2017-02-10,answer_user_day,11,4,0.36363636363636365
2017-02-10,comment_only_user_day,38,15,0.39473684210526316
2017-02-10,question_user_day,10,2,0.2
2017-02-11,answer_user_day,20,9,0.45
2017-02-11,comment_only_user_day,27,7,0.25925925925925924
2017-02-11,question_user_day,13,3,0.23076923076923078
2017-02-12,answer_user_day,13,10,0.7692307692307693
2017-02-12,comment_only_user_day,32,14,0.4375
2017-02-12,question_user_day,13,3,0.23076923076923078
2017-02-13,answer_user_day,23,8,0.34782608695652173
2017-02-13,comment_only_user_day,47,15,0.3191489361702128
2017-02-13,question_user_day,11,2,0.18181818181818182
2017-02-14,answer_user_day,28,13,0.4642857142857143
2017-02-14,comment_only_user_day,38,9,0.23684210526315788
2017-02-14,question_user_day,22,9,0.4090909090909091
2017-02-15,answer_user_day,19,10,0.5263157894736842
2017-02-15,comment_only_user_day,54,15,0.2777777777777778
2017-02-15,question_user_day,16,3,0.1875
2017-02-16,answer_user_day,19,10,0.5263157894736842
2017-02-16,comment_only_user_day,39,12,0.3076923076923077
2017-02-16,question_user_day,15,4,0.26666666666666666
2017-02-17,answer_user_day,19,5,0.2631578947368421
2017-02-17,comment_only_user_day,37,9,0.24324324324324326
2017-02-17,question_user_day,15,3,0.2
2017-02-18,answer_user_day,13,8,0.6153846153846154
2017-02-18,comment_only_user_day,31,11,0.3548387096774194
2017-02-18,question_user_day,14,4,0.2857142857142857
2017-02-19,answer_user_day,17,10,0.5882352941176471
2017-02-19,comment_only_user_day,28,8,0.2857142857142857
2017-02-19,question_user_day,10,2,0.2
2017-02-20,answer_user_day,22,11,0.5
2017-02-20,comment_only_user_day,45,12,0.26666666666666666
2017-02-20,question_user_day,16,5,0.3125
2017-02-21,answer_user_day,30,11,0.36666666666666664
2017-02-21,comment_only_user_day,41,8,0.1951219512195122
2017-02-21,question_user_day,19,5,0.2631578947368421
2017-02-22,answer_user_day,20,8,0.4
2017-02-22,comment_only_user_day,32,12,0.375
2017-02-22,question_user_day,20,5,0.25
2017-02-23,answer_user_day,19,9,0.47368421052631576
2017-02-23,comment_only_user_day,35,7,0.2
2017-02-23,question_user_day,17,3,0.17647058823529413
2017-02-24,answer_user_day,28,11,0.39285714285714285
2017-02-24,comment_only_user_day,35,10,0.2857142857142857
2017-02-24,question_user_day,16,1,0.0625
2017-02-25,answer_user_day,20,9,0.45
2017-02-25,comment_only_user_day,22,5,0.22727272727272727
2017-02-25,question_user_day,20,2,0.1
2017-02-26,answer_user_day,16,7,0.4375
2017-02-26,comment_only_user_day,23,7,0.30434782608695654
2017-02-26,question_user_day,9,1,0.1111111111111111
2017-02-27,answer_user_day,21,5,0.23809523809523808
2017-02-27,comment_only_user_day,48,12,0.25
2017-02-27,question_user_day,19,7,0.3684210526315789
2017-02-28,answer_user_day,20,10,0.5
2017-02-28,comment_only_user_day,42,14,0.3333333333333333
2017-02-28,question_user_day,16,5,0.3125
2017-03-01,answer_user_day,26,11,0.4230769230769231
2017-03-01,comment_only_user_day,39,18,0.46153846153846156
2017-03-01,question_user_day,24,6,0.25
2017-03-02,answer_user_day,39,13,0.3333333333333333
2017-03-02,comment_only_user_day,56,10,0.17857142857142858
2017-03-02,question_user_day,24,2,0.08333333333333333
2017-03-03,answer_user_day,24,11,0.4583333333333333
2017-03-03,comment_only_user_day,34,6,0.17647058823529413
2017-03-03,question_user_day,16,3,0.1875
2017-03-04,answer_user_day,21,8,0.38095238095238093
2017-03-04,comment_only_user_day,31,9,0.2903225806451613
2017-03-04,question_user_day,9,0,0.0
2017-03-05,answer_user_day,16,5,0.3125
2017-03-05,comment_only_user_day,25,13,0.52
2017-03-05,question_user_day,14,3,0.21428571428571427
2017-03-06,answer_user_day,20,11,0.55
2017-03-06,comment_only_user_day,63,17,0.2698412698412698
2017-03-06,question_user_day,15,6,0.4
2017-03-07,answer_user_day,30,11,0.36666666666666664
2017-03-07,comment_only_user_day,52,18,0.34615384615384615
2017-03-07,question_user_day,22,4,0.18181818181818182
2017-03-08,answer_user_day,16,6,0.375
2017-03-08,comment_only_user_day,56,10,0.17857142857142858
2017-03-08,question_user_day,14,3,0.21428571428571427
2017-03-09,answer_user_day,20,4,0.2
2017-03-09,comment_only_user_day,47,8,0.1702127659574468
2017-03-09,question_user_day,18,1,0.05555555555555555
2017-03-10,answer_user_day,10,4,0.4
2017-03-10,comment_only_user_day,37,6,0.16216216216216217
2017-03-10,question_user_day,10,1,0.1
2017-03-11,answer_user_day,11,7,0.6363636363636364
2017-03-11,comment_only_user_day,21,6,0.2857142857142857
2017-03-11,question_user_day,5,1,0.2
2017-03-12,answer_user_day,16,9,0.5625
2017-03-12,comment_only_user_day,31,14,0.45161290322580644
2017-03-12,question_user_day,19,6,0.3157894736842105
2017-03-13,answer_user_day,17,9,0.5294117647058824
2017-03-13,comment_only_user_day,46,13,0.2826086956521739
2017-03-13,question_user_day,19,6,0.3157894736842105
2017-03-14,answer_user_day,28,13,0.4642857142857143
2017-03-14,comment_only_user_day,49,10,0.20408163265306123
2017-03-14,question_user_day,17,0,0.0
2017-03-15,answer_user_day,20,13,0.65
2017-03-15,comment_only_user_day,35,10,0.2857142857142857
2017-03-15,question_user_day,16,4,0.25
2017-03-16,answer_user_day,23,8,0.34782608695652173
2017-03-16,comment_only_user_day,35,10,0.2857142857142857
2017-03-16,question_user_day,20,3,0.15
2017-03-17,answer_user_day,14,8,0.5714285714285714
2017-03-17,comment_only_user_day,37,9,0.24324324324324326
2017-03-17,question_user_day,12,2,0.16666666666666666
2017-03-18,answer_user_day,14,8,0.5714285714285714
2017-03-18,comment_only_user_day,31,9,0.2903225806451613
2017-03-18,question_user_day,16,1,0.0625
2017-03-19,answer_user_day,13,6,0.46153846153846156
2017-03-19,comment_only_user_day,23,7,0.30434782608695654
2017-03-19,question_user_day,12,3,0.25
2017-03-20,answer_user_day,16,11,0.6875
2017-03-20,comment_only_user_day,41,11,0.2682926829268293
2017-03-20,question_user_day,14,1,0.07142857142857142
2017-03-21,answer_user_day,25,7,0.28
2017-03-21,comment_only_user_day,45,14,0.3111111111111111
2017-03-21,question_user_day,12,0,0.0
2017-03-22,answer_user_day,18,8,0.4444444444444444
2017-03-22,comment_only_user_day,44,18,0.4090909090909091
2017-03-22,question_user_day,17,4,0.23529411764705882
2017-03-23,answer_user_day,30,16,0.5333333333333333
2017-03-23,comment_only_user_day,52,14,0.2692307692307692
2017-03-23,question_user_day,18,2,0.1111111111111111
2017-03-24,answer_user_day,30,12,0.4
2017-03-24,comment_only_user_day,57,7,0.12280701754385964
2017-03-24,question_user_day,19,3,0.15789473684210525
2017-03-25,answer_user_day,14,8,0.5714285714285714
2017-03-25,comment_only_user_day,31,12,0.3870967741935484
2017-03-25,question_user_day,16,3,0.1875
2017-03-26,answer_user_day,19,9,0.47368421052631576
2017-03-26,comment_only_user_day,37,12,0.32432432432432434
2017-03-26,question_user_day,12,3,0.25
2017-03-27,answer_user_day,18,8,0.4444444444444444
2017-03-27,comment_only_user_day,57,15,0.2631578947368421
2017-03-27,question_user_day,12,3,0.25
2017-03-28,answer_user_day,21,7,0.3333333333333333
2017-03-28,comment_only_user_day,36,10,0.2777777777777778
2017-03-28,question_user_day,16,4,0.25
2017-03-29,answer_user_day,22,11,0.5
2017-03-29,comment_only_user_day,45,11,0.24444444444444444
2017-03-29,question_user_day,23,2,0.08695652173913043
2017-03-30,answer_user_day,19,9,0.47368421052631576
2017-03-30,comment_only_user_day,36,12,0.3333333333333333
2017-03-30,question_user_day,14,4,0.2857142857142857
2017-03-31,answer_user_day,15,6,0.4
2017-03-31,comment_only_user_day,39,9,0.23076923076923078
2017-03-31,question_user_day,13,3,0.23076923076923078
2017-04-01,answer_user_day,14,9,0.6428571428571429
2017-04-01,comment_only_user_day,24,6,0.25
2017-04-01,question_user_day,18,4,0.2222222222222222
2017-04-02,answer_user_day,12,7,0.5833333333333334
2017-04-02,comment_only_user_day,23,5,0.21739130434782608
2017-04-02,question_user_day,11,5,0.45454545454545453
2017-04-03,answer_user_day,19,11,0.5789473684210527
2017-04-03,comment_only_user_day,31,6,0.1935483870967742
2017-04-03,question_user_day,16,5,0.3125
2017-04-04,answer_user_day,29,13,0.4482758620689655
2017-04-04,comment_only_user_day,45,5,0.1111111111111111
2017-04-04,question_user_day,18,5,0.2777777777777778
2017-04-05,answer_user_day,15,7,0.4666666666666667
2017-04-05,comment_only_user_day,43,11,0.2558139534883721
2017-04-05,question_user_day,13,2,0.15384615384615385
2017-04-06,answer_user_day,25,8,0.32
2017-04-06,comment_only_user_day,49,9,0.1836734693877551
2017-04-06,question_user_day,17,3,0.17647058823529413
2017-04-07,answer_user_day,14,8,0.5714285714285714
2017-04-07,comment_only_user_day,31,11,0.3548387096774194
2017-04-07,question_user_day,13,4,0.3076923076923077
2017-04-08,answer_user_day,16,9,0.5625
2017-04-08,comment_only_user_day,19,9,0.47368421052631576
2017-04-08,question_user_day,13,0,0.0
2017-04-09,answer_user_day,16,7,0.4375
2017-04-09,comment_only_user_day,24,9,0.375
2017-04-09,question_user_day,13,3,0.23076923076923078
2017-04-10,answer_user_day,31,12,0.3870967741935484
2017-04-10,comment_only_user_day,40,10,0.25
2017-04-10,question_user_day,20,5,0.25
2017-04-11,answer_user_day,21,14,0.6666666666666666
2017-04-11,comment_only_user_day,47,10,0.2127659574468085
2017-04-11,question_user_day,12,0,0.0
2017-04-12,answer_user_day,24,10,0.4166666666666667
2017-04-12,comment_only_user_day,39,10,0.2564102564102564
2017-04-12,question_user_day,14,3,0.21428571428571427
2017-04-13,answer_user_day,16,10,0.625
2017-04-13,comment_only_user_day,36,10,0.2777777777777778
2017-04-13,question_user_day,19,6,0.3157894736842105
2017-04-14,answer_user_day,18,7,0.3888888888888889
2017-04-14,comment_only_user_day,36,5,0.1388888888888889
2017-04-14,question_user_day,19,4,0.21052631578947367
2017-04-15,answer_user_day,11,4,0.36363636363636365
2017-04-15,comment_only_user_day,31,11,0.3548387096774194
2017-04-15,question_user_day,10,4,0.4
2017-04-16,answer_user_day,17,8,0.47058823529411764
2017-04-16,comment_only_user_day,30,12,0.4
2017-04-16,question_user_day,12,3,0.25
2017-04-17,answer_user_day,23,8,0.34782608695652173
2017-04-17,comment_only_user_day,34,10,0.29411764705882354
2017-04-17,question_user_day,20,2,0.1
2017-04-18,answer_user_day,17,9,0.5294117647058824
2017-04-18,comment_only_user_day,40,12,0.3
2017-04-18,question_user_day,11,2,0.18181818181818182
2017-04-19,answer_user_day,23,7,0.30434782608695654
2017-04-19,comment_only_user_day,42,21,0.5
2017-04-19,question_user_day,19,2,0.10526315789473684
2017-04-20,answer_user_day,20,9,0.45
2017-04-20,comment_only_user_day,42,14,0.3333333333333333
2017-04-20,question_user_day,18,5,0.2777777777777778
2017-04-21,answer_user_day,14,6,0.42857142857142855
2017-04-21,comment_only_user_day,43,16,0.37209302325581395
2017-04-21,question_user_day,19,2,0.10526315789473684
2017-04-22,answer_user_day,12,5,0.4166666666666667
2017-04-22,comment_only_user_day,41,12,0.2926829268292683
2017-04-22,question_user_day,12,4,0.3333333333333333
2017-04-23,answer_user_day,12,5,0.4166666666666667
2017-04-23,comment_only_user_day,38,8,0.21052631578947367
2017-04-23,question_user_day,9,4,0.4444444444444444
2017-04-24,answer_user_day,15,7,0.4666666666666667
2017-04-24,comment_only_user_day,32,11,0.34375
2017-04-24,question_user_day,12,2,0.16666666666666666
2017-04-25,answer_user_day,14,9,0.6428571428571429
2017-04-25,comment_only_user_day,37,12,0.32432432432432434
2017-04-25,question_user_day,17,4,0.23529411764705882
2017-04-26,answer_user_day,21,12,0.5714285714285714
2017-04-26,comment_only_user_day,27,11,0.4074074074074074
2017-04-26,question_user_day,20,6,0.3
2017-04-27,answer_user_day,21,9,0.42857142857142855
2017-04-27,comment_only_user_day,46,14,0.30434782608695654
2017-04-27,question_user_day,19,4,0.21052631578947367
2017-04-28,answer_user_day,12,4,0.3333333333333333
2017-04-28,comment_only_user_day,38,8,0.21052631578947367
2017-04-28,question_user_day,11,4,0.36363636363636365
2017-04-29,answer_user_day,10,3,0.3
2017-04-29,comment_only_user_day,16,5,0.3125
2017-04-29,question_user_day,10,0,0.0
2017-04-30,answer_user_day,17,3,0.17647058823529413
2017-04-30,comment_only_user_day,19,5,0.2631578947368421
2017-04-30,question_user_day,7,1,0.14285714285714285
2017-05-01,answer_user_day,8,5,0.625
2017-05-01,comment_only_user_day,32,7,0.21875
2017-05-01,question_user_day,16,0,0.0
2017-05-02,answer_user_day,9,5,0.5555555555555556
2017-05-02,comment_only_user_day,29,17,0.5862068965517241
2017-05-02,question_user_day,17,5,0.29411764705882354
2017-05-03,answer_user_day,22,14,0.6363636363636364
2017-05-03,comment_only_user_day,48,10,0.20833333333333334
2017-05-03,question_user_day,25,1,0.04
2017-05-04,answer_user_day,21,11,0.5238095238095238
2017-05-04,comment_only_user_day,33,6,0.18181818181818182
2017-05-04,question_user_day,23,2,0.08695652173913043
2017-05-05,answer_user_day,18,5,0.2777777777777778
2017-05-05,comment_only_user_day,32,7,0.21875
2017-05-05,question_user_day,13,2,0.15384615384615385
2017-05-06,answer_user_day,8,3,0.375
2017-05-06,comment_only_user_day,18,4,0.2222222222222222
2017-05-06,question_user_day,12,4,0.3333333333333333
2017-05-07,answer_user_day,17,12,0.7058823529411765
2017-05-07,comment_only_user_day,19,11,0.5789473684210527
2017-05-07,question_user_day,22,5,0.22727272727272727
2017-05-08,answer_user_day,23,11,0.4782608695652174
2017-05-08,comment_only_user_day,39,11,0.28205128205128205
2017-05-08,question_user_day,18,3,0.16666666666666666
2017-05-09,answer_user_day,15,11,0.7333333333333333
2017-05-09,comment_only_user_day,39,13,0.3333333333333333
2017-05-09,question_user_day,17,2,0.11764705882352941
2017-05-10,answer_user_day,22,11,0.5
2017-05-10,comment_only_user_day,49,13,0.2653061224489796
2017-05-10,question_user_day,19,6,0.3157894736842105
2017-05-11,answer_user_day,22,6,0.2727272727272727
2017-05-11,comment_only_user_day,37,10,0.2702702702702703
2017-05-11,question_user_day,23,6,0.2608695652173913
2017-05-12,answer_user_day,18,11,0.6111111111111112
2017-05-12,comment_only_user_day,26,4,0.15384615384615385
2017-05-12,question_user_day,13,1,0.07692307692307693
2017-05-13,answer_user_day,11,5,0.45454545454545453
2017-05-13,comment_only_user_day,23,6,0.2608695652173913
2017-05-13,question_user_day,10,5,0.5
2017-05-14,answer_user_day,9,5,0.5555555555555556
2017-05-14,comment_only_user_day,20,6,0.3
2017-05-14,question_user_day,9,2,0.2222222222222222
2017-05-15,answer_user_day,14,7,0.5
2017-05-15,comment_only_user_day,25,11,0.44
2017-05-15,question_user_day,13,1,0.07692307692307693
2017-05-16,answer_user_day,21,10,0.47619047619047616
2017-05-16,comment_only_user_day,49,14,0.2857142857142857
2017-05-16,question_user_day,25,2,0.08
2017-05-17,answer_user_day,15,10,0.6666666666666666
2017-05-17,comment_only_user_day,40,10,0.25
2017-05-17,question_user_day,16,5,0.3125
2017-05-18,answer_user_day,28,10,0.35714285714285715
2017-05-18,comment_only_user_day,43,13,0.3023255813953488
2017-05-18,question_user_day,17,1,0.058823529411764705
2017-05-19,answer_user_day,10,5,0.5
2017-05-19,comment_only_user_day,46,7,0.15217391304347827
2017-05-19,question_user_day,18,5,0.2777777777777778
2017-05-20,answer_user_day,19,8,0.42105263157894735
2017-05-20,comment_only_user_day,16,4,0.25
2017-05-20,question_user_day,10,1,0.1
2017-05-21,answer_user_day,9,6,0.6666666666666666
2017-05-21,comment_only_user_day,23,9,0.391304347826087
2017-05-21,question_user_day,13,2,0.15384615384615385
2017-05-22,answer_user_day,17,8,0.47058823529411764
2017-05-22,comment_only_user_day,37,10,0.2702702702702703
2017-05-22,question_user_day,11,4,0.36363636363636365
2017-05-23,answer_user_day,23,6,0.2608695652173913
2017-05-23,comment_only_user_day,55,2,0.03636363636363636
2017-05-23,question_user_day,16,1,0.0625
2017-05-24,answer_user_day,15,6,0.4
2017-05-24,comment_only_user_day,22,5,0.22727272727272727
2017-05-24,question_user_day,21,3,0.14285714285714285
2017-05-25,answer_user_day,15,7,0.4666666666666667
2017-05-25,comment_only_user_day,24,5,0.20833333333333334
2017-05-25,question_user_day,14,1,0.07142857142857142
2017-05-26,answer_user_day,17,7,0.4117647058823529
2017-05-26,comment_only_user_day,39,7,0.1794871794871795
2017-05-26,question_user_day,13,1,0.07692307692307693
2017-05-27,answer_user_day,13,6,0.46153846153846156
2017-05-27,comment_only_user_day,22,5,0.22727272727272727
2017-05-27,question_user_day,14,4,0.2857142857142857
2017-05-28,answer_user_day,11,4,0.36363636363636365
2017-05-28,comment_only_user_day,31,11,0.3548387096774194
2017-05-28,question_user_day,9,1,0.1111111111111111
2017-05-29,answer_user_day,24,11,0.4583333333333333
2017-05-29,comment_only_user_day,43,17,0.3953488372093023
2017-05-29,question_user_day,16,5,0.3125
2017-05-30,answer_user_day,20,10,0.5
2017-05-30,comment_only_user_day,55,17,0.3090909090909091
2017-05-30,question_user_day,19,1,0.05263157894736842
2017-05-31,answer_user_day,23,12,0.5217391304347826
2017-05-31,comment_only_user_day,54,17,0.3148148148148148
2017-05-31,question_user_day,25,6,0.24
2017-06-01,answer_user_day,16,9,0.5625
2017-06-01,comment_only_user_day,57,16,0.2807017543859649
2017-06-01,question_user_day,21,2,0.09523809523809523
2017-06-02,answer_user_day,13,7,0.5384615384615384
2017-06-02,comment_only_user_day,54,11,0.2037037037037037
2017-06-02,question_user_day,19,2,0.10526315789473684
2017-06-03,answer_user_day,20,10,0.5
2017-06-03,comment_only_user_day,21,10,0.47619047619047616
2017-06-03,question_user_day,21,3,0.14285714285714285
2017-06-04,answer_user_day,21,12,0.5714285714285714
2017-06-04,comment_only_user_day,45,15,0.3333333333333333
2017-06-04,question_user_day,21,4,0.19047619047619047
2017-06-05,answer_user_day,27,12,0.4444444444444444
2017-06-05,comment_only_user_day,57,11,0.19298245614035087
2017-06-05,question_user_day,29,3,0.10344827586206896
2017-06-06,answer_user_day,26,13,0.5
2017-06-06,comment_only_user_day,58,18,0.3103448275862069
2017-06-06,question_user_day,17,2,0.11764705882352941
2017-06-07,answer_user_day,25,6,0.24
2017-06-07,comment_only_user_day,44,16,0.36363636363636365
2017-06-07,question_user_day,22,7,0.3181818181818182
2017-06-08,answer_user_day,20,7,0.35
2017-06-08,comment_only_user_day,36,14,0.3888888888888889
2017-06-08,question_user_day,13,8,0.6153846153846154
2017-06-09,answer_user_day,20,8,0.4
2017-06-09,comment_only_user_day,49,13,0.2653061224489796
2017-06-09,question_user_day,21,3,0.14285714285714285
2017-06-10,answer_user_day,9,5,0.5555555555555556
2017-06-10,comment_only_user_day,34,8,0.23529411764705882
2017-06-10,question_user_day,12,7,0.5833333333333334
2017-06-11,answer_user_day,9,4,0.4444444444444444
2017-06-11,comment_only_user_day,32,9,0.28125
2017-06-11,question_user_day,10,1,0.1
2017-06-12,answer_user_day,18,5,0.2777777777777778
2017-06-12,comment_only_user_day,43,11,0.2558139534883721
2017-06-12,question_user_day,22,7,0.3181818181818182
2017-06-13,answer_user_day,37,15,0.40540540540540543
2017-06-13,comment_only_user_day,46,8,0.17391304347826086
2017-06-13,question_user_day,23,5,0.21739130434782608
2017-06-14,answer_user_day,16,4,0.25
2017-06-14,comment_only_user_day,49,7,0.14285714285714285
2017-06-14,question_user_day,15,3,0.2
2017-06-15,answer_user_day,15,5,0.3333333333333333
2017-06-15,comment_only_user_day,29,5,0.1724137931034483
2017-06-15,question_user_day,16,4,0.25
2017-06-16,answer_user_day,18,11,0.6111111111111112
2017-06-16,comment_only_user_day,44,8,0.18181818181818182
2017-06-16,question_user_day,17,4,0.23529411764705882
2017-06-17,answer_user_day,34,14,0.4117647058823529
2017-06-17,comment_only_user_day,37,9,0.24324324324324326
2017-06-17,question_user_day,20,2,0.1
2017-06-18,answer_user_day,25,11,0.44
2017-06-18,comment_only_user_day,39,16,0.41025641025641024
2017-06-18,question_user_day,13,1,0.07692307692307693
2017-06-19,answer_user_day,26,13,0.5
2017-06-19,comment_only_user_day,46,16,0.34782608695652173
2017-06-19,question_user_day,19,6,0.3157894736842105
2017-06-20,answer_user_day,31,12,0.3870967741935484
2017-06-20,comment_only_user_day,50,14,0.28
2017-06-20,question_user_day,24,2,0.08333333333333333
2017-06-21,answer_user_day,18,8,0.4444444444444444
2017-06-21,comment_only_user_day,39,11,0.28205128205128205
2017-06-21,question_user_day,24,7,0.2916666666666667
2017-06-22,answer_user_day,25,10,0.4
2017-06-22,comment_only_user_day,53,17,0.32075471698113206
2017-06-22,question_user_day,23,5,0.21739130434782608
2017-06-23,answer_user_day,16,7,0.4375
2017-06-23,comment_only_user_day,42,9,0.21428571428571427
2017-06-23,question_user_day,13,1,0.07692307692307693
2017-06-24,answer_user_day,16,7,0.4375
2017-06-24,comment_only_user_day,28,6,0.21428571428571427
2017-06-24,question_user_day,26,7,0.2692307692307692
2017-06-25,answer_user_day,19,13,0.6842105263157895
2017-06-25,comment_only_user_day,28,5,0.17857142857142858
2017-06-25,question_user_day,12,8,0.6666666666666666
2017-06-26,answer_user_day,15,7,0.4666666666666667
2017-06-26,comment_only_user_day,50,12,0.24
2017-06-26,question_user_day,15,3,0.2
2017-06-27,answer_user_day,24,9,0.375
2017-06-27,comment_only_user_day,37,9,0.24324324324324326
2017-06-27,question_user_day,20,1,0.05
2017-06-28,answer_user_day,18,7,0.3888888888888889
2017-06-28,comment_only_user_day,30,7,0.23333333333333334
2017-06-28,question_user_day,19,4,0.21052631578947367
2017-06-29,answer_user_day,19,9,0.47368421052631576
2017-06-29,comment_only_user_day,25,7,0.28
2017-06-29,question_user_day,20,2,0.1
2017-06-30,answer_user_day,22,10,0.45454545454545453
2017-06-30,comment_only_user_day,26,6,0.23076923076923078
2017-06-30,question_user_day,21,6,0.2857142857142857
2017-07-01,answer_user_day,14,6,0.42857142857142855
2017-07-01,comment_only_user_day,26,8,0.3076923076923077
2017-07-01,question_user_day,11,2,0.18181818181818182
2017-07-02,answer_user_day,13,7,0.5384615384615384
2017-07-02,comment_only_user_day,31,7,0.22580645161290322
2017-07-02,question_user_day,18,3,0.16666666666666666
2017-07-03,answer_user_day,19,7,0.3684210526315789
2017-07-03,comment_only_user_day,43,20,0.46511627906976744
2017-07-03,question_user_day,18,5,0.2777777777777778
2017-07-04,answer_user_day,32,8,0.25
2017-07-04,comment_only_user_day,42,12,0.2857142857142857
2017-07-04,question_user_day,24,7,0.2916666666666667
2017-07-05,answer_user_day,19,9,0.47368421052631576
2017-07-05,comment_only_user_day,48,13,0.2708333333333333
2017-07-05,question_user_day,17,4,0.23529411764705882
2017-07-06,answer_user_day,18,6,0.3333333333333333
2017-07-06,comment_only_user_day,46,13,0.2826086956521739
2017-07-06,question_user_day,13,3,0.23076923076923078
2017-07-07,answer_user_day,15,10,0.6666666666666666
2017-07-07,comment_only_user_day,28,9,0.32142857142857145
2017-07-07,question_user_day,23,2,0.08695652173913043
2017-07-08,answer_user_day,19,10,0.5263157894736842
2017-07-08,comment_only_user_day,23,5,0.21739130434782608
2017-07-08,question_user_day,20,1,0.05
2017-07-09,answer_user_day,20,14,0.7
2017-07-09,comment_only_user_day,36,9,0.25
2017-07-09,question_user_day,14,4,0.2857142857142857
2017-07-10,answer_user_day,40,18,0.45
2017-07-10,comment_only_user_day,50,9,0.18
2017-07-10,question_user_day,31,6,0.1935483870967742
2017-07-11,answer_user_day,27,14,0.5185185185185185
2017-07-11,comment_only_user_day,49,11,0.22448979591836735
2017-07-11,question_user_day,23,2,0.08695652173913043
2017-07-12,answer_user_day,22,10,0.45454545454545453
2017-07-12,comment_only_user_day,51,17,0.3333333333333333
2017-07-12,question_user_day,18,2,0.1111111111111111
2017-07-13,answer_user_day,23,10,0.43478260869565216
2017-07-13,comment_only_user_day,48,15,0.3125
2017-07-13,question_user_day,12,2,0.16666666666666666
2017-07-14,answer_user_day,22,8,0.36363636363636365
2017-07-14,comment_only_user_day,45,7,0.15555555555555556
2017-07-14,question_user_day,15,2,0.13333333333333333
2017-07-15,answer_user_day,12,6,0.5
2017-07-15,comment_only_user_day,25,10,0.4
2017-07-15,question_user_day,10,3,0.3
2017-07-16,answer_user_day,23,12,0.5217391304347826
2017-07-16,comment_only_user_day,39,11,0.28205128205128205
2017-07-16,question_user_day,15,5,0.3333333333333333
2017-07-17,answer_user_day,29,15,0.5172413793103449
2017-07-17,comment_only_user_day,51,17,0.3333333333333333
2017-07-17,question_user_day,21,4,0.19047619047619047
2017-07-18,answer_user_day,35,11,0.3142857142857143
2017-07-18,comment_only_user_day,46,13,0.2826086956521739
2017-07-18,question_user_day,24,3,0.125
2017-07-19,answer_user_day,18,10,0.5555555555555556
2017-07-19,comment_only_user_day,46,11,0.2391304347826087
2017-07-19,question_user_day,17,2,0.11764705882352941
2017-07-20,answer_user_day,24,8,0.3333333333333333
2017-07-20,comment_only_user_day,36,10,0.2777777777777778
2017-07-20,question_user_day,17,4,0.23529411764705882
2017-07-21,answer_user_day,25,5,0.2
2017-07-21,comment_only_user_day,47,8,0.1702127659574468
2017-07-21,question_user_day,18,3,0.16666666666666666
2017-07-22,answer_user_day,15,6,0.4
2017-07-22,comment_only_user_day,34,16,0.47058823529411764
2017-07-22,question_user_day,10,4,0.4
2017-07-23,answer_user_day,23,11,0.4782608695652174
2017-07-23,comment_only_user_day,41,15,0.36585365853658536
2017-07-23,question_user_day,22,6,0.2727272727272727
2017-07-24,answer_user_day,30,16,0.5333333333333333
2017-07-24,comment_only_user_day,76,18,0.23684210526315788
2017-07-24,question_user_day,26,6,0.23076923076923078
2017-07-25,answer_user_day,19,6,0.3157894736842105
2017-07-25,comment_only_user_day,79,12,0.1518987341772152
2017-07-25,question_user_day,16,5,0.3125
2017-07-26,answer_user_day,24,6,0.25
2017-07-26,comment_only_user_day,45,13,0.28888888888888886
2017-07-26,question_user_day,20,3,0.15
2017-07-27,answer_user_day,23,6,0.2608695652173913
2017-07-27,comment_only_user_day,53,6,0.11320754716981132
2017-07-27,question_user_day,18,1,0.05555555555555555
2017-07-28,answer_user_day,26,9,0.34615384615384615
2017-07-28,comment_only_user_day,32,3,0.09375
2017-07-28,question_user_day,14,2,0.14285714285714285
2017-07-29,answer_user_day,14,7,0.5
2017-07-29,comment_only_user_day,30,13,0.43333333333333335
2017-07-29,question_user_day,7,0,0.0
2017-07-30,answer_user_day,16,7,0.4375
2017-07-30,comment_only_user_day,25,7,0.28
2017-07-30,question_user_day,12,1,0.08333333333333333
2017-07-31,answer_user_day,22,7,0.3181818181818182
2017-07-31,comment_only_user_day,28,10,0.35714285714285715
2017-07-31,question_user_day,18,4,0.2222222222222222
2017-08-01,answer_user_day,27,13,0.48148148148148145
2017-08-01,comment_only_user_day,39,13,0.3333333333333333
2017-08-01,question_user_day,20,3,0.15
2017-08-02,answer_user_day,22,7,0.3181818181818182
2017-08-02,comment_only_user_day,50,14,0.28
2017-08-02,question_user_day,17,3,0.17647058823529413
2017-08-03,answer_user_day,22,8,0.36363636363636365
2017-08-03,comment_only_user_day,42,8,0.19047619047619047
2017-08-03,question_user_day,16,3,0.1875
2017-08-04,answer_user_day,28,9,0.32142857142857145
2017-08-04,comment_only_user_day,40,14,0.35
2017-08-04,question_user_day,26,4,0.15384615384615385
2017-08-05,answer_user_day,17,7,0.4117647058823529
2017-08-05,comment_only_user_day,44,13,0.29545454545454547
2017-08-05,question_user_day,14,2,0.14285714285714285
2017-08-06,answer_user_day,20,10,0.5
2017-08-06,comment_only_user_day,33,10,0.30303030303030304
2017-08-06,question_user_day,11,2,0.18181818181818182
2017-08-07,answer_user_day,23,10,0.43478260869565216
2017-08-07,comment_only_user_day,37,7,0.1891891891891892
2017-08-07,question_user_day,19,3,0.15789473684210525
2017-08-08,answer_user_day,27,14,0.5185185185185185
2017-08-08,comment_only_user_day,54,10,0.18518518518518517
2017-08-08,question_user_day,16,7,0.4375
2017-08-09,answer_user_day,28,14,0.5
2017-08-09,comment_only_user_day,50,13,0.26
2017-08-09,question_user_day,29,5,0.1724137931034483
2017-08-10,answer_user_day,24,12,0.5
2017-08-10,comment_only_user_day,42,8,0.19047619047619047
2017-08-10,question_user_day,20,4,0.2
2017-08-11,answer_user_day,27,12,0.4444444444444444
2017-08-11,comment_only_user_day,54,11,0.2037037037037037
2017-08-11,question_user_day,18,4,0.2222222222222222
2017-08-12,answer_user_day,20,12,0.6
2017-08-12,comment_only_user_day,45,11,0.24444444444444444
2017-08-12,question_user_day,13,1,0.07692307692307693
2017-08-13,answer_user_day,16,10,0.625
2017-08-13,comment_only_user_day,27,13,0.48148148148148145
2017-08-13,question_user_day,15,2,0.13333333333333333
2017-08-14,answer_user_day,29,10,0.3448275862068966
2017-08-14,comment_only_user_day,44,7,0.1590909090909091
2017-08-14,question_user_day,18,2,0.1111111111111111
2017-08-15,answer_user_day,16,9,0.5625
2017-08-15,comment_only_user_day,32,9,0.28125
2017-08-15,question_user_day,16,1,0.0625
2017-08-16,answer_user_day,29,13,0.4482758620689655
2017-08-16,comment_only_user_day,43,7,0.16279069767441862
2017-08-16,question_user_day,17,1,0.058823529411764705
2017-08-17,answer_user_day,29,15,0.5172413793103449
2017-08-17,comment_only_user_day,38,11,0.2894736842105263
2017-08-17,question_user_day,21,3,0.14285714285714285
2017-08-18,answer_user_day,17,6,0.35294117647058826
2017-08-18,comment_only_user_day,53,13,0.24528301886792453
2017-08-18,question_user_day,25,2,0.08
2017-08-19,answer_user_day,21,10,0.47619047619047616
2017-08-19,comment_only_user_day,30,12,0.4
2017-08-19,question_user_day,16,3,0.1875
2017-08-20,answer_user_day,23,10,0.43478260869565216
2017-08-20,comment_only_user_day,36,12,0.3333333333333333
2017-08-20,question_user_day,19,4,0.21052631578947367
2017-08-21,answer_user_day,23,14,0.6086956521739131
2017-08-21,comment_only_user_day,50,12,0.24
2017-08-21,question_user_day,14,4,0.2857142857142857
2017-08-22,answer_user_day,22,10,0.45454545454545453
2017-08-22,comment_only_user_day,53,14,0.2641509433962264
2017-08-22,question_user_day,17,5,0.29411764705882354
2017-08-23,answer_user_day,16,7,0.4375
2017-08-23,comment_only_user_day,57,13,0.22807017543859648
2017-08-23,question_user_day,14,4,0.2857142857142857
2017-08-24,answer_user_day,22,9,0.4090909090909091
2017-08-24,comment_only_user_day,45,14,0.3111111111111111
2017-08-24,question_user_day,19,3,0.15789473684210525
2017-08-25,answer_user_day,27,9,0.3333333333333333
2017-08-25,comment_only_user_day,54,9,0.16666666666666666
2017-08-25,question_user_day,16,3,0.1875
2017-08-26,answer_user_day,14,6,0.42857142857142855
2017-08-26,comment_only_user_day,34,7,0.20588235294117646
2017-08-26,question_user_day,11,4,0.36363636363636365
2017-08-27,answer_user_day,15,4,0.26666666666666666
2017-08-27,comment_only_user_day,30,10,0.3333333333333333
2017-08-27,question_user_day,13,0,0.0
2017-08-28,answer_user_day,18,11,0.6111111111111112
2017-08-28,comment_only_user_day,26,11,0.4230769230769231
2017-08-28,question_user_day,15,5,0.3333333333333333
2017-08-29,answer_user_day,27,15,0.5555555555555556
2017-08-29,comment_only_user_day,46,12,0.2608695652173913
2017-08-29,question_user_day,21,3,0.14285714285714285
2017-08-30,answer_user_day,27,11,0.4074074074074074
2017-08-30,comment_only_user_day,35,9,0.2571428571428571
2017-08-30,question_user_day,16,2,0.125
2017-08-31,answer_user_day,17,6,0.35294117647058826
2017-08-31,comment_only_user_day,43,14,0.32558139534883723
2017-08-31,question_user_day,14,1,0.07142857142857142
2017-09-01,answer_user_day,20,8,0.4
2017-09-01,comment_only_user_day,43,10,0.23255813953488372
2017-09-01,question_user_day,15,1,0.06666666666666667
2017-09-02,answer_user_day,18,8,0.4444444444444444
2017-09-02,comment_only_user_day,41,14,0.34146341463414637
2017-09-02,question_user_day,11,0,0.0
2017-09-03,answer_user_day,20,8,0.4
2017-09-03,comment_only_user_day,39,12,0.3076923076923077
2017-09-03,question_user_day,17,4,0.23529411764705882
2017-09-04,answer_user_day,29,9,0.3103448275862069
2017-09-04,comment_only_user_day,52,11,0.21153846153846154
2017-09-04,question_user_day,19,3,0.15789473684210525
2017-09-05,answer_user_day,23,8,0.34782608695652173
2017-09-05,comment_only_user_day,51,11,0.21568627450980393
2017-09-05,question_user_day,22,2,0.09090909090909091
2017-09-06,answer_user_day,23,11,0.4782608695652174
2017-09-06,comment_only_user_day,28,10,0.35714285714285715
2017-09-06,question_user_day,20,5,0.25
2017-09-07,answer_user_day,19,11,0.5789473684210527
2017-09-07,comment_only_user_day,50,18,0.36
2017-09-07,question_user_day,17,2,0.11764705882352941
2017-09-08,answer_user_day,22,4,0.18181818181818182
2017-09-08,comment_only_user_day,54,6,0.1111111111111111
2017-09-08,question_user_day,17,1,0.058823529411764705
2017-09-09,answer_user_day,7,1,0.14285714285714285
2017-09-09,comment_only_user_day,22,3,0.13636363636363635
2017-09-09,question_user_day,11,3,0.2727272727272727
2017-09-10,answer_user_day,16,7,0.4375
2017-09-10,comment_only_user_day,24,9,0.375
2017-09-10,question_user_day,14,4,0.2857142857142857
2017-09-11,answer_user_day,15,8,0.5333333333333333
2017-09-11,comment_only_user_day,37,13,0.35135135135135137
2017-09-11,question_user_day,17,3,0.17647058823529413
2017-09-12,answer_user_day,13,7,0.5384615384615384
2017-09-12,comment_only_user_day,43,11,0.2558139534883721
2017-09-12,question_user_day,12,1,0.08333333333333333
2017-09-13,answer_user_day,18,8,0.4444444444444444
2017-09-13,comment_only_user_day,31,6,0.1935483870967742
2017-09-13,question_user_day,23,6,0.2608695652173913
2017-09-14,answer_user_day,22,11,0.5
2017-09-14,comment_only_user_day,38,3,0.07894736842105263
2017-09-14,question_user_day,22,1,0.045454545454545456
2017-09-15,answer_user_day,13,2,0.15384615384615385
2017-09-15,comment_only_user_day,36,4,0.1111111111111111
2017-09-15,question_user_day,10,2,0.2
2017-09-16,answer_user_day,10,3,0.3
2017-09-16,comment_only_user_day,20,5,0.25
2017-09-16,question_user_day,4,0,0.0
2017-09-17,answer_user_day,13,3,0.23076923076923078
2017-09-17,comment_only_user_day,20,9,0.45
2017-09-17,question_user_day,11,1,0.09090909090909091
2017-09-18,answer_user_day,20,12,0.6
2017-09-18,comment_only_user_day,38,11,0.2894736842105263
2017-09-18,question_user_day,19,3,0.15789473684210525
2017-09-19,answer_user_day,33,11,0.3333333333333333
2017-09-19,comment_only_user_day,38,6,0.15789473684210525
2017-09-19,question_user_day,24,5,0.20833333333333334
2017-09-20,answer_user_day,29,11,0.3793103448275862
2017-09-20,comment_only_user_day,41,11,0.2682926829268293
2017-09-20,question_user_day,15,1,0.06666666666666667
2017-09-21,answer_user_day,25,7,0.28
2017-09-21,comment_only_user_day,53,9,0.16981132075471697
2017-09-21,question_user_day,14,3,0.21428571428571427
2017-09-22,answer_user_day,13,4,0.3076923076923077
2017-09-22,comment_only_user_day,47,6,0.1276595744680851
2017-09-22,question_user_day,18,4,0.2222222222222222
2017-09-23,answer_user_day,15,7,0.4666666666666667
2017-09-23,comment_only_user_day,23,5,0.21739130434782608
2017-09-23,question_user_day,12,1,0.08333333333333333
2017-09-24,answer_user_day,14,7,0.5
2017-09-24,comment_only_user_day,32,9,0.28125
2017-09-24,question_user_day,16,2,0.125
2017-09-25,answer_user_day,25,10,0.4
2017-09-25,comment_only_user_day,42,9,0.21428571428571427
2017-09-25,question_user_day,24,7,0.2916666666666667
2017-09-26,answer_user_day,21,11,0.5238095238095238
2017-09-26,comment_only_user_day,34,13,0.38235294117647056
2017-09-26,question_user_day,19,5,0.2631578947368421
2017-09-27,answer_user_day,23,9,0.391304347826087
2017-09-27,comment_only_user_day,43,12,0.27906976744186046
2017-09-27,question_user_day,16,2,0.125
2017-09-28,answer_user_day,22,9,0.4090909090909091
2017-09-28,comment_only_user_day,28,9,0.32142857142857145
2017-09-28,question_user_day,13,2,0.15384615384615385
2017-09-29,answer_user_day,19,5,0.2631578947368421
2017-09-29,comment_only_user_day,41,9,0.21951219512195122
2017-09-29,question_user_day,17,1,0.058823529411764705
2017-09-30,answer_user_day,10,3,0.3
2017-09-30,comment_only_user_day,22,4,0.18181818181818182
2017-09-30,question_user_day,15,5,0.3333333333333333
2017-10-01,answer_user_day,5,3,0.6
2017-10-01,comment_only_user_day,38,10,0.2631578947368421
2017-10-01,question_user_day,11,3,0.2727272727272727
2017-10-02,answer_user_day,26,11,0.4230769230769231
2017-10-02,comment_only_user_day,47,10,0.2127659574468085
2017-10-02,question_user_day,25,4,0.16
2017-10-03,answer_user_day,18,7,0.3888888888888889
2017-10-03,comment_only_user_day,47,7,0.14893617021276595
2017-10-03,question_user_day,17,2,0.11764705882352941
2017-10-04,answer_user_day,10,6,0.6
2017-10-04,comment_only_user_day,35,9,0.2571428571428571
2017-10-04,question_user_day,7,2,0.2857142857142857
2017-10-05,answer_user_day,9,6,0.6666666666666666
2017-10-05,comment_only_user_day,32,9,0.28125
2017-10-05,question_user_day,12,1,0.08333333333333333
2017-10-06,answer_user_day,20,4,0.2
2017-10-06,comment_only_user_day,35,4,0.11428571428571428
2017-10-06,question_user_day,14,2,0.14285714285714285
2017-10-07,answer_user_day,12,4,0.3333333333333333
2017-10-07,comment_only_user_day,21,7,0.3333333333333333
2017-10-07,question_user_day,9,2,0.2222222222222222
2017-10-08,answer_user_day,13,11,0.8461538461538461
2017-10-08,comment_only_user_day,17,7,0.4117647058823529
2017-10-08,question_user_day,19,5,0.2631578947368421
2017-10-09,answer_user_day,16,10,0.625
2017-10-09,comment_only_user_day,36,8,0.2222222222222222
2017-10-09,question_user_day,18,5,0.2777777777777778
2017-10-10,answer_user_day,22,6,0.2727272727272727
2017-10-10,comment_only_user_day,39,6,0.15384615384615385
2017-10-10,question_user_day,19,2,0.10526315789473684
2017-10-11,answer_user_day,15,7,0.4666666666666667
2017-10-11,comment_only_user_day,22,7,0.3181818181818182
2017-10-11,question_user_day,14,6,0.42857142857142855
2017-10-12,answer_user_day,19,6,0.3157894736842105
2017-10-12,comment_only_user_day,33,5,0.15151515151515152
2017-10-12,question_user_day,16,5,0.3125
2017-10-13,answer_user_day,12,4,0.3333333333333333
2017-10-13,comment_only_user_day,42,10,0.23809523809523808
2017-10-13,question_user_day,6,1,0.16666666666666666
2017-10-14,answer_user_day,16,4,0.25
2017-10-14,comment_only_user_day,30,10,0.3333333333333333
2017-10-14,question_user_day,14,1,0.07142857142857142
2017-10-15,answer_user_day,12,6,0.5
2017-10-15,comment_only_user_day,24,5,0.20833333333333334
2017-10-15,question_user_day,9,3,0.3333333333333333
2017-10-16,answer_user_day,24,7,0.2916666666666667
2017-10-16,comment_only_user_day,45,10,0.2222222222222222
2017-10-16,question_user_day,16,4,0.25
2017-10-17,answer_user_day,22,11,0.5
2017-10-17,comment_only_user_day,34,4,0.11764705882352941
2017-10-17,question_user_day,17,5,0.29411764705882354
2017-10-18,answer_user_day,25,12,0.48
2017-10-18,comment_only_user_day,41,11,0.2682926829268293
2017-10-18,question_user_day,13,2,0.15384615384615385
2017-10-19,answer_user_day,22,9,0.4090909090909091
2017-10-19,comment_only_user_day,32,11,0.34375
2017-10-19,question_user_day,19,5,0.2631578947368421
2017-10-20,answer_user_day,22,7,0.3181818181818182
2017-10-20,comment_only_user_day,40,8,0.2
2017-10-20,question_user_day,15,1,0.06666666666666667
2017-10-21,answer_user_day,16,9,0.5625
2017-10-21,comment_only_user_day,24,8,0.3333333333333333
2017-10-21,question_user_day,10,1,0.1
2017-10-22,answer_user_day,23,10,0.43478260869565216
2017-10-22,comment_only_user_day,32,4,0.125
2017-10-22,question_user_day,24,6,0.25
2017-10-23,answer_user_day,26,8,0.3076923076923077
2017-10-23,comment_only_user_day,55,14,0.2545454545454545
2017-10-23,question_user_day,18,2,0.1111111111111111
2017-10-24,answer_user_day,27,16,0.5925925925925926
2017-10-24,comment_only_user_day,47,10,0.2127659574468085
2017-10-24,question_user_day,21,2,0.09523809523809523
2017-10-25,answer_user_day,23,6,0.2608695652173913
2017-10-25,comment_only_user_day,68,9,0.1323529411764706
2017-10-25,question_user_day,16,5,0.3125
2017-10-26,answer_user_day,10,3,0.3
2017-10-26,comment_only_user_day,47,6,0.1276595744680851
2017-10-26,question_user_day,13,2,0.15384615384615385
2017-10-27,answer_user_day,22,7,0.3181818181818182
2017-10-27,comment_only_user_day,33,7,0.21212121212121213
2017-10-27,question_user_day,18,4,0.2222222222222222
2017-10-28,answer_user_day,13,4,0.3076923076923077
2017-10-28,comment_only_user_day,34,6,0.17647058823529413
2017-10-28,question_user_day,8,4,0.5
2017-10-29,answer_user_day,7,3,0.42857142857142855
2017-10-29,comment_only_user_day,36,12,0.3333333333333333
2017-10-29,question_user_day,9,2,0.2222222222222222
2017-10-30,answer_user_day,30,10,0.3333333333333333
2017-10-30,comment_only_user_day,43,16,0.37209302325581395
2017-10-30,question_user_day,9,3,0.3333333333333333
2017-10-31,answer_user_day,22,11,0.5
2017-10-31,comment_only_user_day,41,6,0.14634146341463414
2017-10-31,question_user_day,17,4,0.23529411764705882
2017-11-01,answer_user_day,14,10,0.7142857142857143
2017-11-01,comment_only_user_day,36,12,0.3333333333333333
2017-11-01,question_user_day,11,2,0.18181818181818182
2017-11-02,answer_user_day,24,14,0.5833333333333334
2017-11-02,comment_only_user_day,62,8,0.12903225806451613
2017-11-02,question_user_day,17,3,0.17647058823529413
2017-11-03,answer_user_day,21,7,0.3333333333333333
2017-11-03,comment_only_user_day,39,11,0.28205128205128205
2017-11-03,question_user_day,12,2,0.16666666666666666
2017-11-04,answer_user_day,10,3,0.3
2017-11-04,comment_only_user_day,30,8,0.26666666666666666
2017-11-04,question_user_day,6,2,0.3333333333333333
2017-11-05,answer_user_day,13,7,0.5384615384615384
2017-11-05,comment_only_user_day,30,3,0.1
2017-11-05,question_user_day,6,2,0.3333333333333333
2017-11-06,answer_user_day,22,8,0.36363636363636365
2017-11-06,comment_only_user_day,38,7,0.18421052631578946
2017-11-06,question_user_day,16,4,0.25
2017-11-07,answer_user_day,18,7,0.3888888888888889
2017-11-07,comment_only_user_day,41,9,0.21951219512195122
2017-11-07,question_user_day,18,2,0.1111111111111111
2017-11-08,answer_user_day,15,6,0.4
2017-11-08,comment_only_user_day,36,13,0.3611111111111111
2017-11-08,question_user_day,10,2,0.2
2017-11-09,answer_user_day,18,8,0.4444444444444444
2017-11-09,comment_only_user_day,27,7,0.25925925925925924
2017-11-09,question_user_day,13,4,0.3076923076923077
2017-11-10,answer_user_day,10,5,0.5
2017-11-10,comment_only_user_day,27,6,0.2222222222222222
2017-11-10,question_user_day,13,4,0.3076923076923077
2017-11-11,answer_user_day,10,4,0.4
2017-11-11,comment_only_user_day,25,7,0.28
2017-11-11,question_user_day,13,3,0.23076923076923078
2017-11-12,answer_user_day,13,9,0.6923076923076923
2017-11-12,comment_only_user_day,28,9,0.32142857142857145
2017-11-12,question_user_day,14,4,0.2857142857142857
2017-11-13,answer_user_day,14,11,0.7857142857142857
2017-11-13,comment_only_user_day,31,11,0.3548387096774194
2017-11-13,question_user_day,10,5,0.5
2017-11-14,answer_user_day,26,12,0.46153846153846156
2017-11-14,comment_only_user_day,51,9,0.17647058823529413
2017-11-14,question_user_day,15,4,0.26666666666666666
2017-11-15,answer_user_day,23,10,0.43478260869565216
2017-11-15,comment_only_user_day,39,9,0.23076923076923078
2017-11-15,question_user_day,12,3,0.25
2017-11-16,answer_user_day,18,9,0.5
2017-11-16,comment_only_user_day,32,8,0.25
2017-11-16,question_user_day,17,1,0.058823529411764705
2017-11-17,answer_user_day,16,7,0.4375
2017-11-17,comment_only_user_day,40,6,0.15
2017-11-17,question_user_day,9,3,0.3333333333333333
2017-11-18,answer_user_day,11,7,0.6363636363636364
2017-11-18,comment_only_user_day,31,8,0.25806451612903225
2017-11-18,question_user_day,8,2,0.25
2017-11-19,answer_user_day,12,7,0.5833333333333334
2017-11-19,comment_only_user_day,29,14,0.4827586206896552
2017-11-19,question_user_day,10,2,0.2
2017-11-20,answer_user_day,27,9,0.3333333333333333
2017-11-20,comment_only_user_day,44,6,0.13636363636363635
2017-11-20,question_user_day,18,4,0.2222222222222222
2017-11-21,answer_user_day,10,3,0.3
2017-11-21,comment_only_user_day,35,7,0.2
2017-11-21,question_user_day,12,1,0.08333333333333333
2017-11-22,answer_user_day,16,5,0.3125
2017-11-22,comment_only_user_day,33,5,0.15151515151515152
2017-11-22,question_user_day,7,1,0.14285714285714285
2017-11-23,answer_user_day,15,5,0.3333333333333333
2017-11-23,comment_only_user_day,24,4,0.16666666666666666
2017-11-23,question_user_day,10,0,0.0
2017-11-24,answer_user_day,11,3,0.2727272727272727
2017-11-24,comment_only_user_day,26,8,0.3076923076923077
2017-11-24,question_user_day,9,4,0.4444444444444444
2017-11-25,answer_user_day,16,7,0.4375
2017-11-25,comment_only_user_day,32,4,0.125
2017-11-25,question_user_day,11,2,0.18181818181818182
2017-11-26,answer_user_day,15,7,0.4666666666666667
2017-11-26,comment_only_user_day,30,10,0.3333333333333333
2017-11-26,question_user_day,10,1,0.1
2017-11-27,answer_user_day,17,5,0.29411764705882354
2017-11-27,comment_only_user_day,45,18,0.4
2017-11-27,question_user_day,18,3,0.16666666666666666
2017-11-28,answer_user_day,20,10,0.5
2017-11-28,comment_only_user_day,38,12,0.3157894736842105
2017-11-28,question_user_day,17,4,0.23529411764705882
2017-11-29,answer_user_day,17,8,0.47058823529411764
2017-11-29,comment_only_user_day,44,19,0.4318181818181818
2017-11-29,question_user_day,12,2,0.16666666666666666
2017-11-30,answer_user_day,24,11,0.4583333333333333
2017-11-30,comment_only_user_day,55,14,0.2545454545454545
2017-11-30,question_user_day,18,5,0.2777777777777778
2017-12-01,answer_user_day,12,3,0.25
2017-12-01,comment_only_user_day,48,11,0.22916666666666666
2017-12-01,question_user_day,6,0,0.0
2017-12-02,answer_user_day,13,7,0.5384615384615384
2017-12-02,comment_only_user_day,26,6,0.23076923076923078
2017-12-02,question_user_day,15,4,0.26666666666666666
2017-12-03,answer_user_day,12,3,0.25
2017-12-03,comment_only_user_day,28,8,0.2857142857142857
2017-12-03,question_user_day,11,3,0.2727272727272727
2017-12-04,answer_user_day,27,10,0.37037037037037035
2017-12-04,comment_only_user_day,45,8,0.17777777777777778
2017-12-04,question_user_day,16,3,0.1875
2017-12-05,answer_user_day,14,5,0.35714285714285715
2017-12-05,comment_only_user_day,47,13,0.2765957446808511
2017-12-05,question_user_day,9,0,0.0
2017-12-06,answer_user_day,20,10,0.5
2017-12-06,comment_only_user_day,37,10,0.2702702702702703
2017-12-06,question_user_day,16,4,0.25
2017-12-07,answer_user_day,26,4,0.15384615384615385
2017-12-07,comment_only_user_day,55,10,0.18181818181818182
2017-12-07,question_user_day,13,3,0.23076923076923078
2017-12-08,answer_user_day,6,1,0.16666666666666666
2017-12-08,comment_only_user_day,41,13,0.3170731707317073
2017-12-08,question_user_day,11,2,0.18181818181818182
2017-12-09,answer_user_day,13,3,0.23076923076923078
2017-12-09,comment_only_user_day,39,10,0.2564102564102564
2017-12-09,question_user_day,10,3,0.3
2017-12-10,answer_user_day,9,2,0.2222222222222222
2017-12-10,comment_only_user_day,24,4,0.16666666666666666
2017-12-10,question_user_day,12,5,0.4166666666666667
2017-12-11,answer_user_day,25,11,0.44
2017-12-11,comment_only_user_day,35,7,0.2
2017-12-11,question_user_day,13,3,0.23076923076923078
2017-12-12,answer_user_day,14,7,0.5
2017-12-12,comment_only_user_day,42,13,0.30952380952380953
2017-12-12,question_user_day,17,6,0.35294117647058826
2017-12-13,answer_user_day,23,5,0.21739130434782608
2017-12-13,comment_only_user_day,51,18,0.35294117647058826
2017-12-13,question_user_day,13,0,0.0
2017-12-14,answer_user_day,25,7,0.28
2017-12-14,comment_only_user_day,31,8,0.25806451612903225
2017-12-14,question_user_day,9,1,0.1111111111111111
2017-12-15,answer_user_day,19,8,0.42105263157894735
2017-12-15,comment_only_user_day,31,7,0.22580645161290322
2017-12-15,question_user_day,11,0,0.0
2017-12-16,answer_user_day,16,5,0.3125
2017-12-16,comment_only_user_day,28,6,0.21428571428571427
2017-12-16,question_user_day,10,4,0.4
2017-12-17,answer_user_day,13,6,0.46153846153846156
2017-12-17,comment_only_user_day,26,8,0.3076923076923077
2017-12-17,question_user_day,12,1,0.08333333333333333
2017-12-18,answer_user_day,26,13,0.5
2017-12-18,comment_only_user_day,56,10,0.17857142857142858
2017-12-18,question_user_day,15,4,0.26666666666666666
2017-12-19,answer_user_day,18,10,0.5555555555555556
2017-12-19,comment_only_user_day,68,18,0.2647058823529412
2017-12-19,question_user_day,18,3,0.16666666666666666
2017-12-20,answer_user_day,21,14,0.6666666666666666
2017-12-20,comment_only_user_day,44,5,0.11363636363636363
2017-12-20,question_user_day,22,8,0.36363636363636365
2017-12-21,answer_user_day,18,6,0.3333333333333333
2017-12-21,comment_only_user_day,40,6,0.15
2017-12-21,question_user_day,11,1,0.09090909090909091
2017-12-22,answer_user_day,17,4,0.23529411764705882
2017-12-22,comment_only_user_day,21,9,0.42857142857142855
2017-12-22,question_user_day,19,7,0.3684210526315789
2017-12-23,answer_user_day,11,3,0.2727272727272727
2017-12-23,comment_only_user_day,44,13,0.29545454545454547
2017-12-23,question_user_day,10,0,0.0
2017-12-24,answer_user_day,17,10,0.5882352941176471
2017-12-24,comment_only_user_day,26,8,0.3076923076923077
2017-12-24,question_user_day,6,2,0.3333333333333333
2017-12-25,answer_user_day,11,4,0.36363636363636365
2017-12-25,comment_only_user_day,24,6,0.25
2017-12-25,question_user_day,11,5,0.45454545454545453
2017-12-26,answer_user_day,13,4,0.3076923076923077
2017-12-26,comment_only_user_day,19,7,0.3684210526315789
2017-12-26,question_user_day,10,3,0.3
2017-12-27,answer_user_day,23,15,0.6521739130434783
2017-12-27,comment_only_user_day,24,4,0.16666666666666666
2017-12-27,question_user_day,17,5,0.29411764705882354
2017-12-28,answer_user_day,16,8,0.5
2017-12-28,comment_only_user_day,40,9,0.225
2017-12-28,question_user_day,22,4,0.18181818181818182
2017-12-29,answer_user_day,10,5,0.5
2017-12-29,comment_only_user_day,33,4,0.12121212121212122
2017-12-29,question_user_day,16,4,0.25
2017-12-30,answer_user_day,9,4,0.4444444444444444
2017-12-30,comment_only_user_day,26,7,0.2692307692307692
2017-12-30,question_user_day,8,1,0.125
2017-12-31,answer_user_day,11,6,0.5454545454545454
2017-12-31,comment_only_user_day,24,3,0.125
2017-12-31,question_user_day,11,1,0.09090909090909091
2018-01-01,answer_user_day,19,9,0.47368421052631576
2018-01-01,comment_only_user_day,16,8,0.5
2018-01-01,question_user_day,2,1,0.5
2018-01-02,answer_user_day,26,13,0.5
2018-01-02,comment_only_user_day,50,13,0.26
2018-01-02,question_user_day,13,2,0.15384615384615385
2018-01-03,answer_user_day,31,10,0.3225806451612903
2018-01-03,comment_only_user_day,45,10,0.2222222222222222
2018-01-03,question_user_day,12,2,0.16666666666666666
2018-01-04,answer_user_day,21,6,0.2857142857142857
2018-01-04,comment_only_user_day,43,10,0.23255813953488372
2018-01-04,question_user_day,13,2,0.15384615384615385
2018-01-05,answer_user_day,21,7,0.3333333333333333
2018-01-05,comment_only_user_day,50,11,0.22
2018-01-05,question_user_day,20,6,0.3
2018-01-06,answer_user_day,12,5,0.4166666666666667
2018-01-06,comment_only_user_day,34,11,0.3235294117647059
2018-01-06,question_user_day,8,1,0.125
2018-01-07,answer_user_day,18,7,0.3888888888888889
2018-01-07,comment_only_user_day,28,9,0.32142857142857145
2018-01-07,question_user_day,11,4,0.36363636363636365
2018-01-08,answer_user_day,18,9,0.5
2018-01-08,comment_only_user_day,61,18,0.29508196721311475
2018-01-08,question_user_day,16,5,0.3125
2018-01-09,answer_user_day,19,9,0.47368421052631576
2018-01-09,comment_only_user_day,61,11,0.18032786885245902
2018-01-09,question_user_day,12,2,0.16666666666666666
2018-01-10,answer_user_day,14,8,0.5714285714285714
2018-01-10,comment_only_user_day,30,9,0.3
2018-01-10,question_user_day,20,7,0.35
2018-01-11,answer_user_day,18,9,0.5
2018-01-11,comment_only_user_day,34,8,0.23529411764705882
2018-01-11,question_user_day,13,2,0.15384615384615385
2018-01-12,answer_user_day,15,3,0.2
2018-01-12,comment_only_user_day,36,7,0.19444444444444445
2018-01-12,question_user_day,11,1,0.09090909090909091
2018-01-13,answer_user_day,12,4,0.3333333333333333
2018-01-13,comment_only_user_day,15,6,0.4
2018-01-13,question_user_day,12,2,0.16666666666666666
2018-01-14,answer_user_day,12,4,0.3333333333333333
2018-01-14,comment_only_user_day,29,10,0.3448275862068966
2018-01-14,question_user_day,11,3,0.2727272727272727
2018-01-15,answer_user_day,17,10,0.5882352941176471
2018-01-15,comment_only_user_day,30,7,0.23333333333333334
2018-01-15,question_user_day,13,4,0.3076923076923077
2018-01-16,answer_user_day,19,6,0.3157894736842105
2018-01-16,comment_only_user_day,35,5,0.14285714285714285
2018-01-16,question_user_day,18,4,0.2222222222222222
2018-01-17,answer_user_day,22,8,0.36363636363636365
2018-01-17,comment_only_user_day,25,2,0.08
2018-01-17,question_user_day,20,3,0.15
2018-01-18,answer_user_day,23,10,0.43478260869565216
2018-01-18,comment_only_user_day,32,7,0.21875
2018-01-18,question_user_day,13,1,0.07692307692307693
2018-01-19,answer_user_day,19,8,0.42105263157894735
2018-01-19,comment_only_user_day,35,4,0.11428571428571428
2018-01-19,question_user_day,14,2,0.14285714285714285
2018-01-20,answer_user_day,9,3,0.3333333333333333
2018-01-20,comment_only_user_day,24,6,0.25
2018-01-20,question_user_day,7,1,0.14285714285714285
2018-01-21,answer_user_day,11,3,0.2727272727272727
2018-01-21,comment_only_user_day,23,5,0.21739130434782608
2018-01-21,question_user_day,9,2,0.2222222222222222
2018-01-22,answer_user_day,10,5,0.5
2018-01-22,comment_only_user_day,23,8,0.34782608695652173
2018-01-22,question_user_day,7,1,0.14285714285714285
2018-01-23,answer_user_day,19,8,0.42105263157894735
2018-01-23,comment_only_user_day,43,10,0.23255813953488372
2018-01-23,question_user_day,19,4,0.21052631578947367
2018-01-24,answer_user_day,19,11,0.5789473684210527
2018-01-24,comment_only_user_day,34,16,0.47058823529411764
2018-01-24,question_user_day,19,6,0.3157894736842105
2018-01-25,answer_user_day,13,5,0.38461538461538464
2018-01-25,comment_only_user_day,48,10,0.20833333333333334
2018-01-25,question_user_day,7,1,0.14285714285714285
2018-01-26,answer_user_day,9,4,0.4444444444444444
2018-01-26,comment_only_user_day,19,1,0.05263157894736842
2018-01-26,question_user_day,10,1,0.1
2018-01-27,answer_user_day,9,2,0.2222222222222222
2018-01-27,comment_only_user_day,20,8,0.4
2018-01-27,question_user_day,9,3,0.3333333333333333
2018-01-28,answer_user_day,17,5,0.29411764705882354
2018-01-28,comment_only_user_day,25,8,0.32
2018-01-28,question_user_day,18,4,0.2222222222222222
2018-01-29,answer_user_day,24,7,0.2916666666666667
2018-01-29,comment_only_user_day,51,13,0.2549019607843137
2018-01-29,question_user_day,20,2,0.1
2018-01-30,answer_user_day,19,11,0.5789473684210527
2018-01-30,comment_only_user_day,33,4,0.12121212121212122
2018-01-30,question_user_day,18,3,0.16666666666666666
2018-01-31,answer_user_day,20,8,0.4
2018-01-31,comment_only_user_day,37,8,0.21621621621621623
2018-01-31,question_user_day,15,3,0.2
2018-02-01,answer_user_day,17,7,0.4117647058823529
2018-02-01,comment_only_user_day,26,5,0.19230769230769232
2018-02-01,question_user_day,12,3,0.25
2018-02-02,answer_user_day,20,9,0.45
2018-02-02,comment_only_user_day,40,9,0.225
2018-02-02,question_user_day,15,5,0.3333333333333333
2018-02-03,answer_user_day,11,3,0.2727272727272727
2018-02-03,comment_only_user_day,34,11,0.3235294117647059
2018-02-03,question_user_day,10,2,0.2
2018-02-04,answer_user_day,16,7,0.4375
2018-02-04,comment_only_user_day,27,7,0.25925925925925924
2018-02-04,question_user_day,13,1,0.07692307692307693
2018-02-05,answer_user_day,21,9,0.42857142857142855
2018-02-05,comment_only_user_day,43,12,0.27906976744186046
2018-02-05,question_user_day,19,3,0.15789473684210525
2018-02-06,answer_user_day,10,6,0.6
2018-02-06,comment_only_user_day,34,8,0.23529411764705882
2018-02-06,question_user_day,14,4,0.2857142857142857
2018-02-07,answer_user_day,18,9,0.5
2018-02-07,comment_only_user_day,38,11,0.2894736842105263
2018-02-07,question_user_day,12,5,0.4166666666666667
2018-02-08,answer_user_day,30,13,0.43333333333333335
2018-02-08,comment_only_user_day,46,7,0.15217391304347827
2018-02-08,question_user_day,21,9,0.42857142857142855
2018-02-09,answer_user_day,20,5,0.25
2018-02-09,comment_only_user_day,51,9,0.17647058823529413
2018-02-09,question_user_day,17,2,0.11764705882352941
2018-02-10,answer_user_day,11,5,0.45454545454545453
2018-02-10,comment_only_user_day,21,3,0.14285714285714285
2018-02-10,question_user_day,10,2,0.2
2018-02-11,answer_user_day,9,2,0.2222222222222222
2018-02-11,comment_only_user_day,15,9,0.6
2018-02-11,question_user_day,10,1,0.1
2018-02-12,answer_user_day,18,6,0.3333333333333333
2018-02-12,comment_only_user_day,40,11,0.275
2018-02-12,question_user_day,16,1,0.0625
2018-02-13,answer_user_day,25,12,0.48
2018-02-13,comment_only_user_day,43,9,0.20930232558139536
2018-02-13,question_user_day,12,3,0.25
2018-02-14,answer_user_day,19,8,0.42105263157894735
2018-02-14,comment_only_user_day,43,13,0.3023255813953488
2018-02-14,question_user_day,14,3,0.21428571428571427
2018-02-15,answer_user_day,17,4,0.23529411764705882
2018-02-15,comment_only_user_day,42,10,0.23809523809523808
2018-02-15,question_user_day,13,2,0.15384615384615385
2018-02-16,answer_user_day,16,5,0.3125
2018-02-16,comment_only_user_day,21,4,0.19047619047619047
2018-02-16,question_user_day,17,4,0.23529411764705882
2018-02-17,answer_user_day,14,5,0.35714285714285715
2018-02-17,comment_only_user_day,22,8,0.36363636363636365
2018-02-17,question_user_day,7,1,0.14285714285714285
2018-02-18,answer_user_day,12,3,0.25
2018-02-18,comment_only_user_day,27,8,0.2962962962962963
2018-02-18,question_user_day,8,2,0.25
2018-02-19,answer_user_day,16,10,0.625
2018-02-19,comment_only_user_day,34,9,0.2647058823529412
2018-02-19,question_user_day,18,5,0.2777777777777778
2018-02-20,answer_user_day,26,16,0.6153846153846154
2018-02-20,comment_only_user_day,43,7,0.16279069767441862
2018-02-20,question_user_day,18,2,0.1111111111111111
2018-02-21,answer_user_day,15,7,0.4666666666666667
2018-02-21,comment_only_user_day,59,12,0.2033898305084746
2018-02-21,question_user_day,20,2,0.1
2018-02-22,answer_user_day,22,9,0.4090909090909091
2018-02-22,comment_only_user_day,33,12,0.36363636363636365
2018-02-22,question_user_day,14,2,0.14285714285714285
2018-02-23,answer_user_day,20,9,0.45
2018-02-23,comment_only_user_day,51,6,0.11764705882352941
2018-02-23,question_user_day,11,0,0.0
2018-02-24,answer_user_day,17,11,0.6470588235294118
2018-02-24,comment_only_user_day,24,8,0.3333333333333333
2018-02-24,question_user_day,13,5,0.38461538461538464
2018-02-25,answer_user_day,19,10,0.5263157894736842
2018-02-25,comment_only_user_day,36,10,0.2777777777777778
2018-02-25,question_user_day,11,5,0.45454545454545453
2018-02-26,answer_user_day,27,9,0.3333333333333333
2018-02-26,comment_only_user_day,49,14,0.2857142857142857
2018-02-26,question_user_day,18,4,0.2222222222222222
2018-02-27,answer_user_day,17,9,0.5294117647058824
2018-02-27,comment_only_user_day,45,8,0.17777777777777778
2018-02-27,question_user_day,15,1,0.06666666666666667
2018-02-28,answer_user_day,15,7,0.4666666666666667
2018-02-28,comment_only_user_day,42,9,0.21428571428571427
2018-02-28,question_user_day,18,4,0.2222222222222222
2018-03-01,answer_user_day,16,6,0.375
2018-03-01,comment_only_user_day,29,9,0.3103448275862069
2018-03-01,question_user_day,17,5,0.29411764705882354
2018-03-02,answer_user_day,22,6,0.2727272727272727
2018-03-02,comment_only_user_day,24,5,0.20833333333333334
2018-03-02,question_user_day,21,5,0.23809523809523808
2018-03-03,answer_user_day,15,7,0.4666666666666667
2018-03-03,comment_only_user_day,26,4,0.15384615384615385
2018-03-03,question_user_day,9,1,0.1111111111111111
2018-03-04,answer_user_day,11,6,0.5454545454545454
2018-03-04,comment_only_user_day,30,10,0.3333333333333333
2018-03-04,question_user_day,12,2,0.16666666666666666
2018-03-05,answer_user_day,26,12,0.46153846153846156
2018-03-05,comment_only_user_day,38,13,0.34210526315789475
2018-03-05,question_user_day,19,3,0.15789473684210525
2018-03-06,answer_user_day,24,12,0.5
2018-03-06,comment_only_user_day,41,11,0.2682926829268293
2018-03-06,question_user_day,16,2,0.125
2018-03-07,answer_user_day,22,9,0.4090909090909091
2018-03-07,comment_only_user_day,42,7,0.16666666666666666
2018-03-07,question_user_day,16,4,0.25
2018-03-08,answer_user_day,16,6,0.375
2018-03-08,comment_only_user_day,33,9,0.2727272727272727
2018-03-08,question_user_day,9,2,0.2222222222222222
2018-03-09,answer_user_day,21,4,0.19047619047619047
2018-03-09,comment_only_user_day,22,5,0.22727272727272727
2018-03-09,question_user_day,10,0,0.0
2018-03-10,answer_user_day,6,3,0.5
2018-03-10,comment_only_user_day,16,5,0.3125
2018-03-10,question_user_day,12,3,0.25
2018-03-11,answer_user_day,11,5,0.45454545454545453
2018-03-11,comment_only_user_day,25,8,0.32
2018-03-11,question_user_day,17,2,0.11764705882352941
2018-03-12,answer_user_day,23,8,0.34782608695652173
2018-03-12,comment_only_user_day,54,17,0.3148148148148148
2018-03-12,question_user_day,17,6,0.35294117647058826
2018-03-13,answer_user_day,27,8,0.2962962962962963
2018-03-13,comment_only_user_day,49,7,0.14285714285714285
2018-03-13,question_user_day,11,1,0.09090909090909091
2018-03-14,answer_user_day,20,5,0.25
2018-03-14,comment_only_user_day,29,11,0.3793103448275862
2018-03-14,question_user_day,13,2,0.15384615384615385
2018-03-15,answer_user_day,17,8,0.47058823529411764
2018-03-15,comment_only_user_day,41,7,0.17073170731707318
2018-03-15,question_user_day,14,1,0.07142857142857142
2018-03-16,answer_user_day,22,5,0.22727272727272727
2018-03-16,comment_only_user_day,39,4,0.10256410256410256
2018-03-16,question_user_day,25,2,0.08
2018-03-17,answer_user_day,13,6,0.46153846153846156
2018-03-17,comment_only_user_day,18,8,0.4444444444444444
2018-03-17,question_user_day,11,0,0.0
2018-03-18,answer_user_day,14,7,0.5
2018-03-18,comment_only_user_day,27,11,0.4074074074074074
2018-03-18,question_user_day,14,2,0.14285714285714285
2018-03-19,answer_user_day,17,5,0.29411764705882354
2018-03-19,comment_only_user_day,48,13,0.2708333333333333
2018-03-19,question_user_day,21,4,0.19047619047619047
2018-03-20,answer_user_day,22,10,0.45454545454545453
2018-03-20,comment_only_user_day,39,8,0.20512820512820512
2018-03-20,question_user_day,19,7,0.3684210526315789
2018-03-21,answer_user_day,24,15,0.625
2018-03-21,comment_only_user_day,45,7,0.15555555555555556
2018-03-21,question_user_day,16,4,0.25
2018-03-22,answer_user_day,27,8,0.2962962962962963
2018-03-22,comment_only_user_day,40,10,0.25
2018-03-22,question_user_day,25,4,0.16
2018-03-23,answer_user_day,22,10,0.45454545454545453
2018-03-23,comment_only_user_day,38,7,0.18421052631578946
2018-03-23,question_user_day,19,5,0.2631578947368421
2018-03-24,answer_user_day,14,6,0.42857142857142855
2018-03-24,comment_only_user_day,36,5,0.1388888888888889
2018-03-24,question_user_day,16,1,0.0625
2018-03-25,answer_user_day,15,5,0.3333333333333333
2018-03-25,comment_only_user_day,29,5,0.1724137931034483
2018-03-25,question_user_day,10,0,0.0
2018-03-26,answer_user_day,21,10,0.47619047619047616
2018-03-26,comment_only_user_day,39,5,0.1282051282051282
2018-03-26,question_user_day,26,5,0.19230769230769232
2018-03-27,answer_user_day,15,6,0.4
2018-03-27,comment_only_user_day,31,7,0.22580645161290322
2018-03-27,question_user_day,22,4,0.18181818181818182
2018-03-28,answer_user_day,19,6,0.3157894736842105
2018-03-28,comment_only_user_day,34,9,0.2647058823529412
2018-03-28,question_user_day,10,3,0.3
2018-03-29,answer_user_day,18,6,0.3333333333333333
2018-03-29,comment_only_user_day,29,6,0.20689655172413793
2018-03-29,question_user_day,11,1,0.09090909090909091
2018-03-30,answer_user_day,2,1,0.5
2018-03-30,comment_only_user_day,26,6,0.23076923076923078
2018-03-30,question_user_day,8,1,0.125
2018-03-31,answer_user_day,14,6,0.42857142857142855
2018-03-31,comment_only_user_day,21,6,0.2857142857142857
2018-03-31,question_user_day,19,5,0.2631578947368421
2018-04-01,answer_user_day,15,8,0.5333333333333333
2018-04-01,comment_only_user_day,22,8,0.36363636363636365
2018-04-01,question_user_day,16,4,0.25
2018-04-02,answer_user_day,21,11,0.5238095238095238
2018-04-02,comment_only_user_day,38,12,0.3157894736842105
2018-04-02,question_user_day,17,2,0.11764705882352941
2018-04-03,answer_user_day,20,13,0.65
2018-04-03,comment_only_user_day,31,7,0.22580645161290322
2018-04-03,question_user_day,17,4,0.23529411764705882
2018-04-04,answer_user_day,17,6,0.35294117647058826
2018-04-04,comment_only_user_day,36,12,0.3333333333333333
2018-04-04,question_user_day,15,3,0.2
2018-04-05,answer_user_day,18,7,0.3888888888888889
2018-04-05,comment_only_user_day,34,12,0.35294117647058826
2018-04-05,question_user_day,16,2,0.125
2018-04-06,answer_user_day,29,10,0.3448275862068966
2018-04-06,comment_only_user_day,35,9,0.2571428571428571
2018-04-06,question_user_day,21,3,0.14285714285714285
2018-04-07,answer_user_day,19,9,0.47368421052631576
2018-04-07,comment_only_user_day,28,7,0.25
2018-04-07,question_user_day,10,0,0.0
2018-04-08,answer_user_day,16,10,0.625
2018-04-08,comment_only_user_day,27,12,0.4444444444444444
2018-04-08,question_user_day,19,4,0.21052631578947367
2018-04-09,answer_user_day,35,14,0.4
2018-04-09,comment_only_user_day,57,16,0.2807017543859649
2018-04-09,question_user_day,18,2,0.1111111111111111
2018-04-10,answer_user_day,22,10,0.45454545454545453
2018-04-10,comment_only_user_day,41,9,0.21951219512195122
2018-04-10,question_user_day,19,2,0.10526315789473684
2018-04-11,answer_user_day,27,13,0.48148148148148145
2018-04-11,comment_only_user_day,40,9,0.225
2018-04-11,question_user_day,19,1,0.05263157894736842
2018-04-12,answer_user_day,25,10,0.4
2018-04-12,comment_only_user_day,39,10,0.2564102564102564
2018-04-12,question_user_day,19,3,0.15789473684210525
2018-04-13,answer_user_day,24,8,0.3333333333333333
2018-04-13,comment_only_user_day,38,8,0.21052631578947367
2018-04-13,question_user_day,18,0,0.0
2018-04-14,answer_user_day,14,7,0.5
2018-04-14,comment_only_user_day,23,11,0.4782608695652174
2018-04-14,question_user_day,10,1,0.1
2018-04-15,answer_user_day,20,8,0.4
2018-04-15,comment_only_user_day,36,16,0.4444444444444444
2018-04-15,question_user_day,16,5,0.3125
2018-04-16,answer_user_day,23,10,0.43478260869565216
2018-04-16,comment_only_user_day,71,16,0.22535211267605634
2018-04-16,question_user_day,21,5,0.23809523809523808
2018-04-17,answer_user_day,29,13,0.4482758620689655
2018-04-17,comment_only_user_day,62,11,0.1774193548387097
2018-04-17,question_user_day,23,2,0.08695652173913043
2018-04-18,answer_user_day,23,13,0.5652173913043478
2018-04-18,comment_only_user_day,59,10,0.1694915254237288
2018-04-18,question_user_day,10,4,0.4
2018-04-19,answer_user_day,20,11,0.55
2018-04-19,comment_only_user_day,43,10,0.23255813953488372
2018-04-19,question_user_day,16,4,0.25
2018-04-20,answer_user_day,21,7,0.3333333333333333
2018-04-20,comment_only_user_day,35,8,0.22857142857142856
2018-04-20,question_user_day,17,0,0.0
2018-04-21,answer_user_day,11,3,0.2727272727272727
2018-04-21,comment_only_user_day,35,14,0.4
2018-04-21,question_user_day,14,0,0.0
2018-04-22,answer_user_day,16,7,0.4375
2018-04-22,comment_only_user_day,24,10,0.4166666666666667
2018-04-22,question_user_day,10,1,0.1
2018-04-23,answer_user_day,19,12,0.631578947368421
2018-04-23,comment_only_user_day,45,13,0.28888888888888886
2018-04-23,question_user_day,30,2,0.06666666666666667
2018-04-24,answer_user_day,29,8,0.27586206896551724
2018-04-24,comment_only_user_day,42,15,0.35714285714285715
2018-04-24,question_user_day,21,3,0.14285714285714285
2018-04-25,answer_user_day,23,11,0.4782608695652174
2018-04-25,comment_only_user_day,45,14,0.3111111111111111
2018-04-25,question_user_day,11,2,0.18181818181818182
2018-04-26,answer_user_day,22,9,0.4090909090909091
2018-04-26,comment_only_user_day,40,10,0.25
2018-04-26,question_user_day,23,6,0.2608695652173913
2018-04-27,answer_user_day,19,5,0.2631578947368421
2018-04-27,comment_only_user_day,45,8,0.17777777777777778
2018-04-27,question_user_day,17,3,0.17647058823529413
2018-04-28,answer_user_day,14,7,0.5
2018-04-28,comment_only_user_day,20,4,0.2
2018-04-28,question_user_day,11,2,0.18181818181818182
2018-04-29,answer_user_day,11,6,0.5454545454545454
2018-04-29,comment_only_user_day,23,7,0.30434782608695654
2018-04-29,question_user_day,13,6,0.46153846153846156
2018-04-30,answer_user_day,23,10,0.43478260869565216
2018-04-30,comment_only_user_day,45,9,0.2
2018-04-30,question_user_day,21,1,0.047619047619047616
2018-05-01,answer_user_day,30,14,0.4666666666666667
2018-05-01,comment_only_user_day,34,7,0.20588235294117646
2018-05-01,question_user_day,15,3,0.2
2018-05-02,answer_user_day,24,11,0.4583333333333333
2018-05-02,comment_only_user_day,43,9,0.20930232558139536
2018-05-02,question_user_day,24,8,0.3333333333333333
2018-05-03,answer_user_day,16,5,0.3125
2018-05-03,comment_only_user_day,47,15,0.3191489361702128
2018-05-03,question_user_day,17,3,0.17647058823529413
2018-05-04,answer_user_day,14,5,0.35714285714285715
2018-05-04,comment_only_user_day,35,12,0.34285714285714286
2018-05-04,question_user_day,23,5,0.21739130434782608
2018-05-05,answer_user_day,15,7,0.4666666666666667
2018-05-05,comment_only_user_day,34,11,0.3235294117647059
2018-05-05,question_user_day,13,4,0.3076923076923077
2018-05-06,answer_user_day,19,11,0.5789473684210527
2018-05-06,comment_only_user_day,24,11,0.4583333333333333
2018-05-06,question_user_day,16,4,0.25
2018-05-07,answer_user_day,17,9,0.5294117647058824
2018-05-07,comment_only_user_day,43,14,0.32558139534883723
2018-05-07,question_user_day,18,4,0.2222222222222222
2018-05-08,answer_user_day,22,9,0.4090909090909091
2018-05-08,comment_only_user_day,47,17,0.3617021276595745
2018-05-08,question_user_day,18,6,0.3333333333333333
2018-05-09,answer_user_day,20,7,0.35
2018-05-09,comment_only_user_day,44,14,0.3181818181818182
2018-05-09,question_user_day,21,3,0.14285714285714285
2018-05-10,answer_user_day,21,10,0.47619047619047616
2018-05-10,comment_only_user_day,42,11,0.2619047619047619
2018-05-10,question_user_day,17,2,0.11764705882352941
2018-05-11,answer_user_day,18,6,0.3333333333333333
2018-05-11,comment_only_user_day,41,9,0.21951219512195122
2018-05-11,question_user_day,16,3,0.1875
2018-05-12,answer_user_day,9,7,0.7777777777777778
2018-05-12,comment_only_user_day,25,8,0.32
2018-05-12,question_user_day,17,3,0.17647058823529413
2018-05-13,answer_user_day,24,13,0.5416666666666666
2018-05-13,comment_only_user_day,36,7,0.19444444444444445
2018-05-13,question_user_day,22,10,0.45454545454545453
2018-05-14,answer_user_day,30,14,0.4666666666666667
2018-05-14,comment_only_user_day,61,18,0.29508196721311475
2018-05-14,question_user_day,29,8,0.27586206896551724
2018-05-15,answer_user_day,31,13,0.41935483870967744
2018-05-15,comment_only_user_day,55,9,0.16363636363636364
2018-05-15,question_user_day,34,8,0.23529411764705882
2018-05-16,answer_user_day,25,10,0.4
2018-05-16,comment_only_user_day,44,12,0.2727272727272727
2018-05-16,question_user_day,17,3,0.17647058823529413
2018-05-17,answer_user_day,24,10,0.4166666666666667
2018-05-17,comment_only_user_day,44,13,0.29545454545454547
2018-05-17,question_user_day,20,4,0.2
2018-05-18,answer_user_day,17,6,0.35294117647058826
2018-05-18,comment_only_user_day,32,4,0.125
2018-05-18,question_user_day,17,4,0.23529411764705882
2018-05-19,answer_user_day,10,4,0.4
2018-05-19,comment_only_user_day,22,5,0.22727272727272727
2018-05-19,question_user_day,11,2,0.18181818181818182
2018-05-20,answer_user_day,16,9,0.5625
2018-05-20,comment_only_user_day,32,12,0.375
2018-05-20,question_user_day,18,6,0.3333333333333333
2018-05-21,answer_user_day,19,9,0.47368421052631576
2018-05-21,comment_only_user_day,37,11,0.2972972972972973
2018-05-21,question_user_day,25,4,0.16
2018-05-22,answer_user_day,20,7,0.35
2018-05-22,comment_only_user_day,38,14,0.3684210526315789
2018-05-22,question_user_day,19,4,0.21052631578947367
2018-05-23,answer_user_day,26,8,0.3076923076923077
2018-05-23,comment_only_user_day,51,14,0.27450980392156865
2018-05-23,question_user_day,21,2,0.09523809523809523
2018-05-24,answer_user_day,20,6,0.3
2018-05-24,comment_only_user_day,35,9,0.2571428571428571
2018-05-24,question_user_day,15,3,0.2
2018-05-25,answer_user_day,17,9,0.5294117647058824
2018-05-25,comment_only_user_day,48,8,0.16666666666666666
2018-05-25,question_user_day,14,2,0.14285714285714285
2018-05-26,answer_user_day,7,2,0.2857142857142857
2018-05-26,comment_only_user_day,30,9,0.3
2018-05-26,question_user_day,16,0,0.0
2018-05-27,answer_user_day,12,3,0.25
2018-05-27,comment_only_user_day,27,8,0.2962962962962963
2018-05-27,question_user_day,17,3,0.17647058823529413
2018-05-28,answer_user_day,16,7,0.4375
2018-05-28,comment_only_user_day,37,14,0.3783783783783784
2018-05-28,question_user_day,19,2,0.10526315789473684
2018-05-29,answer_user_day,24,12,0.5
2018-05-29,comment_only_user_day,49,11,0.22448979591836735
2018-05-29,question_user_day,22,3,0.13636363636363635
2018-05-30,answer_user_day,32,10,0.3125
2018-05-30,comment_only_user_day,56,7,0.125
2018-05-30,question_user_day,19,3,0.15789473684210525
2018-05-31,answer_user_day,12,5,0.4166666666666667
2018-05-31,comment_only_user_day,37,9,0.24324324324324326
2018-05-31,question_user_day,16,2,0.125
2018-06-01,answer_user_day,16,5,0.3125
2018-06-01,comment_only_user_day,22,4,0.18181818181818182
2018-06-01,question_user_day,12,0,0.0
2018-06-02,answer_user_day,7,2,0.2857142857142857
2018-06-02,comment_only_user_day,19,7,0.3684210526315789
2018-06-02,question_user_day,11,4,0.36363636363636365
2018-06-03,answer_user_day,14,7,0.5
2018-06-03,comment_only_user_day,26,7,0.2692307692307692
2018-06-03,question_user_day,13,4,0.3076923076923077
2018-06-04,answer_user_day,13,7,0.5384615384615384
2018-06-04,comment_only_user_day,30,14,0.4666666666666667
2018-06-04,question_user_day,10,0,0.0
2018-06-05,answer_user_day,29,13,0.4482758620689655
2018-06-05,comment_only_user_day,39,13,0.3333333333333333
2018-06-05,question_user_day,18,2,0.1111111111111111
2018-06-06,answer_user_day,21,9,0.42857142857142855
2018-06-06,comment_only_user_day,50,13,0.26
2018-06-06,question_user_day,16,1,0.0625
2018-06-07,answer_user_day,31,12,0.3870967741935484
2018-06-07,comment_only_user_day,37,5,0.13513513513513514
2018-06-07,question_user_day,26,6,0.23076923076923078
2018-06-08,answer_user_day,21,4,0.19047619047619047
2018-06-08,comment_only_user_day,40,10,0.25
2018-06-08,question_user_day,14,4,0.2857142857142857
2018-06-09,answer_user_day,16,10,0.625
2018-06-09,comment_only_user_day,23,7,0.30434782608695654
2018-06-09,question_user_day,20,3,0.15
2018-06-10,answer_user_day,15,4,0.26666666666666666
2018-06-10,comment_only_user_day,25,4,0.16
2018-06-10,question_user_day,13,1,0.07692307692307693
2018-06-11,answer_user_day,13,3,0.23076923076923078
2018-06-11,comment_only_user_day,32,7,0.21875
2018-06-11,question_user_day,19,0,0.0
2018-06-12,answer_user_day,22,11,0.5
2018-06-12,comment_only_user_day,46,9,0.1956521739130435
2018-06-12,question_user_day,25,4,0.16
2018-06-13,answer_user_day,18,6,0.3333333333333333
2018-06-13,comment_only_user_day,49,12,0.24489795918367346
2018-06-13,question_user_day,19,2,0.10526315789473684
2018-06-14,answer_user_day,14,5,0.35714285714285715
2018-06-14,comment_only_user_day,43,9,0.20930232558139536
2018-06-14,question_user_day,21,3,0.14285714285714285
2018-06-15,answer_user_day,12,4,0.3333333333333333
2018-06-15,comment_only_user_day,36,8,0.2222222222222222
2018-06-15,question_user_day,17,2,0.11764705882352941
2018-06-16,answer_user_day,16,8,0.5
2018-06-16,comment_only_user_day,30,10,0.3333333333333333
2018-06-16,question_user_day,15,4,0.26666666666666666
2018-06-17,answer_user_day,13,5,0.38461538461538464
2018-06-17,comment_only_user_day,29,9,0.3103448275862069
2018-06-17,question_user_day,12,3,0.25
2018-06-18,answer_user_day,19,7,0.3684210526315789
2018-06-18,comment_only_user_day,34,12,0.35294117647058826
2018-06-18,question_user_day,21,4,0.19047619047619047
2018-06-19,answer_user_day,21,8,0.38095238095238093
2018-06-19,comment_only_user_day,35,9,0.2571428571428571
2018-06-19,question_user_day,25,2,0.08
2018-06-20,answer_user_day,28,12,0.42857142857142855
2018-06-20,comment_only_user_day,33,5,0.15151515151515152
2018-06-20,question_user_day,17,2,0.11764705882352941
2018-06-21,answer_user_day,17,3,0.17647058823529413
2018-06-21,comment_only_user_day,41,11,0.2682926829268293
2018-06-21,question_user_day,13,0,0.0
2018-06-22,answer_user_day,18,5,0.2777777777777778
2018-06-22,comment_only_user_day,25,7,0.28
2018-06-22,question_user_day,16,3,0.1875
2018-06-23,answer_user_day,18,7,0.3888888888888889
2018-06-23,comment_only_user_day,27,5,0.18518518518518517
2018-06-23,question_user_day,9,1,0.1111111111111111
2018-06-24,answer_user_day,14,8,0.5714285714285714
2018-06-24,comment_only_user_day,25,9,0.36
2018-06-24,question_user_day,9,2,0.2222222222222222
2018-06-25,answer_user_day,9,3,0.3333333333333333
2018-06-25,comment_only_user_day,37,14,0.3783783783783784
2018-06-25,question_user_day,14,2,0.14285714285714285
2018-06-26,answer_user_day,19,5,0.2631578947368421
2018-06-26,comment_only_user_day,42,9,0.21428571428571427
2018-06-26,question_user_day,16,1,0.0625
2018-06-27,answer_user_day,17,7,0.4117647058823529
2018-06-27,comment_only_user_day,47,15,0.3191489361702128
2018-06-27,question_user_day,26,6,0.23076923076923078
2018-06-28,answer_user_day,16,7,0.4375
2018-06-28,comment_only_user_day,57,17,0.2982456140350877
2018-06-28,question_user_day,17,3,0.17647058823529413
2018-06-29,answer_user_day,22,7,0.3181818181818182
2018-06-29,comment_only_user_day,48,17,0.3541666666666667
2018-06-29,question_user_day,20,3,0.15
2018-06-30,answer_user_day,24,8,0.3333333333333333
2018-06-30,comment_only_user_day,35,6,0.17142857142857143
2018-06-30,question_user_day,11,4,0.36363636363636365
2018-07-01,answer_user_day,18,11,0.6111111111111112
2018-07-01,comment_only_user_day,24,9,0.375
2018-07-01,question_user_day,13,5,0.38461538461538464
2018-07-02,answer_user_day,28,11,0.39285714285714285
2018-07-02,comment_only_user_day,68,20,0.29411764705882354
2018-07-02,question_user_day,19,2,0.10526315789473684
2018-07-03,answer_user_day,23,9,0.391304347826087
2018-07-03,comment_only_user_day,59,19,0.3220338983050847
2018-07-03,question_user_day,21,4,0.19047619047619047
2018-07-04,answer_user_day,15,7,0.4666666666666667
2018-07-04,comment_only_user_day,50,16,0.32
2018-07-04,question_user_day,9,3,0.3333333333333333
2018-07-05,answer_user_day,22,8,0.36363636363636365
2018-07-05,comment_only_user_day,45,13,0.28888888888888886
2018-07-05,question_user_day,19,2,0.10526315789473684
2018-07-06,answer_user_day,17,3,0.17647058823529413
2018-07-06,comment_only_user_day,42,12,0.2857142857142857
2018-07-06,question_user_day,12,1,0.08333333333333333
2018-07-07,answer_user_day,17,6,0.35294117647058826
2018-07-07,comment_only_user_day,25,9,0.36
2018-07-07,question_user_day,13,3,0.23076923076923078
2018-07-08,answer_user_day,20,10,0.5
2018-07-08,comment_only_user_day,25,6,0.24
2018-07-08,question_user_day,14,4,0.2857142857142857
2018-07-09,answer_user_day,15,6,0.4
2018-07-09,comment_only_user_day,40,8,0.2
2018-07-09,question_user_day,9,2,0.2222222222222222
2018-07-10,answer_user_day,22,9,0.4090909090909091
2018-07-10,comment_only_user_day,34,8,0.23529411764705882
2018-07-10,question_user_day,19,2,0.10526315789473684
2018-07-11,answer_user_day,20,5,0.25
2018-07-11,comment_only_user_day,33,8,0.24242424242424243
2018-07-11,question_user_day,21,4,0.19047619047619047
2018-07-12,answer_user_day,20,9,0.45
2018-07-12,comment_only_user_day,45,11,0.24444444444444444
2018-07-12,question_user_day,16,2,0.125
2018-07-13,answer_user_day,21,8,0.38095238095238093
2018-07-13,comment_only_user_day,38,7,0.18421052631578946
2018-07-13,question_user_day,17,3,0.17647058823529413
2018-07-14,answer_user_day,16,3,0.1875
2018-07-14,comment_only_user_day,29,2,0.06896551724137931
2018-07-14,question_user_day,11,0,0.0
2018-07-15,answer_user_day,17,5,0.29411764705882354
2018-07-15,comment_only_user_day,19,4,0.21052631578947367
2018-07-15,question_user_day,12,1,0.08333333333333333
2018-07-16,answer_user_day,27,14,0.5185185185185185
2018-07-16,comment_only_user_day,54,14,0.25925925925925924
2018-07-16,question_user_day,20,4,0.2
2018-07-17,answer_user_day,21,13,0.6190476190476191
2018-07-17,comment_only_user_day,54,21,0.3888888888888889
2018-07-17,question_user_day,20,1,0.05
2018-07-18,answer_user_day,23,12,0.5217391304347826
2018-07-18,comment_only_user_day,61,21,0.3442622950819672
2018-07-18,question_user_day,19,3,0.15789473684210525
2018-07-19,answer_user_day,28,10,0.35714285714285715
2018-07-19,comment_only_user_day,64,14,0.21875
2018-07-19,question_user_day,14,1,0.07142857142857142
2018-07-20,answer_user_day,27,10,0.37037037037037035
2018-07-20,comment_only_user_day,32,7,0.21875
2018-07-20,question_user_day,23,3,0.13043478260869565
2018-07-21,answer_user_day,22,8,0.36363636363636365
2018-07-21,comment_only_user_day,35,9,0.2571428571428571
2018-07-21,question_user_day,12,2,0.16666666666666666
2018-07-22,answer_user_day,16,8,0.5
2018-07-22,comment_only_user_day,41,16,0.3902439024390244
2018-07-22,question_user_day,14,3,0.21428571428571427
2018-07-23,answer_user_day,47,15,0.3191489361702128
2018-07-23,comment_only_user_day,70,14,0.2
2018-07-23,question_user_day,18,2,0.1111111111111111
2018-07-24,answer_user_day,25,7,0.28
2018-07-24,comment_only_user_day,47,12,0.2553191489361702
2018-07-24,question_user_day,21,6,0.2857142857142857
2018-07-25,answer_user_day,19,9,0.47368421052631576
2018-07-25,comment_only_user_day,55,16,0.2909090909090909
2018-07-25,question_user_day,19,4,0.21052631578947367
2018-07-26,answer_user_day,23,12,0.5217391304347826
2018-07-26,comment_only_user_day,62,10,0.16129032258064516
2018-07-26,question_user_day,25,6,0.24
2018-07-27,answer_user_day,20,9,0.45
2018-07-27,comment_only_user_day,42,10,0.23809523809523808
2018-07-27,question_user_day,15,2,0.13333333333333333
2018-07-28,answer_user_day,17,8,0.47058823529411764
2018-07-28,comment_only_user_day,32,8,0.25
2018-07-28,question_user_day,15,3,0.2
2018-07-29,answer_user_day,23,11,0.4782608695652174
2018-07-29,comment_only_user_day,37,13,0.35135135135135137
2018-07-29,question_user_day,20,4,0.2
2018-07-30,answer_user_day,27,15,0.5555555555555556
2018-07-30,comment_only_user_day,48,11,0.22916666666666666
2018-07-30,question_user_day,14,1,0.07142857142857142
2018-07-31,answer_user_day,18,12,0.6666666666666666
2018-07-31,comment_only_user_day,45,17,0.37777777777777777
2018-07-31,question_user_day,14,2,0.14285714285714285
2018-08-01,answer_user_day,22,11,0.5
2018-08-01,comment_only_user_day,47,10,0.2127659574468085
2018-08-01,question_user_day,17,5,0.29411764705882354
2018-08-02,answer_user_day,18,10,0.5555555555555556
2018-08-02,comment_only_user_day,30,9,0.3
2018-08-02,question_user_day,20,2,0.1
2018-08-03,answer_user_day,18,7,0.3888888888888889
2018-08-03,comment_only_user_day,34,8,0.23529411764705882
2018-08-03,question_user_day,19,2,0.10526315789473684
2018-08-04,answer_user_day,16,9,0.5625
2018-08-04,comment_only_user_day,19,10,0.5263157894736842
2018-08-04,question_user_day,13,3,0.23076923076923078
2018-08-05,answer_user_day,17,6,0.35294117647058826
2018-08-05,comment_only_user_day,35,12,0.34285714285714286
2018-08-05,question_user_day,14,2,0.14285714285714285
2018-08-06,answer_user_day,19,11,0.5789473684210527
2018-08-06,comment_only_user_day,36,16,0.4444444444444444
2018-08-06,question_user_day,26,10,0.38461538461538464
2018-08-07,answer_user_day,33,13,0.3939393939393939
2018-08-07,comment_only_user_day,65,14,0.2153846153846154
2018-08-07,question_user_day,21,5,0.23809523809523808
2018-08-08,answer_user_day,21,8,0.38095238095238093
2018-08-08,comment_only_user_day,63,21,0.3333333333333333
2018-08-08,question_user_day,18,4,0.2222222222222222
2018-08-09,answer_user_day,25,15,0.6
2018-08-09,comment_only_user_day,43,17,0.3953488372093023
2018-08-09,question_user_day,21,3,0.14285714285714285
2018-08-10,answer_user_day,21,12,0.5714285714285714
2018-08-10,comment_only_user_day,38,10,0.2631578947368421
2018-08-10,question_user_day,19,3,0.15789473684210525
2018-08-11,answer_user_day,22,7,0.3181818181818182
2018-08-11,comment_only_user_day,29,7,0.2413793103448276
2018-08-11,question_user_day,15,0,0.0
2018-08-12,answer_user_day,22,16,0.7272727272727273
2018-08-12,comment_only_user_day,29,10,0.3448275862068966
2018-08-12,question_user_day,22,4,0.18181818181818182
2018-08-13,answer_user_day,38,19,0.5
2018-08-13,comment_only_user_day,55,17,0.3090909090909091
2018-08-13,question_user_day,24,3,0.125
2018-08-14,answer_user_day,22,7,0.3181818181818182
2018-08-14,comment_only_user_day,61,14,0.22950819672131148
2018-08-14,question_user_day,23,1,0.043478260869565216
2018-08-15,answer_user_day,20,7,0.35
2018-08-15,comment_only_user_day,31,8,0.25806451612903225
2018-08-15,question_user_day,13,1,0.07692307692307693
2018-08-16,answer_user_day,17,4,0.23529411764705882
2018-08-16,comment_only_user_day,30,10,0.3333333333333333
2018-08-16,question_user_day,16,0,0.0
2018-08-17,answer_user_day,11,9,0.8181818181818182
2018-08-17,comment_only_user_day,36,11,0.3055555555555556
2018-08-17,question_user_day,9,1,0.1111111111111111
2018-08-18,answer_user_day,11,6,0.5454545454545454
2018-08-18,comment_only_user_day,25,7,0.28
2018-08-18,question_user_day,6,1,0.16666666666666666
2018-08-19,answer_user_day,19,6,0.3157894736842105
2018-08-19,comment_only_user_day,30,12,0.4
2018-08-19,question_user_day,12,2,0.16666666666666666
2018-08-20,answer_user_day,27,14,0.5185185185185185
2018-08-20,comment_only_user_day,40,7,0.175
2018-08-20,question_user_day,13,1,0.07692307692307693
2018-08-21,answer_user_day,22,10,0.45454545454545453
2018-08-21,comment_only_user_day,54,13,0.24074074074074073
2018-08-21,question_user_day,15,0,0.0
2018-08-22,answer_user_day,22,10,0.45454545454545453
2018-08-22,comment_only_user_day,47,15,0.3191489361702128
2018-08-22,question_user_day,17,4,0.23529411764705882
2018-08-23,answer_user_day,20,6,0.3
2018-08-23,comment_only_user_day,43,12,0.27906976744186046
2018-08-23,question_user_day,17,3,0.17647058823529413
2018-08-24,answer_user_day,17,4,0.23529411764705882
2018-08-24,comment_only_user_day,41,14,0.34146341463414637
2018-08-24,question_user_day,14,3,0.21428571428571427
2018-08-25,answer_user_day,15,6,0.4
2018-08-25,comment_only_user_day,30,10,0.3333333333333333
2018-08-25,question_user_day,17,4,0.23529411764705882
2018-08-26,answer_user_day,19,6,0.3157894736842105
2018-08-26,comment_only_user_day,34,10,0.29411764705882354
2018-08-26,question_user_day,15,6,0.4
2018-08-27,answer_user_day,18,9,0.5
2018-08-27,comment_only_user_day,41,19,0.4634146341463415
2018-08-27,question_user_day,18,9,0.5
2018-08-28,answer_user_day,22,10,0.45454545454545453
2018-08-28,comment_only_user_day,65,17,0.26153846153846155
2018-08-28,question_user_day,24,7,0.2916666666666667
2018-08-29,answer_user_day,28,15,0.5357142857142857
2018-08-29,comment_only_user_day,46,14,0.30434782608695654
2018-08-29,question_user_day,22,5,0.22727272727272727
2018-08-30,answer_user_day,16,4,0.25
2018-08-30,comment_only_user_day,50,14,0.28
2018-08-30,question_user_day,13,3,0.23076923076923078
2018-08-31,answer_user_day,14,6,0.42857142857142855
2018-08-31,comment_only_user_day,32,3,0.09375
2018-08-31,question_user_day,16,2,0.125
2018-09-01,answer_user_day,16,8,0.5
2018-09-01,comment_only_user_day,15,4,0.26666666666666666
2018-09-01,question_user_day,6,0,0.0
2018-09-02,answer_user_day,10,5,0.5
2018-09-02,comment_only_user_day,35,14,0.4
2018-09-02,question_user_day,9,4,0.4444444444444444
2018-09-03,answer_user_day,23,11,0.4782608695652174
2018-09-03,comment_only_user_day,40,13,0.325
2018-09-03,question_user_day,22,3,0.13636363636363635
2018-09-04,answer_user_day,23,8,0.34782608695652173
2018-09-04,comment_only_user_day,51,12,0.23529411764705882
2018-09-04,question_user_day,25,5,0.2
2018-09-05,answer_user_day,23,9,0.391304347826087
2018-09-05,comment_only_user_day,45,8,0.17777777777777778
2018-09-05,question_user_day,16,4,0.25
2018-09-06,answer_user_day,14,4,0.2857142857142857
2018-09-06,comment_only_user_day,50,11,0.22
2018-09-06,question_user_day,14,1,0.07142857142857142
2018-09-07,answer_user_day,18,6,0.3333333333333333
2018-09-07,comment_only_user_day,24,7,0.2916666666666667
2018-09-07,question_user_day,13,1,0.07692307692307693
2018-09-08,answer_user_day,11,6,0.5454545454545454
2018-09-08,comment_only_user_day,34,7,0.20588235294117646
2018-09-08,question_user_day,10,2,0.2
2018-09-09,answer_user_day,11,5,0.45454545454545453
2018-09-09,comment_only_user_day,28,10,0.35714285714285715
2018-09-09,question_user_day,9,2,0.2222222222222222
2018-09-10,answer_user_day,15,8,0.5333333333333333
2018-09-10,comment_only_user_day,47,17,0.3617021276595745
2018-09-10,question_user_day,11,4,0.36363636363636365
2018-09-11,answer_user_day,24,8,0.3333333333333333
2018-09-11,comment_only_user_day,46,8,0.17391304347826086
2018-09-11,question_user_day,18,3,0.16666666666666666
2018-09-12,answer_user_day,18,6,0.3333333333333333
2018-09-12,comment_only_user_day,37,15,0.40540540540540543
2018-09-12,question_user_day,14,1,0.07142857142857142
2018-09-13,answer_user_day,25,8,0.32
2018-09-13,comment_only_user_day,41,12,0.2926829268292683
2018-09-13,question_user_day,15,2,0.13333333333333333
2018-09-14,answer_user_day,27,9,0.3333333333333333
2018-09-14,comment_only_user_day,40,6,0.15
2018-09-14,question_user_day,15,4,0.26666666666666666
2018-09-15,answer_user_day,11,4,0.36363636363636365
2018-09-15,comment_only_user_day,32,9,0.28125
2018-09-15,question_user_day,7,2,0.2857142857142857
2018-09-16,answer_user_day,14,6,0.42857142857142855
2018-09-16,comment_only_user_day,24,9,0.375
2018-09-16,question_user_day,8,0,0.0
2018-09-17,answer_user_day,19,5,0.2631578947368421
2018-09-17,comment_only_user_day,53,10,0.18867924528301888
2018-09-17,question_user_day,12,2,0.16666666666666666
2018-09-18,answer_user_day,18,8,0.4444444444444444
2018-09-18,comment_only_user_day,38,3,0.07894736842105263
2018-09-18,question_user_day,11,3,0.2727272727272727
2018-09-19,answer_user_day,12,7,0.5833333333333334
2018-09-19,comment_only_user_day,29,8,0.27586206896551724
2018-09-19,question_user_day,8,2,0.25
2018-09-20,answer_user_day,19,9,0.47368421052631576
2018-09-20,comment_only_user_day,47,8,0.1702127659574468
2018-09-20,question_user_day,15,1,0.06666666666666667
2018-09-21,answer_user_day,17,9,0.5294117647058824
2018-09-21,comment_only_user_day,30,6,0.2
2018-09-21,question_user_day,14,1,0.07142857142857142
2018-09-22,answer_user_day,16,7,0.4375
2018-09-22,comment_only_user_day,28,7,0.25
2018-09-22,question_user_day,13,2,0.15384615384615385
2018-09-23,answer_user_day,15,11,0.7333333333333333
2018-09-23,comment_only_user_day,33,6,0.18181818181818182
2018-09-23,question_user_day,16,5,0.3125
2018-09-24,answer_user_day,21,10,0.47619047619047616
2018-09-24,comment_only_user_day,41,14,0.34146341463414637
2018-09-24,question_user_day,18,10,0.5555555555555556
2018-09-25,answer_user_day,21,9,0.42857142857142855
2018-09-25,comment_only_user_day,57,13,0.22807017543859648
2018-09-25,question_user_day,25,5,0.2
2018-09-26,answer_user_day,23,6,0.2608695652173913
2018-09-26,comment_only_user_day,44,7,0.1590909090909091
2018-09-26,question_user_day,15,1,0.06666666666666667
2018-09-27,answer_user_day,15,8,0.5333333333333333
2018-09-27,comment_only_user_day,22,7,0.3181818181818182
2018-09-27,question_user_day,13,1,0.07692307692307693
2018-09-28,answer_user_day,24,1,0.041666666666666664
2018-09-28,comment_only_user_day,40,10,0.25
2018-09-28,question_user_day,18,1,0.05555555555555555
2018-09-29,answer_user_day,8,3,0.375
2018-09-29,comment_only_user_day,20,9,0.45
2018-09-29,question_user_day,7,3,0.42857142857142855
2018-09-30,answer_user_day,19,6,0.3157894736842105
2018-09-30,comment_only_user_day,33,8,0.24242424242424243
2018-09-30,question_user_day,17,6,0.35294117647058826
2018-10-01,answer_user_day,8,4,0.5
2018-10-01,comment_only_user_day,45,12,0.26666666666666666
2018-10-01,question_user_day,10,1,0.1
2018-10-02,answer_user_day,23,11,0.4782608695652174
2018-10-02,comment_only_user_day,38,7,0.18421052631578946
2018-10-02,question_user_day,10,4,0.4
2018-10-03,answer_user_day,21,8,0.38095238095238093
2018-10-03,comment_only_user_day,33,12,0.36363636363636365
2018-10-03,question_user_day,18,1,0.05555555555555555
2018-10-04,answer_user_day,22,6,0.2727272727272727
2018-10-04,comment_only_user_day,40,12,0.3
2018-10-04,question_user_day,19,4,0.21052631578947367
2018-10-05,answer_user_day,23,10,0.43478260869565216
2018-10-05,comment_only_user_day,39,9,0.23076923076923078
2018-10-05,question_user_day,10,1,0.1
2018-10-06,answer_user_day,18,7,0.3888888888888889
2018-10-06,comment_only_user_day,29,4,0.13793103448275862
2018-10-06,question_user_day,12,3,0.25
2018-10-07,answer_user_day,17,7,0.4117647058823529
2018-10-07,comment_only_user_day,19,6,0.3157894736842105
2018-10-07,question_user_day,7,2,0.2857142857142857
2018-10-08,answer_user_day,24,6,0.25
2018-10-08,comment_only_user_day,57,21,0.3684210526315789
2018-10-08,question_user_day,26,5,0.19230769230769232
2018-10-09,answer_user_day,18,11,0.6111111111111112
2018-10-09,comment_only_user_day,55,21,0.38181818181818183
2018-10-09,question_user_day,15,5,0.3333333333333333
2018-10-10,answer_user_day,28,18,0.6428571428571429
2018-10-10,comment_only_user_day,58,19,0.3275862068965517
2018-10-10,question_user_day,20,2,0.1
2018-10-11,answer_user_day,31,15,0.4838709677419355
2018-10-11,comment_only_user_day,53,8,0.1509433962264151
2018-10-11,question_user_day,23,3,0.13043478260869565
2018-10-12,answer_user_day,32,9,0.28125
2018-10-12,comment_only_user_day,62,8,0.12903225806451613
2018-10-12,question_user_day,19,3,0.15789473684210525
2018-10-13,answer_user_day,13,6,0.46153846153846156
2018-10-13,comment_only_user_day,38,9,0.23684210526315788
2018-10-13,question_user_day,16,3,0.1875
2018-10-14,answer_user_day,16,10,0.625
2018-10-14,comment_only_user_day,32,8,0.25
2018-10-14,question_user_day,8,0,0.0
2018-10-15,answer_user_day,28,12,0.42857142857142855
2018-10-15,comment_only_user_day,48,12,0.25
2018-10-15,question_user_day,20,7,0.35
2018-10-16,answer_user_day,25,11,0.44
2018-10-16,comment_only_user_day,57,18,0.3157894736842105
2018-10-16,question_user_day,14,3,0.21428571428571427
2018-10-17,answer_user_day,24,9,0.375
2018-10-17,comment_only_user_day,44,15,0.3409090909090909
2018-10-17,question_user_day,16,4,0.25
2018-10-18,answer_user_day,17,10,0.5882352941176471
2018-10-18,comment_only_user_day,47,11,0.23404255319148937
2018-10-18,question_user_day,18,2,0.1111111111111111
2018-10-19,answer_user_day,15,4,0.26666666666666666
2018-10-19,comment_only_user_day,34,7,0.20588235294117646
2018-10-19,question_user_day,15,0,0.0
2018-10-20,answer_user_day,10,5,0.5
2018-10-20,comment_only_user_day,16,7,0.4375
2018-10-20,question_user_day,12,2,0.16666666666666666
2018-10-21,answer_user_day,11,6,0.5454545454545454
2018-10-21,comment_only_user_day,26,7,0.2692307692307692
2018-10-21,question_user_day,10,3,0.3
2018-10-22,answer_user_day,17,8,0.47058823529411764
2018-10-22,comment_only_user_day,29,5,0.1724137931034483
2018-10-22,question_user_day,12,1,0.08333333333333333
2018-10-23,answer_user_day,17,9,0.5294117647058824
2018-10-23,comment_only_user_day,30,11,0.36666666666666664
2018-10-23,question_user_day,10,1,0.1
2018-10-24,answer_user_day,21,12,0.5714285714285714
2018-10-24,comment_only_user_day,28,9,0.32142857142857145
2018-10-24,question_user_day,18,1,0.05555555555555555
2018-10-25,answer_user_day,13,6,0.46153846153846156
2018-10-25,comment_only_user_day,35,11,0.3142857142857143
2018-10-25,question_user_day,12,3,0.25
2018-10-26,answer_user_day,18,4,0.2222222222222222
2018-10-26,comment_only_user_day,39,8,0.20512820512820512
2018-10-26,question_user_day,12,2,0.16666666666666666
2018-10-27,answer_user_day,10,9,0.9
2018-10-27,comment_only_user_day,15,6,0.4
2018-10-27,question_user_day,16,4,0.25
2018-10-28,answer_user_day,25,11,0.44
2018-10-28,comment_only_user_day,31,9,0.2903225806451613
2018-10-28,question_user_day,13,3,0.23076923076923078
2018-10-29,answer_user_day,26,12,0.46153846153846156
2018-10-29,comment_only_user_day,67,19,0.2835820895522388
2018-10-29,question_user_day,20,4,0.2
2018-10-30,answer_user_day,31,15,0.4838709677419355
2018-10-30,comment_only_user_day,75,12,0.16
2018-10-30,question_user_day,20,3,0.15
2018-10-31,answer_user_day,19,6,0.3157894736842105
2018-10-31,comment_only_user_day,45,8,0.17777777777777778
2018-10-31,question_user_day,16,7,0.4375
2018-11-01,answer_user_day,13,2,0.15384615384615385
2018-11-01,comment_only_user_day,41,9,0.21951219512195122
2018-11-01,question_user_day,10,4,0.4
2018-11-02,answer_user_day,9,5,0.5555555555555556
2018-11-02,comment_only_user_day,36,6,0.16666666666666666
2018-11-02,question_user_day,7,1,0.14285714285714285
2018-11-03,answer_user_day,17,12,0.7058823529411765
2018-11-03,comment_only_user_day,16,4,0.25
2018-11-03,question_user_day,15,4,0.26666666666666666
2018-11-04,answer_user_day,17,7,0.4117647058823529
2018-11-04,comment_only_user_day,31,10,0.3225806451612903
2018-11-04,question_user_day,19,4,0.21052631578947367
2018-11-05,answer_user_day,25,11,0.44
2018-11-05,comment_only_user_day,58,16,0.27586206896551724
2018-11-05,question_user_day,16,4,0.25
2018-11-06,answer_user_day,18,8,0.4444444444444444
2018-11-06,comment_only_user_day,57,10,0.17543859649122806
2018-11-06,question_user_day,13,1,0.07692307692307693
2018-11-07,answer_user_day,10,5,0.5
2018-11-07,comment_only_user_day,34,10,0.29411764705882354
2018-11-07,question_user_day,17,3,0.17647058823529413
2018-11-08,answer_user_day,21,6,0.2857142857142857
2018-11-08,comment_only_user_day,48,12,0.25
2018-11-08,question_user_day,20,2,0.1
2018-11-09,answer_user_day,20,10,0.5
2018-11-09,comment_only_user_day,40,7,0.175
2018-11-09,question_user_day,15,3,0.2
2018-11-10,answer_user_day,17,8,0.47058823529411764
2018-11-10,comment_only_user_day,23,9,0.391304347826087
2018-11-10,question_user_day,15,7,0.4666666666666667
2018-11-11,answer_user_day,17,13,0.7647058823529411
2018-11-11,comment_only_user_day,37,9,0.24324324324324326
2018-11-11,question_user_day,13,3,0.23076923076923078
2018-11-12,answer_user_day,23,11,0.4782608695652174
2018-11-12,comment_only_user_day,46,17,0.3695652173913043
2018-11-12,question_user_day,15,2,0.13333333333333333
2018-11-13,answer_user_day,20,9,0.45
2018-11-13,comment_only_user_day,43,11,0.2558139534883721
2018-11-13,question_user_day,21,2,0.09523809523809523
2018-11-14,answer_user_day,21,12,0.5714285714285714
2018-11-14,comment_only_user_day,27,11,0.4074074074074074
2018-11-14,question_user_day,24,3,0.125
2018-11-15,answer_user_day,16,8,0.5
2018-11-15,comment_only_user_day,44,15,0.3409090909090909
2018-11-15,question_user_day,21,3,0.14285714285714285
2018-11-16,answer_user_day,12,6,0.5
2018-11-16,comment_only_user_day,41,15,0.36585365853658536
2018-11-16,question_user_day,13,5,0.38461538461538464
2018-11-17,answer_user_day,15,8,0.5333333333333333
2018-11-17,comment_only_user_day,32,11,0.34375
2018-11-17,question_user_day,8,3,0.375
2018-11-18,answer_user_day,8,5,0.625
2018-11-18,comment_only_user_day,27,12,0.4444444444444444
2018-11-18,question_user_day,12,7,0.5833333333333334
2018-11-19,answer_user_day,16,10,0.625
2018-11-19,comment_only_user_day,60,10,0.16666666666666666
2018-11-19,question_user_day,14,0,0.0
2018-11-20,answer_user_day,14,7,0.5
2018-11-20,comment_only_user_day,25,8,0.32
2018-11-20,question_user_day,14,1,0.07142857142857142
2018-11-21,answer_user_day,15,7,0.4666666666666667
2018-11-21,comment_only_user_day,37,7,0.1891891891891892
2018-11-21,question_user_day,15,0,0.0
2018-11-22,answer_user_day,12,6,0.5
2018-11-22,comment_only_user_day,23,5,0.21739130434782608
2018-11-22,question_user_day,11,1,0.09090909090909091
2018-11-23,answer_user_day,8,2,0.25
2018-11-23,comment_only_user_day,28,6,0.21428571428571427
2018-11-23,question_user_day,8,0,0.0
2018-11-24,answer_user_day,9,4,0.4444444444444444
2018-11-24,comment_only_user_day,18,8,0.4444444444444444
2018-11-24,question_user_day,12,3,0.25
2018-11-25,answer_user_day,10,5,0.5
2018-11-25,comment_only_user_day,25,12,0.48
2018-11-25,question_user_day,15,2,0.13333333333333333
2018-11-26,answer_user_day,26,12,0.46153846153846156
2018-11-26,comment_only_user_day,27,11,0.4074074074074074
2018-11-26,question_user_day,12,4,0.3333333333333333
2018-11-27,answer_user_day,23,8,0.34782608695652173
2018-11-27,comment_only_user_day,59,14,0.23728813559322035
2018-11-27,question_user_day,16,2,0.125
2018-11-28,answer_user_day,15,6,0.4
2018-11-28,comment_only_user_day,48,10,0.20833333333333334
2018-11-28,question_user_day,19,5,0.2631578947368421
2018-11-29,answer_user_day,17,9,0.5294117647058824
2018-11-29,comment_only_user_day,48,12,0.25
2018-11-29,question_user_day,13,2,0.15384615384615385
2018-11-30,answer_user_day,16,3,0.1875
2018-11-30,comment_only_user_day,46,7,0.15217391304347827
2018-11-30,question_user_day,16,3,0.1875
2018-12-01,answer_user_day,12,5,0.4166666666666667
2018-12-01,comment_only_user_day,27,7,0.25925925925925924
2018-12-01,question_user_day,7,2,0.2857142857142857
2018-12-02,answer_user_day,17,6,0.35294117647058826
2018-12-02,comment_only_user_day,23,7,0.30434782608695654
2018-12-02,question_user_day,10,2,0.2
2018-12-03,answer_user_day,19,6,0.3157894736842105
2018-12-03,comment_only_user_day,64,18,0.28125
2018-12-03,question_user_day,15,3,0.2
2018-12-04,answer_user_day,26,9,0.34615384615384615
2018-12-04,comment_only_user_day,48,19,0.3958333333333333
2018-12-04,question_user_day,17,3,0.17647058823529413
2018-12-05,answer_user_day,13,8,0.6153846153846154
2018-12-05,comment_only_user_day,46,15,0.32608695652173914
2018-12-05,question_user_day,20,1,0.05
2018-12-06,answer_user_day,24,11,0.4583333333333333
2018-12-06,comment_only_user_day,40,11,0.275
2018-12-06,question_user_day,25,3,0.12
2018-12-07,answer_user_day,20,6,0.3
2018-12-07,comment_only_user_day,37,10,0.2702702702702703
2018-12-07,question_user_day,20,2,0.1
2018-12-08,answer_user_day,12,6,0.5
2018-12-08,comment_only_user_day,27,8,0.2962962962962963
2018-12-08,question_user_day,12,4,0.3333333333333333
2018-12-09,answer_user_day,14,7,0.5
2018-12-09,comment_only_user_day,27,11,0.4074074074074074
2018-12-09,question_user_day,12,1,0.08333333333333333
2018-12-10,answer_user_day,13,8,0.6153846153846154
2018-12-10,comment_only_user_day,52,13,0.25
2018-12-10,question_user_day,12,1,0.08333333333333333
2018-12-11,answer_user_day,23,6,0.2608695652173913
2018-12-11,comment_only_user_day,37,16,0.43243243243243246
2018-12-11,question_user_day,18,2,0.1111111111111111
2018-12-12,answer_user_day,28,14,0.5
2018-12-12,comment_only_user_day,44,11,0.25
2018-12-12,question_user_day,20,6,0.3
2018-12-13,answer_user_day,25,14,0.56
2018-12-13,comment_only_user_day,49,12,0.24489795918367346
2018-12-13,question_user_day,19,1,0.05263157894736842
2018-12-14,answer_user_day,26,11,0.4230769230769231
2018-12-14,comment_only_user_day,52,11,0.21153846153846154
2018-12-14,question_user_day,25,1,0.04
2018-12-15,answer_user_day,9,3,0.3333333333333333
2018-12-15,comment_only_user_day,39,9,0.23076923076923078
2018-12-15,question_user_day,10,2,0.2
2018-12-16,answer_user_day,13,6,0.46153846153846156
2018-12-16,comment_only_user_day,24,4,0.16666666666666666
2018-12-16,question_user_day,14,2,0.14285714285714285
2018-12-17,answer_user_day,23,11,0.4782608695652174
2018-12-17,comment_only_user_day,52,16,0.3076923076923077
2018-12-17,question_user_day,22,3,0.13636363636363635
2018-12-18,answer_user_day,25,6,0.24
2018-12-18,comment_only_user_day,58,15,0.25862068965517243
2018-12-18,question_user_day,13,2,0.15384615384615385
2018-12-19,answer_user_day,24,7,0.2916666666666667
2018-12-19,comment_only_user_day,39,10,0.2564102564102564
2018-12-19,question_user_day,16,3,0.1875
2018-12-20,answer_user_day,25,7,0.28
2018-12-20,comment_only_user_day,37,9,0.24324324324324326
2018-12-20,question_user_day,18,4,0.2222222222222222
2018-12-21,answer_user_day,22,6,0.2727272727272727
2018-12-21,comment_only_user_day,43,5,0.11627906976744186
2018-12-21,question_user_day,8,3,0.375
2018-12-22,answer_user_day,9,4,0.4444444444444444
2018-12-22,comment_only_user_day,32,3,0.09375
2018-12-22,question_user_day,10,1,0.1
2018-12-23,answer_user_day,8,2,0.25
2018-12-23,comment_only_user_day,29,6,0.20689655172413793
2018-12-23,question_user_day,7,0,0.0
2018-12-24,answer_user_day,12,5,0.4166666666666667
2018-12-24,comment_only_user_day,15,5,0.3333333333333333
2018-12-24,question_user_day,13,1,0.07692307692307693
2018-12-25,answer_user_day,11,4,0.36363636363636365
2018-12-25,comment_only_user_day,19,9,0.47368421052631576
2018-12-25,question_user_day,9,2,0.2222222222222222
2018-12-26,answer_user_day,14,6,0.42857142857142855
2018-12-26,comment_only_user_day,22,8,0.36363636363636365
2018-12-26,question_user_day,22,7,0.3181818181818182
2018-12-27,answer_user_day,9,6,0.6666666666666666
2018-12-27,comment_only_user_day,35,12,0.34285714285714286
2018-12-27,question_user_day,11,3,0.2727272727272727
2018-12-28,answer_user_day,25,8,0.32
2018-12-28,comment_only_user_day,34,5,0.14705882352941177
2018-12-28,question_user_day,27,3,0.1111111111111111
2018-12-29,answer_user_day,12,4,0.3333333333333333
2018-12-29,comment_only_user_day,23,9,0.391304347826087
2018-12-29,question_user_day,6,4,0.6666666666666666
2018-12-30,answer_user_day,18,7,0.3888888888888889
2018-12-30,comment_only_user_day,25,7,0.28
2018-12-30,question_user_day,17,3,0.17647058823529413
2018-12-31,answer_user_day,14,6,0.42857142857142855
2018-12-31,comment_only_user_day,32,4,0.125
2018-12-31,question_user_day,12,4,0.3333333333333333
2019-01-01,answer_user_day,16,7,0.4375
2019-01-01,comment_only_user_day,25,8,0.32
2019-01-01,question_user_day,12,2,0.16666666666666666
2019-01-02,answer_user_day,34,14,0.4117647058823529
2019-01-02,comment_only_user_day,61,19,0.3114754098360656
2019-01-02,question_user_day,34,4,0.11764705882352941
2019-01-03,answer_user_day,26,13,0.5
2019-01-03,comment_only_user_day,56,17,0.30357142857142855
2019-01-03,question_user_day,21,4,0.19047619047619047
2019-01-04,answer_user_day,36,10,0.2777777777777778
2019-01-04,comment_only_user_day,56,11,0.19642857142857142
2019-01-04,question_user_day,22,3,0.13636363636363635
2019-01-05,answer_user_day,13,8,0.6153846153846154
2019-01-05,comment_only_user_day,37,10,0.2702702702702703
2019-01-05,question_user_day,14,5,0.35714285714285715
2019-01-06,answer_user_day,17,11,0.6470588235294118
2019-01-06,comment_only_user_day,40,11,0.275
2019-01-06,question_user_day,17,4,0.23529411764705882
2019-01-07,answer_user_day,23,7,0.30434782608695654
2019-01-07,comment_only_user_day,49,14,0.2857142857142857
2019-01-07,question_user_day,23,3,0.13043478260869565
2019-01-08,answer_user_day,20,12,0.6
2019-01-08,comment_only_user_day,39,11,0.28205128205128205
2019-01-08,question_user_day,20,1,0.05
2019-01-09,answer_user_day,24,11,0.4583333333333333
2019-01-09,comment_only_user_day,34,12,0.35294117647058826
2019-01-09,question_user_day,19,2,0.10526315789473684
2019-01-10,answer_user_day,15,9,0.6
2019-01-10,comment_only_user_day,44,10,0.22727272727272727
2019-01-10,question_user_day,25,5,0.2
2019-01-11,answer_user_day,25,10,0.4
2019-01-11,comment_only_user_day,42,9,0.21428571428571427
2019-01-11,question_user_day,24,4,0.16666666666666666
2019-01-12,answer_user_day,14,8,0.5714285714285714
2019-01-12,comment_only_user_day,28,9,0.32142857142857145
2019-01-12,question_user_day,14,4,0.2857142857142857
2019-01-13,answer_user_day,24,14,0.5833333333333334
2019-01-13,comment_only_user_day,38,12,0.3157894736842105
2019-01-13,question_user_day,20,3,0.15
2019-01-14,answer_user_day,22,8,0.36363636363636365
2019-01-14,comment_only_user_day,47,16,0.3404255319148936
2019-01-14,question_user_day,25,5,0.2
2019-01-15,answer_user_day,18,8,0.4444444444444444
2019-01-15,comment_only_user_day,56,18,0.32142857142857145
2019-01-15,question_user_day,26,5,0.19230769230769232
2019-01-16,answer_user_day,27,9,0.3333333333333333
2019-01-16,comment_only_user_day,50,13,0.26
2019-01-16,question_user_day,24,2,0.08333333333333333
2019-01-17,answer_user_day,19,4,0.21052631578947367
2019-01-17,comment_only_user_day,36,11,0.3055555555555556
2019-01-17,question_user_day,13,2,0.15384615384615385
2019-01-18,answer_user_day,13,5,0.38461538461538464
2019-01-18,comment_only_user_day,29,10,0.3448275862068966
2019-01-18,question_user_day,12,2,0.16666666666666666
2019-01-19,answer_user_day,12,8,0.6666666666666666
2019-01-19,comment_only_user_day,21,11,0.5238095238095238
2019-01-19,question_user_day,20,4,0.2
2019-01-20,answer_user_day,11,6,0.5454545454545454
2019-01-20,comment_only_user_day,32,9,0.28125
2019-01-20,question_user_day,12,4,0.3333333333333333
2019-01-21,answer_user_day,29,13,0.4482758620689655
2019-01-21,comment_only_user_day,51,12,0.23529411764705882
2019-01-21,question_user_day,34,7,0.20588235294117646
2019-01-22,answer_user_day,23,10,0.43478260869565216
2019-01-22,comment_only_user_day,61,12,0.19672131147540983
2019-01-22,question_user_day,20,6,0.3
2019-01-23,answer_user_day,18,9,0.5
2019-01-23,comment_only_user_day,43,7,0.16279069767441862
2019-01-23,question_user_day,24,4,0.16666666666666666
2019-01-24,answer_user_day,24,10,0.4166666666666667
2019-01-24,comment_only_user_day,37,12,0.32432432432432434
2019-01-24,question_user_day,27,4,0.14814814814814814
2019-01-25,answer_user_day,25,12,0.48
2019-01-25,comment_only_user_day,55,15,0.2727272727272727
2019-01-25,question_user_day,21,1,0.047619047619047616
2019-01-26,answer_user_day,21,8,0.38095238095238093
2019-01-26,comment_only_user_day,44,12,0.2727272727272727
2019-01-26,question_user_day,17,5,0.29411764705882354
2019-01-27,answer_user_day,15,10,0.6666666666666666
2019-01-27,comment_only_user_day,46,11,0.2391304347826087
2019-01-27,question_user_day,15,1,0.06666666666666667
2019-01-28,answer_user_day,27,16,0.5925925925925926
2019-01-28,comment_only_user_day,38,14,0.3684210526315789
2019-01-28,question_user_day,19,5,0.2631578947368421
2019-01-29,answer_user_day,18,12,0.6666666666666666
2019-01-29,comment_only_user_day,44,12,0.2727272727272727
2019-01-29,question_user_day,19,4,0.21052631578947367
2019-01-30,answer_user_day,19,8,0.42105263157894735
2019-01-30,comment_only_user_day,52,16,0.3076923076923077
2019-01-30,question_user_day,19,0,0.0
2019-01-31,answer_user_day,13,6,0.46153846153846156
2019-01-31,comment_only_user_day,34,11,0.3235294117647059
2019-01-31,question_user_day,13,2,0.15384615384615385
2019-02-01,answer_user_day,22,5,0.22727272727272727
2019-02-01,comment_only_user_day,39,13,0.3333333333333333
2019-02-01,question_user_day,15,3,0.2
2019-02-02,answer_user_day,17,8,0.47058823529411764
2019-02-02,comment_only_user_day,23,7,0.30434782608695654
2019-02-02,question_user_day,18,2,0.1111111111111111
2019-02-03,answer_user_day,15,7,0.4666666666666667
2019-02-03,comment_only_user_day,26,6,0.23076923076923078
2019-02-03,question_user_day,16,4,0.25
2019-02-04,answer_user_day,25,13,0.52
2019-02-04,comment_only_user_day,36,6,0.16666666666666666
2019-02-04,question_user_day,21,4,0.19047619047619047
2019-02-05,answer_user_day,22,13,0.5909090909090909
2019-02-05,comment_only_user_day,42,12,0.2857142857142857
2019-02-05,question_user_day,16,6,0.375
2019-02-06,answer_user_day,28,11,0.39285714285714285
2019-02-06,comment_only_user_day,55,17,0.3090909090909091
2019-02-06,question_user_day,21,5,0.23809523809523808
2019-02-07,answer_user_day,25,11,0.44
2019-02-07,comment_only_user_day,57,17,0.2982456140350877
2019-02-07,question_user_day,14,1,0.07142857142857142
2019-02-08,answer_user_day,23,5,0.21739130434782608
2019-02-08,comment_only_user_day,61,10,0.16393442622950818
2019-02-08,question_user_day,20,3,0.15
2019-02-09,answer_user_day,16,6,0.375
2019-02-09,comment_only_user_day,31,9,0.2903225806451613
2019-02-09,question_user_day,12,0,0.0
2019-02-10,answer_user_day,13,7,0.5384615384615384
2019-02-10,comment_only_user_day,29,8,0.27586206896551724
2019-02-10,question_user_day,12,0,0.0
2019-02-11,answer_user_day,25,8,0.32
2019-02-11,comment_only_user_day,41,11,0.2682926829268293
2019-02-11,question_user_day,20,5,0.25
2019-02-12,answer_user_day,25,9,0.36
2019-02-12,comment_only_user_day,40,8,0.2
2019-02-12,question_user_day,15,5,0.3333333333333333
2019-02-13,answer_user_day,27,13,0.48148148148148145
2019-02-13,comment_only_user_day,48,12,0.25
2019-02-13,question_user_day,23,5,0.21739130434782608
2019-02-14,answer_user_day,27,7,0.25925925925925924
2019-02-14,comment_only_user_day,57,24,0.42105263157894735
2019-02-14,question_user_day,17,2,0.11764705882352941
2019-02-15,answer_user_day,13,7,0.5384615384615384
2019-02-15,comment_only_user_day,51,9,0.17647058823529413
2019-02-15,question_user_day,13,1,0.07692307692307693
2019-02-16,answer_user_day,10,4,0.4
2019-02-16,comment_only_user_day,31,7,0.22580645161290322
2019-02-16,question_user_day,12,3,0.25
2019-02-17,answer_user_day,8,7,0.875
2019-02-17,comment_only_user_day,30,12,0.4
2019-02-17,question_user_day,12,5,0.4166666666666667
2019-02-18,answer_user_day,30,14,0.4666666666666667
2019-02-18,comment_only_user_day,54,14,0.25925925925925924
2019-02-18,question_user_day,25,4,0.16
2019-02-19,answer_user_day,22,10,0.45454545454545453
2019-02-19,comment_only_user_day,43,9,0.20930232558139536
2019-02-19,question_user_day,20,7,0.35
2019-02-20,answer_user_day,15,5,0.3333333333333333
2019-02-20,comment_only_user_day,46,15,0.32608695652173914
2019-02-20,question_user_day,21,8,0.38095238095238093
2019-02-21,answer_user_day,13,5,0.38461538461538464
2019-02-21,comment_only_user_day,39,14,0.358974358974359
2019-02-21,question_user_day,24,1,0.041666666666666664
2019-02-22,answer_user_day,22,10,0.45454545454545453
2019-02-22,comment_only_user_day,38,8,0.21052631578947367
2019-02-22,question_user_day,18,2,0.1111111111111111
2019-02-23,answer_user_day,13,5,0.38461538461538464
2019-02-23,comment_only_user_day,32,10,0.3125
2019-02-23,question_user_day,14,4,0.2857142857142857
2019-02-24,answer_user_day,13,8,0.6153846153846154
2019-02-24,comment_only_user_day,34,13,0.38235294117647056
2019-02-24,question_user_day,11,0,0.0
2019-02-25,answer_user_day,22,10,0.45454545454545453
2019-02-25,comment_only_user_day,44,12,0.2727272727272727
2019-02-25,question_user_day,24,4,0.16666666666666666
2019-02-26,answer_user_day,24,15,0.625
2019-02-26,comment_only_user_day,45,11,0.24444444444444444
2019-02-26,question_user_day,22,3,0.13636363636363635
2019-02-27,answer_user_day,17,8,0.47058823529411764
2019-02-27,comment_only_user_day,39,9,0.23076923076923078
2019-02-27,question_user_day,21,3,0.14285714285714285
2019-02-28,answer_user_day,16,8,0.5
2019-02-28,comment_only_user_day,41,8,0.1951219512195122
2019-02-28,question_user_day,13,2,0.15384615384615385
2019-03-01,answer_user_day,14,9,0.6428571428571429
2019-03-01,comment_only_user_day,40,10,0.25
2019-03-01,question_user_day,19,5,0.2631578947368421
2019-03-02,answer_user_day,14,5,0.35714285714285715
2019-03-02,comment_only_user_day,31,12,0.3870967741935484
2019-03-02,question_user_day,18,2,0.1111111111111111
2019-03-03,answer_user_day,16,10,0.625
2019-03-03,comment_only_user_day,28,9,0.32142857142857145
2019-03-03,question_user_day,19,4,0.21052631578947367
2019-03-04,answer_user_day,18,11,0.6111111111111112
2019-03-04,comment_only_user_day,38,9,0.23684210526315788
2019-03-04,question_user_day,21,5,0.23809523809523808
2019-03-05,answer_user_day,21,11,0.5238095238095238
2019-03-05,comment_only_user_day,39,7,0.1794871794871795
2019-03-05,question_user_day,20,4,0.2
2019-03-06,answer_user_day,23,8,0.34782608695652173
2019-03-06,comment_only_user_day,30,9,0.3
2019-03-06,question_user_day,19,3,0.15789473684210525
2019-03-07,answer_user_day,12,8,0.6666666666666666
2019-03-07,comment_only_user_day,42,12,0.2857142857142857
2019-03-07,question_user_day,22,3,0.13636363636363635
2019-03-08,answer_user_day,14,4,0.2857142857142857
2019-03-08,comment_only_user_day,43,7,0.16279069767441862
2019-03-08,question_user_day,18,3,0.16666666666666666
2019-03-09,answer_user_day,15,6,0.4
2019-03-09,comment_only_user_day,28,8,0.2857142857142857
2019-03-09,question_user_day,13,4,0.3076923076923077
2019-03-10,answer_user_day,17,6,0.35294117647058826
2019-03-10,comment_only_user_day,25,7,0.28
2019-03-10,question_user_day,11,4,0.36363636363636365
2019-03-11,answer_user_day,24,10,0.4166666666666667
2019-03-11,comment_only_user_day,40,12,0.3
2019-03-11,question_user_day,11,2,0.18181818181818182
2019-03-12,answer_user_day,27,9,0.3333333333333333
2019-03-12,comment_only_user_day,38,11,0.2894736842105263
2019-03-12,question_user_day,23,5,0.21739130434782608
2019-03-13,answer_user_day,19,7,0.3684210526315789
2019-03-13,comment_only_user_day,51,8,0.1568627450980392
2019-03-13,question_user_day,29,4,0.13793103448275862
2019-03-14,answer_user_day,18,8,0.4444444444444444
2019-03-14,comment_only_user_day,39,5,0.1282051282051282
2019-03-14,question_user_day,19,3,0.15789473684210525
2019-03-15,answer_user_day,20,4,0.2
2019-03-15,comment_only_user_day,43,6,0.13953488372093023
2019-03-15,question_user_day,22,0,0.0
2019-03-16,answer_user_day,10,2,0.2
2019-03-16,comment_only_user_day,22,4,0.18181818181818182
2019-03-16,question_user_day,14,2,0.14285714285714285
2019-03-17,answer_user_day,9,6,0.6666666666666666
2019-03-17,comment_only_user_day,22,6,0.2727272727272727
2019-03-17,question_user_day,11,4,0.36363636363636365
2019-03-18,answer_user_day,22,9,0.4090909090909091
2019-03-18,comment_only_user_day,47,14,0.2978723404255319
2019-03-18,question_user_day,20,2,0.1
2019-03-19,answer_user_day,22,11,0.5
2019-03-19,comment_only_user_day,36,9,0.25
2019-03-19,question_user_day,22,5,0.22727272727272727
2019-03-20,answer_user_day,25,10,0.4
2019-03-20,comment_only_user_day,38,10,0.2631578947368421
2019-03-20,question_user_day,28,6,0.21428571428571427
2019-03-21,answer_user_day,18,10,0.5555555555555556
2019-03-21,comment_only_user_day,41,8,0.1951219512195122
2019-03-21,question_user_day,20,4,0.2
2019-03-22,answer_user_day,16,3,0.1875
2019-03-22,comment_only_user_day,38,13,0.34210526315789475
2019-03-22,question_user_day,23,8,0.34782608695652173
2019-03-23,answer_user_day,19,12,0.631578947368421
2019-03-23,comment_only_user_day,26,5,0.19230769230769232
2019-03-23,question_user_day,20,1,0.05
2019-03-24,answer_user_day,15,8,0.5333333333333333
2019-03-24,comment_only_user_day,19,11,0.5789473684210527
2019-03-24,question_user_day,18,4,0.2222222222222222
2019-03-25,answer_user_day,15,4,0.26666666666666666
2019-03-25,comment_only_user_day,52,16,0.3076923076923077
2019-03-25,question_user_day,23,0,0.0
2019-03-26,answer_user_day,12,9,0.75
2019-03-26,comment_only_user_day,28,11,0.39285714285714285
2019-03-26,question_user_day,25,3,0.12
2019-03-27,answer_user_day,17,8,0.47058823529411764
2019-03-27,comment_only_user_day,26,12,0.46153846153846156
2019-03-27,question_user_day,21,1,0.047619047619047616
2019-03-28,answer_user_day,18,11,0.6111111111111112
2019-03-28,comment_only_user_day,38,12,0.3157894736842105
2019-03-28,question_user_day,20,6,0.3
2019-03-29,answer_user_day,23,11,0.4782608695652174
2019-03-29,comment_only_user_day,35,7,0.2
2019-03-29,question_user_day,16,4,0.25
2019-03-30,answer_user_day,26,15,0.5769230769230769
2019-03-30,comment_only_user_day,32,9,0.28125
2019-03-30,question_user_day,26,7,0.2692307692307692
2019-03-31,answer_user_day,12,5,0.4166666666666667
2019-03-31,comment_only_user_day,41,16,0.3902439024390244
2019-03-31,question_user_day,16,5,0.3125
2019-04-01,answer_user_day,21,10,0.47619047619047616
2019-04-01,comment_only_user_day,45,15,0.3333333333333333
2019-04-01,question_user_day,14,3,0.21428571428571427
2019-04-02,answer_user_day,24,6,0.25
2019-04-02,comment_only_user_day,48,9,0.1875
2019-04-02,question_user_day,26,2,0.07692307692307693
2019-04-03,answer_user_day,11,3,0.2727272727272727
2019-04-03,comment_only_user_day,32,11,0.34375
2019-04-03,question_user_day,17,2,0.11764705882352941
2019-04-04,answer_user_day,19,9,0.47368421052631576
2019-04-04,comment_only_user_day,37,10,0.2702702702702703
2019-04-04,question_user_day,16,2,0.125
2019-04-05,answer_user_day,13,5,0.38461538461538464
2019-04-05,comment_only_user_day,38,9,0.23684210526315788
2019-04-05,question_user_day,11,1,0.09090909090909091
2019-04-06,answer_user_day,11,6,0.5454545454545454
2019-04-06,comment_only_user_day,27,7,0.25925925925925924
2019-04-06,question_user_day,15,2,0.13333333333333333
2019-04-07,answer_user_day,7,2,0.2857142857142857
2019-04-07,comment_only_user_day,25,10,0.4
2019-04-07,question_user_day,16,3,0.1875
2019-04-08,answer_user_day,28,10,0.35714285714285715
2019-04-08,comment_only_user_day,54,9,0.16666666666666666
2019-04-08,question_user_day,21,5,0.23809523809523808
2019-04-09,answer_user_day,24,9,0.375
2019-04-09,comment_only_user_day,52,7,0.1346153846153846
2019-04-09,question_user_day,16,1,0.0625
2019-04-10,answer_user_day,20,6,0.3
2019-04-10,comment_only_user_day,40,7,0.175
2019-04-10,question_user_day,24,6,0.25
2019-04-11,answer_user_day,17,8,0.47058823529411764
2019-04-11,comment_only_user_day,30,5,0.16666666666666666
2019-04-11,question_user_day,18,1,0.05555555555555555
2019-04-12,answer_user_day,22,7,0.3181818181818182
2019-04-12,comment_only_user_day,26,6,0.23076923076923078
2019-04-12,question_user_day,17,3,0.17647058823529413
2019-04-13,answer_user_day,14,7,0.5
2019-04-13,comment_only_user_day,22,7,0.3181818181818182
2019-04-13,question_user_day,23,6,0.2608695652173913
2019-04-14,answer_user_day,13,9,0.6923076923076923
2019-04-14,comment_only_user_day,28,9,0.32142857142857145
2019-04-14,question_user_day,13,4,0.3076923076923077
2019-04-15,answer_user_day,16,7,0.4375
2019-04-15,comment_only_user_day,54,10,0.18518518518518517
2019-04-15,question_user_day,19,3,0.15789473684210525
2019-04-16,answer_user_day,20,10,0.5
2019-04-16,comment_only_user_day,35,8,0.22857142857142856
2019-04-16,question_user_day,19,4,0.21052631578947367
2019-04-17,answer_user_day,26,11,0.4230769230769231
2019-04-17,comment_only_user_day,37,6,0.16216216216216217
2019-04-17,question_user_day,18,5,0.2777777777777778
2019-04-18,answer_user_day,11,5,0.45454545454545453
2019-04-18,comment_only_user_day,36,11,0.3055555555555556
2019-04-18,question_user_day,17,5,0.29411764705882354
2019-04-19,answer_user_day,22,10,0.45454545454545453
2019-04-19,comment_only_user_day,29,9,0.3103448275862069
2019-04-19,question_user_day,20,4,0.2
2019-04-20,answer_user_day,16,7,0.4375
2019-04-20,comment_only_user_day,37,7,0.1891891891891892
2019-04-20,question_user_day,11,0,0.0
2019-04-21,answer_user_day,16,8,0.5
2019-04-21,comment_only_user_day,18,9,0.5
2019-04-21,question_user_day,20,6,0.3
2019-04-22,answer_user_day,24,5,0.20833333333333334
2019-04-22,comment_only_user_day,48,12,0.25
2019-04-22,question_user_day,12,1,0.08333333333333333
2019-04-23,answer_user_day,21,7,0.3333333333333333
2019-04-23,comment_only_user_day,43,12,0.27906976744186046
2019-04-23,question_user_day,21,4,0.19047619047619047
2019-04-24,answer_user_day,15,4,0.26666666666666666
2019-04-24,comment_only_user_day,37,8,0.21621621621621623
2019-04-24,question_user_day,25,3,0.12
2019-04-25,answer_user_day,16,5,0.3125
2019-04-25,comment_only_user_day,28,7,0.25
2019-04-25,question_user_day,17,2,0.11764705882352941
2019-04-26,answer_user_day,17,4,0.23529411764705882
2019-04-26,comment_only_user_day,31,6,0.1935483870967742
2019-04-26,question_user_day,25,3,0.12
2019-04-27,answer_user_day,13,4,0.3076923076923077
2019-04-27,comment_only_user_day,13,1,0.07692307692307693
2019-04-27,question_user_day,11,2,0.18181818181818182
2019-04-28,answer_user_day,15,5,0.3333333333333333
2019-04-28,comment_only_user_day,23,8,0.34782608695652173
2019-04-28,question_user_day,14,4,0.2857142857142857
2019-04-29,answer_user_day,22,13,0.5909090909090909
2019-04-29,comment_only_user_day,44,13,0.29545454545454547
2019-04-29,question_user_day,27,5,0.18518518518518517
2019-04-30,answer_user_day,35,8,0.22857142857142856
2019-04-30,comment_only_user_day,53,11,0.20754716981132076
2019-04-30,question_user_day,23,2,0.08695652173913043
2019-05-01,answer_user_day,19,9,0.47368421052631576
2019-05-01,comment_only_user_day,52,10,0.19230769230769232
2019-05-01,question_user_day,19,5,0.2631578947368421
2019-05-02,answer_user_day,38,12,0.3157894736842105
2019-05-02,comment_only_user_day,57,14,0.24561403508771928
2019-05-02,question_user_day,29,1,0.034482758620689655
2019-05-03,answer_user_day,23,8,0.34782608695652173
2019-05-03,comment_only_user_day,51,9,0.17647058823529413
2019-05-03,question_user_day,12,2,0.16666666666666666
2019-05-04,answer_user_day,19,10,0.5263157894736842
2019-05-04,comment_only_user_day,26,3,0.11538461538461539
2019-05-04,question_user_day,18,4,0.2222222222222222
2019-05-05,answer_user_day,13,6,0.46153846153846156
2019-05-05,comment_only_user_day,39,16,0.41025641025641024
2019-05-05,question_user_day,14,0,0.0
2019-05-06,answer_user_day,33,16,0.48484848484848486
2019-05-06,comment_only_user_day,58,17,0.29310344827586204
2019-05-06,question_user_day,25,7,0.28
2019-05-07,answer_user_day,23,13,0.5652173913043478
2019-05-07,comment_only_user_day,61,13,0.21311475409836064
2019-05-07,question_user_day,20,8,0.4
2019-05-08,answer_user_day,17,7,0.4117647058823529
2019-05-08,comment_only_user_day,50,11,0.22
2019-05-08,question_user_day,18,1,0.05555555555555555
2019-05-09,answer_user_day,14,7,0.5
2019-05-09,comment_only_user_day,36,14,0.3888888888888889
2019-05-09,question_user_day,16,2,0.125
2019-05-10,answer_user_day,26,10,0.38461538461538464
2019-05-10,comment_only_user_day,58,10,0.1724137931034483
2019-05-10,question_user_day,29,3,0.10344827586206896
2019-05-11,answer_user_day,10,4,0.4
2019-05-11,comment_only_user_day,39,11,0.28205128205128205
2019-05-11,question_user_day,14,1,0.07142857142857142
2019-05-12,answer_user_day,24,11,0.4583333333333333
2019-05-12,comment_only_user_day,43,13,0.3023255813953488
2019-05-12,question_user_day,12,3,0.25
2019-05-13,answer_user_day,31,11,0.3548387096774194
2019-05-13,comment_only_user_day,55,16,0.2909090909090909
2019-05-13,question_user_day,21,2,0.09523809523809523
2019-05-14,answer_user_day,29,13,0.4482758620689655
2019-05-14,comment_only_user_day,55,15,0.2727272727272727
2019-05-14,question_user_day,30,5,0.16666666666666666
2019-05-15,answer_user_day,30,13,0.43333333333333335
2019-05-15,comment_only_user_day,54,13,0.24074074074074073
2019-05-15,question_user_day,20,3,0.15
2019-05-16,answer_user_day,22,9,0.4090909090909091
2019-05-16,comment_only_user_day,58,17,0.29310344827586204
2019-05-16,question_user_day,25,4,0.16
2019-05-17,answer_user_day,17,5,0.29411764705882354
2019-05-17,comment_only_user_day,50,8,0.16
2019-05-17,question_user_day,22,1,0.045454545454545456
2019-05-18,answer_user_day,13,8,0.6153846153846154
2019-05-18,comment_only_user_day,22,6,0.2727272727272727
2019-05-18,question_user_day,19,4,0.21052631578947367
2019-05-19,answer_user_day,15,10,0.6666666666666666
2019-05-19,comment_only_user_day,26,9,0.34615384615384615
2019-05-19,question_user_day,17,1,0.058823529411764705
2019-05-20,answer_user_day,19,10,0.5263157894736842
2019-05-20,comment_only_user_day,47,14,0.2978723404255319
2019-05-20,question_user_day,21,1,0.047619047619047616
2019-05-21,answer_user_day,14,5,0.35714285714285715
2019-05-21,comment_only_user_day,44,13,0.29545454545454547
2019-05-21,question_user_day,19,2,0.10526315789473684
2019-05-22,answer_user_day,18,6,0.3333333333333333
2019-05-22,comment_only_user_day,38,10,0.2631578947368421
2019-05-22,question_user_day,23,4,0.17391304347826086
2019-05-23,answer_user_day,25,13,0.52
2019-05-23,comment_only_user_day,43,7,0.16279069767441862
2019-05-23,question_user_day,20,1,0.05
2019-05-24,answer_user_day,8,1,0.125
2019-05-24,comment_only_user_day,46,10,0.21739130434782608
2019-05-24,question_user_day,17,4,0.23529411764705882
2019-05-25,answer_user_day,12,6,0.5
2019-05-25,comment_only_user_day,31,6,0.1935483870967742
2019-05-25,question_user_day,17,3,0.17647058823529413
2019-05-26,answer_user_day,13,7,0.5384615384615384
2019-05-26,comment_only_user_day,22,4,0.18181818181818182
2019-05-26,question_user_day,11,4,0.36363636363636365
2019-05-27,answer_user_day,15,5,0.3333333333333333
2019-05-27,comment_only_user_day,38,13,0.34210526315789475
2019-05-27,question_user_day,24,1,0.041666666666666664
2019-05-28,answer_user_day,25,8,0.32
2019-05-28,comment_only_user_day,42,13,0.30952380952380953
2019-05-28,question_user_day,17,3,0.17647058823529413
2019-05-29,answer_user_day,22,13,0.5909090909090909
2019-05-29,comment_only_user_day,50,13,0.26
2019-05-29,question_user_day,27,6,0.2222222222222222
2019-05-30,answer_user_day,16,8,0.5
2019-05-30,comment_only_user_day,47,13,0.2765957446808511
2019-05-30,question_user_day,20,1,0.05
2019-05-31,answer_user_day,26,12,0.46153846153846156
2019-05-31,comment_only_user_day,40,6,0.15
2019-05-31,question_user_day,22,3,0.13636363636363635
2019-06-01,answer_user_day,17,4,0.23529411764705882
2019-06-01,comment_only_user_day,29,10,0.3448275862068966
2019-06-01,question_user_day,19,4,0.21052631578947367
2019-06-02,answer_user_day,20,11,0.55
2019-06-02,comment_only_user_day,39,11,0.28205128205128205
2019-06-02,question_user_day,16,8,0.5
2019-06-03,answer_user_day,21,5,0.23809523809523808
2019-06-03,comment_only_user_day,61,15,0.2459016393442623
2019-06-03,question_user_day,16,2,0.125
2019-06-04,answer_user_day,11,5,0.45454545454545453
2019-06-04,comment_only_user_day,29,10,0.3448275862068966
2019-06-04,question_user_day,20,4,0.2
2019-06-05,answer_user_day,23,14,0.6086956521739131
2019-06-05,comment_only_user_day,37,13,0.35135135135135137
2019-06-05,question_user_day,20,2,0.1
2019-06-06,answer_user_day,25,9,0.36
2019-06-06,comment_only_user_day,42,11,0.2619047619047619
2019-06-06,question_user_day,16,3,0.1875
2019-06-07,answer_user_day,18,5,0.2777777777777778
2019-06-07,comment_only_user_day,37,3,0.08108108108108109
2019-06-07,question_user_day,14,1,0.07142857142857142
2019-06-08,answer_user_day,4,1,0.25
2019-06-08,comment_only_user_day,15,5,0.3333333333333333
2019-06-08,question_user_day,7,0,0.0
2019-06-09,answer_user_day,16,8,0.5
2019-06-09,comment_only_user_day,28,9,0.32142857142857145
2019-06-09,question_user_day,23,5,0.21739130434782608
2019-06-10,answer_user_day,20,10,0.5
2019-06-10,comment_only_user_day,52,13,0.25
2019-06-10,question_user_day,22,5,0.22727272727272727
2019-06-11,answer_user_day,18,5,0.2777777777777778
2019-06-11,comment_only_user_day,51,12,0.23529411764705882
2019-06-11,question_user_day,23,4,0.17391304347826086
2019-06-12,answer_user_day,8,2,0.25
2019-06-12,comment_only_user_day,47,8,0.1702127659574468
2019-06-12,question_user_day,17,3,0.17647058823529413
2019-06-13,answer_user_day,16,7,0.4375
2019-06-13,comment_only_user_day,31,5,0.16129032258064516
2019-06-13,question_user_day,21,4,0.19047619047619047
2019-06-14,answer_user_day,20,4,0.2
2019-06-14,comment_only_user_day,43,11,0.2558139534883721
2019-06-14,question_user_day,25,5,0.2
2019-06-15,answer_user_day,10,2,0.2
2019-06-15,comment_only_user_day,30,10,0.3333333333333333
2019-06-15,question_user_day,9,1,0.1111111111111111
2019-06-16,answer_user_day,12,2,0.16666666666666666
2019-06-16,comment_only_user_day,25,6,0.24
2019-06-16,question_user_day,11,2,0.18181818181818182
2019-06-17,answer_user_day,14,7,0.5
2019-06-17,comment_only_user_day,31,9,0.2903225806451613
2019-06-17,question_user_day,11,1,0.09090909090909091
2019-06-18,answer_user_day,22,6,0.2727272727272727
2019-06-18,comment_only_user_day,31,8,0.25806451612903225
2019-06-18,question_user_day,15,3,0.2
2019-06-19,answer_user_day,15,6,0.4
2019-06-19,comment_only_user_day,40,15,0.375
2019-06-19,question_user_day,10,3,0.3
2019-06-20,answer_user_day,15,8,0.5333333333333333
2019-06-20,comment_only_user_day,31,13,0.41935483870967744
2019-06-20,question_user_day,18,2,0.1111111111111111
2019-06-21,answer_user_day,20,7,0.35
2019-06-21,comment_only_user_day,53,8,0.1509433962264151
2019-06-21,question_user_day,18,2,0.1111111111111111
2019-06-22,answer_user_day,8,3,0.375
2019-06-22,comment_only_user_day,27,10,0.37037037037037035
2019-06-22,question_user_day,13,3,0.23076923076923078
2019-06-23,answer_user_day,17,11,0.6470588235294118
2019-06-23,comment_only_user_day,23,11,0.4782608695652174
2019-06-23,question_user_day,20,2,0.1
2019-06-24,answer_user_day,27,8,0.2962962962962963
2019-06-24,comment_only_user_day,58,21,0.3620689655172414
2019-06-24,question_user_day,25,2,0.08
2019-06-25,answer_user_day,19,9,0.47368421052631576
2019-06-25,comment_only_user_day,44,10,0.22727272727272727
2019-06-25,question_user_day,22,2,0.09090909090909091
2019-06-26,answer_user_day,24,13,0.5416666666666666
2019-06-26,comment_only_user_day,44,8,0.18181818181818182
2019-06-26,question_user_day,18,2,0.1111111111111111
2019-06-27,answer_user_day,20,8,0.4
2019-06-27,comment_only_user_day,40,9,0.225
2019-06-27,question_user_day,15,2,0.13333333333333333
2019-06-28,answer_user_day,19,8,0.42105263157894735
2019-06-28,comment_only_user_day,43,4,0.09302325581395349
2019-06-28,question_user_day,14,2,0.14285714285714285
2019-06-29,answer_user_day,11,5,0.45454545454545453
2019-06-29,comment_only_user_day,33,8,0.24242424242424243
2019-06-29,question_user_day,16,1,0.0625
2019-06-30,answer_user_day,9,6,0.6666666666666666
2019-06-30,comment_only_user_day,21,10,0.47619047619047616
2019-06-30,question_user_day,8,1,0.125
2019-07-01,answer_user_day,24,9,0.375
2019-07-01,comment_only_user_day,43,13,0.3023255813953488
2019-07-01,question_user_day,18,4,0.2222222222222222
2019-07-02,answer_user_day,20,12,0.6
2019-07-02,comment_only_user_day,39,14,0.358974358974359
2019-07-02,question_user_day,18,3,0.16666666666666666
2019-07-03,answer_user_day,27,7,0.25925925925925924
2019-07-03,comment_only_user_day,50,14,0.28
2019-07-03,question_user_day,20,4,0.2
2019-07-04,answer_user_day,18,8,0.4444444444444444
2019-07-04,comment_only_user_day,33,13,0.3939393939393939
2019-07-04,question_user_day,13,3,0.23076923076923078
2019-07-05,answer_user_day,22,8,0.36363636363636365
2019-07-05,comment_only_user_day,43,9,0.20930232558139536
2019-07-05,question_user_day,22,2,0.09090909090909091
2019-07-06,answer_user_day,7,3,0.42857142857142855
2019-07-06,comment_only_user_day,39,11,0.28205128205128205
2019-07-06,question_user_day,14,0,0.0
2019-07-07,answer_user_day,18,9,0.5
2019-07-07,comment_only_user_day,25,6,0.24
2019-07-07,question_user_day,17,5,0.29411764705882354
2019-07-08,answer_user_day,27,7,0.25925925925925924
2019-07-08,comment_only_user_day,49,17,0.3469387755102041
2019-07-08,question_user_day,19,4,0.21052631578947367
2019-07-09,answer_user_day,18,7,0.3888888888888889
2019-07-09,comment_only_user_day,30,13,0.43333333333333335
2019-07-09,question_user_day,21,0,0.0
2019-07-10,answer_user_day,13,9,0.6923076923076923
2019-07-10,comment_only_user_day,34,13,0.38235294117647056
2019-07-10,question_user_day,19,7,0.3684210526315789
2019-07-11,answer_user_day,23,12,0.5217391304347826
2019-07-11,comment_only_user_day,48,12,0.25
2019-07-11,question_user_day,21,4,0.19047619047619047
2019-07-12,answer_user_day,26,14,0.5384615384615384
2019-07-12,comment_only_user_day,49,9,0.1836734693877551
2019-07-12,question_user_day,22,1,0.045454545454545456
2019-07-13,answer_user_day,15,8,0.5333333333333333
2019-07-13,comment_only_user_day,26,5,0.19230769230769232
2019-07-13,question_user_day,14,4,0.2857142857142857
2019-07-14,answer_user_day,17,6,0.35294117647058826
2019-07-14,comment_only_user_day,32,10,0.3125
2019-07-14,question_user_day,21,4,0.19047619047619047
2019-07-15,answer_user_day,17,5,0.29411764705882354
2019-07-15,comment_only_user_day,40,16,0.4
2019-07-15,question_user_day,18,3,0.16666666666666666
2019-07-16,answer_user_day,17,13,0.7647058823529411
2019-07-16,comment_only_user_day,36,7,0.19444444444444445
2019-07-16,question_user_day,21,5,0.23809523809523808
2019-07-17,answer_user_day,24,9,0.375
2019-07-17,comment_only_user_day,42,8,0.19047619047619047
2019-07-17,question_user_day,22,6,0.2727272727272727
2019-07-18,answer_user_day,21,8,0.38095238095238093
2019-07-18,comment_only_user_day,36,9,0.25
2019-07-18,question_user_day,17,3,0.17647058823529413
2019-07-19,answer_user_day,23,4,0.17391304347826086
2019-07-19,comment_only_user_day,54,8,0.14814814814814814
2019-07-19,question_user_day,20,1,0.05
2019-07-20,answer_user_day,14,8,0.5714285714285714
2019-07-20,comment_only_user_day,19,3,0.15789473684210525
2019-07-20,question_user_day,10,4,0.4
2019-07-21,answer_user_day,8,5,0.625
2019-07-21,comment_only_user_day,30,5,0.16666666666666666
2019-07-21,question_user_day,17,3,0.17647058823529413
2019-07-22,answer_user_day,17,7,0.4117647058823529
2019-07-22,comment_only_user_day,54,8,0.14814814814814814
2019-07-22,question_user_day,17,2,0.11764705882352941
2019-07-23,answer_user_day,22,10,0.45454545454545453
2019-07-23,comment_only_user_day,34,4,0.11764705882352941
2019-07-23,question_user_day,20,0,0.0
2019-07-24,answer_user_day,11,3,0.2727272727272727
2019-07-24,comment_only_user_day,25,7,0.28
2019-07-24,question_user_day,11,6,0.5454545454545454
2019-07-25,answer_user_day,15,6,0.4
2019-07-25,comment_only_user_day,26,4,0.15384615384615385
2019-07-25,question_user_day,14,3,0.21428571428571427
2019-07-26,answer_user_day,21,4,0.19047619047619047
2019-07-26,comment_only_user_day,23,7,0.30434782608695654
2019-07-26,question_user_day,15,0,0.0
2019-07-27,answer_user_day,18,3,0.16666666666666666
2019-07-27,comment_only_user_day,30,7,0.23333333333333334
2019-07-27,question_user_day,15,2,0.13333333333333333
2019-07-28,answer_user_day,17,9,0.5294117647058824
2019-07-28,comment_only_user_day,23,12,0.5217391304347826
2019-07-28,question_user_day,8,1,0.125
2019-07-29,answer_user_day,24,6,0.25
2019-07-29,comment_only_user_day,58,9,0.15517241379310345
2019-07-29,question_user_day,14,1,0.07142857142857142
2019-07-30,answer_user_day,14,7,0.5
2019-07-30,comment_only_user_day,40,13,0.325
2019-07-30,question_user_day,17,5,0.29411764705882354
2019-07-31,answer_user_day,19,9,0.47368421052631576
2019-07-31,comment_only_user_day,43,14,0.32558139534883723
2019-07-31,question_user_day,14,1,0.07142857142857142
2019-08-01,answer_user_day,25,8,0.32
2019-08-01,comment_only_user_day,42,20,0.47619047619047616
2019-08-01,question_user_day,17,3,0.17647058823529413
2019-08-02,answer_user_day,17,6,0.35294117647058826
2019-08-02,comment_only_user_day,42,9,0.21428571428571427
2019-08-02,question_user_day,23,3,0.13043478260869565
2019-08-03,answer_user_day,17,7,0.4117647058823529
2019-08-03,comment_only_user_day,23,10,0.43478260869565216
2019-08-03,question_user_day,20,5,0.25
2019-08-04,answer_user_day,18,8,0.4444444444444444
2019-08-04,comment_only_user_day,34,7,0.20588235294117646
2019-08-04,question_user_day,15,5,0.3333333333333333
2019-08-05,answer_user_day,29,12,0.41379310344827586
2019-08-05,comment_only_user_day,39,13,0.3333333333333333
2019-08-05,question_user_day,17,1,0.058823529411764705
2019-08-06,answer_user_day,29,13,0.4482758620689655
2019-08-06,comment_only_user_day,45,13,0.28888888888888886
2019-08-06,question_user_day,24,3,0.125
2019-08-07,answer_user_day,28,11,0.39285714285714285
2019-08-07,comment_only_user_day,75,16,0.21333333333333335
2019-08-07,question_user_day,21,0,0.0
2019-08-08,answer_user_day,22,7,0.3181818181818182
2019-08-08,comment_only_user_day,49,8,0.16326530612244897
2019-08-08,question_user_day,21,1,0.047619047619047616
2019-08-09,answer_user_day,15,4,0.26666666666666666
2019-08-09,comment_only_user_day,27,4,0.14814814814814814
2019-08-09,question_user_day,12,0,0.0
2019-08-10,answer_user_day,15,7,0.4666666666666667
2019-08-10,comment_only_user_day,15,4,0.26666666666666666
2019-08-10,question_user_day,19,3,0.15789473684210525
2019-08-11,answer_user_day,9,2,0.2222222222222222
2019-08-11,comment_only_user_day,17,5,0.29411764705882354
2019-08-11,question_user_day,8,2,0.25
2019-08-12,answer_user_day,16,9,0.5625
2019-08-12,comment_only_user_day,29,9,0.3103448275862069
2019-08-12,question_user_day,21,6,0.2857142857142857
2019-08-13,answer_user_day,25,10,0.4
2019-08-13,comment_only_user_day,36,5,0.1388888888888889
2019-08-13,question_user_day,14,3,0.21428571428571427
2019-08-14,answer_user_day,27,13,0.48148148148148145
2019-08-14,comment_only_user_day,34,8,0.23529411764705882
2019-08-14,question_user_day,12,0,0.0
2019-08-15,answer_user_day,32,9,0.28125
2019-08-15,comment_only_user_day,44,15,0.3409090909090909
2019-08-15,question_user_day,10,3,0.3
2019-08-16,answer_user_day,25,10,0.4
2019-08-16,comment_only_user_day,51,8,0.1568627450980392
2019-08-16,question_user_day,24,3,0.125
2019-08-17,answer_user_day,15,9,0.6
2019-08-17,comment_only_user_day,24,6,0.25
2019-08-17,question_user_day,10,1,0.1
2019-08-18,answer_user_day,15,9,0.6
2019-08-18,comment_only_user_day,27,9,0.3333333333333333
2019-08-18,question_user_day,11,5,0.45454545454545453
2019-08-19,answer_user_day,22,10,0.45454545454545453
2019-08-19,comment_only_user_day,32,12,0.375
2019-08-19,question_user_day,18,6,0.3333333333333333
2019-08-20,answer_user_day,21,11,0.5238095238095238
2019-08-20,comment_only_user_day,41,10,0.24390243902439024
2019-08-20,question_user_day,16,5,0.3125
2019-08-21,answer_user_day,30,12,0.4
2019-08-21,comment_only_user_day,40,10,0.25
2019-08-21,question_user_day,24,4,0.16666666666666666
2019-08-22,answer_user_day,23,14,0.6086956521739131
2019-08-22,comment_only_user_day,44,14,0.3181818181818182
2019-08-22,question_user_day,23,5,0.21739130434782608
2019-08-23,answer_user_day,22,7,0.3181818181818182
2019-08-23,comment_only_user_day,46,7,0.15217391304347827
2019-08-23,question_user_day,20,1,0.05
2019-08-24,answer_user_day,14,7,0.5
2019-08-24,comment_only_user_day,33,7,0.21212121212121213
2019-08-24,question_user_day,15,3,0.2
2019-08-25,answer_user_day,10,6,0.6
2019-08-25,comment_only_user_day,26,7,0.2692307692307692
2019-08-25,question_user_day,20,6,0.3
2019-08-26,answer_user_day,21,10,0.47619047619047616
2019-08-26,comment_only_user_day,38,5,0.13157894736842105
2019-08-26,question_user_day,17,3,0.17647058823529413
2019-08-27,answer_user_day,20,14,0.7
2019-08-27,comment_only_user_day,34,8,0.23529411764705882
2019-08-27,question_user_day,13,2,0.15384615384615385
2019-08-28,answer_user_day,21,11,0.5238095238095238
2019-08-28,comment_only_user_day,40,12,0.3
2019-08-28,question_user_day,21,5,0.23809523809523808
2019-08-29,answer_user_day,30,12,0.4
2019-08-29,comment_only_user_day,45,14,0.3111111111111111
2019-08-29,question_user_day,21,3,0.14285714285714285
2019-08-30,answer_user_day,22,4,0.18181818181818182
2019-08-30,comment_only_user_day,47,7,0.14893617021276595
2019-08-30,question_user_day,20,2,0.1
2019-08-31,answer_user_day,12,6,0.5
2019-08-31,comment_only_user_day,19,5,0.2631578947368421
2019-08-31,question_user_day,7,2,0.2857142857142857
2019-09-01,answer_user_day,14,10,0.7142857142857143
2019-09-01,comment_only_user_day,17,8,0.47058823529411764
2019-09-01,question_user_day,9,0,0.0
2019-09-02,answer_user_day,25,13,0.52
2019-09-02,comment_only_user_day,49,16,0.32653061224489793
2019-09-02,question_user_day,18,3,0.16666666666666666
2019-09-03,answer_user_day,22,13,0.5909090909090909
2019-09-03,comment_only_user_day,54,10,0.18518518518518517
2019-09-03,question_user_day,21,1,0.047619047619047616
2019-09-04,answer_user_day,20,10,0.5
2019-09-04,comment_only_user_day,31,10,0.3225806451612903
2019-09-04,question_user_day,16,5,0.3125
2019-09-05,answer_user_day,25,8,0.32
2019-09-05,comment_only_user_day,51,14,0.27450980392156865
2019-09-05,question_user_day,17,5,0.29411764705882354
2019-09-06,answer_user_day,22,9,0.4090909090909091
2019-09-06,comment_only_user_day,39,6,0.15384615384615385
2019-09-06,question_user_day,11,2,0.18181818181818182
2019-09-07,answer_user_day,15,11,0.7333333333333333
2019-09-07,comment_only_user_day,29,12,0.41379310344827586
2019-09-07,question_user_day,14,4,0.2857142857142857
2019-09-08,answer_user_day,18,11,0.6111111111111112
2019-09-08,comment_only_user_day,26,8,0.3076923076923077
2019-09-08,question_user_day,11,2,0.18181818181818182
2019-09-09,answer_user_day,26,12,0.46153846153846156
2019-09-09,comment_only_user_day,40,7,0.175
2019-09-09,question_user_day,13,1,0.07692307692307693
2019-09-10,answer_user_day,18,9,0.5
2019-09-10,comment_only_user_day,38,10,0.2631578947368421
2019-09-10,question_user_day,17,4,0.23529411764705882
2019-09-11,answer_user_day,22,12,0.5454545454545454
2019-09-11,comment_only_user_day,40,9,0.225
2019-09-11,question_user_day,16,3,0.1875
2019-09-12,answer_user_day,17,10,0.5882352941176471
2019-09-12,comment_only_user_day,38,6,0.15789473684210525
2019-09-12,question_user_day,15,4,0.26666666666666666
2019-09-13,answer_user_day,14,8,0.5714285714285714
2019-09-13,comment_only_user_day,22,7,0.3181818181818182
2019-09-13,question_user_day,10,2,0.2
2019-09-14,answer_user_day,18,8,0.4444444444444444
2019-09-14,comment_only_user_day,25,6,0.24
2019-09-14,question_user_day,16,5,0.3125
2019-09-15,answer_user_day,18,10,0.5555555555555556
2019-09-15,comment_only_user_day,22,11,0.5
2019-09-15,question_user_day,13,0,0.0
2019-09-16,answer_user_day,24,14,0.5833333333333334
2019-09-16,comment_only_user_day,46,12,0.2608695652173913
2019-09-16,question_user_day,17,4,0.23529411764705882
2019-09-17,answer_user_day,24,13,0.5416666666666666
2019-09-17,comment_only_user_day,51,9,0.17647058823529413
2019-09-17,question_user_day,25,6,0.24
2019-09-18,answer_user_day,23,9,0.391304347826087
2019-09-18,comment_only_user_day,51,12,0.23529411764705882
2019-09-18,question_user_day,18,5,0.2777777777777778
2019-09-19,answer_user_day,24,13,0.5416666666666666
2019-09-19,comment_only_user_day,49,14,0.2857142857142857
2019-09-19,question_user_day,13,2,0.15384615384615385
2019-09-20,answer_user_day,19,9,0.47368421052631576
2019-09-20,comment_only_user_day,53,8,0.1509433962264151
2019-09-20,question_user_day,15,4,0.26666666666666666
2019-09-21,answer_user_day,23,13,0.5652173913043478
2019-09-21,comment_only_user_day,21,8,0.38095238095238093
2019-09-21,question_user_day,17,6,0.35294117647058826
2019-09-22,answer_user_day,17,13,0.7647058823529411
2019-09-22,comment_only_user_day,31,13,0.41935483870967744
2019-09-22,question_user_day,9,2,0.2222222222222222
2019-09-23,answer_user_day,34,18,0.5294117647058824
2019-09-23,comment_only_user_day,65,14,0.2153846153846154
2019-09-23,question_user_day,22,6,0.2727272727272727
2019-09-24,answer_user_day,29,10,0.3448275862068966
2019-09-24,comment_only_user_day,69,26,0.37681159420289856
2019-09-24,question_user_day,20,7,0.35
2019-09-25,answer_user_day,25,12,0.48
2019-09-25,comment_only_user_day,60,20,0.3333333333333333
2019-09-25,question_user_day,17,1,0.058823529411764705
2019-09-26,answer_user_day,21,8,0.38095238095238093
2019-09-26,comment_only_user_day,52,12,0.23076923076923078
2019-09-26,question_user_day,18,3,0.16666666666666666
2019-09-27,answer_user_day,23,6,0.2608695652173913
2019-09-27,comment_only_user_day,34,4,0.11764705882352941
2019-09-27,question_user_day,15,1,0.06666666666666667
2019-09-28,answer_user_day,15,8,0.5333333333333333
2019-09-28,comment_only_user_day,31,12,0.3870967741935484
2019-09-28,question_user_day,13,5,0.38461538461538464
2019-09-29,answer_user_day,13,8,0.6153846153846154
2019-09-29,comment_only_user_day,40,9,0.225
2019-09-29,question_user_day,10,2,0.2
2019-09-30,answer_user_day,15,10,0.6666666666666666
2019-09-30,comment_only_user_day,34,11,0.3235294117647059
2019-09-30,question_user_day,11,5,0.45454545454545453
2019-10-01,answer_user_day,18,11,0.6111111111111112
2019-10-01,comment_only_user_day,35,12,0.34285714285714286
2019-10-01,question_user_day,14,2,0.14285714285714285
2019-10-02,answer_user_day,13,11,0.8461538461538461
2019-10-02,comment_only_user_day,29,8,0.27586206896551724
2019-10-02,question_user_day,14,4,0.2857142857142857
2019-10-03,answer_user_day,22,11,0.5
2019-10-03,comment_only_user_day,47,11,0.23404255319148937
2019-10-03,question_user_day,10,3,0.3
2019-10-04,answer_user_day,22,6,0.2727272727272727
2019-10-04,comment_only_user_day,43,3,0.06976744186046512
2019-10-04,question_user_day,17,3,0.17647058823529413
2019-10-05,answer_user_day,14,4,0.2857142857142857
2019-10-05,comment_only_user_day,21,5,0.23809523809523808
2019-10-05,question_user_day,4,1,0.25
2019-10-06,answer_user_day,10,6,0.6
2019-10-06,comment_only_user_day,29,11,0.3793103448275862
2019-10-06,question_user_day,9,1,0.1111111111111111
2019-10-07,answer_user_day,20,7,0.35
2019-10-07,comment_only_user_day,33,6,0.18181818181818182
2019-10-07,question_user_day,13,3,0.23076923076923078
2019-10-08,answer_user_day,13,9,0.6923076923076923
2019-10-08,comment_only_user_day,33,11,0.3333333333333333
2019-10-08,question_user_day,18,4,0.2222222222222222
2019-10-09,answer_user_day,18,6,0.3333333333333333
2019-10-09,comment_only_user_day,45,10,0.2222222222222222
2019-10-09,question_user_day,7,1,0.14285714285714285
2019-10-10,answer_user_day,12,6,0.5
2019-10-10,comment_only_user_day,31,8,0.25806451612903225
2019-10-10,question_user_day,10,1,0.1
2019-10-11,answer_user_day,16,3,0.1875
2019-10-11,comment_only_user_day,28,6,0.21428571428571427
2019-10-11,question_user_day,14,4,0.2857142857142857
2019-10-12,answer_user_day,14,9,0.6428571428571429
2019-10-12,comment_only_user_day,28,9,0.32142857142857145
2019-10-12,question_user_day,13,2,0.15384615384615385
2019-10-13,answer_user_day,10,8,0.8
2019-10-13,comment_only_user_day,27,10,0.37037037037037035
2019-10-13,question_user_day,5,1,0.2
2019-10-14,answer_user_day,27,12,0.4444444444444444
2019-10-14,comment_only_user_day,39,8,0.20512820512820512
2019-10-14,question_user_day,12,3,0.25
2019-10-15,answer_user_day,12,5,0.4166666666666667
2019-10-15,comment_only_user_day,56,15,0.26785714285714285
2019-10-15,question_user_day,15,3,0.2
2019-10-16,answer_user_day,18,10,0.5555555555555556
2019-10-16,comment_only_user_day,44,13,0.29545454545454547
2019-10-16,question_user_day,15,5,0.3333333333333333
2019-10-17,answer_user_day,17,8,0.47058823529411764
2019-10-17,comment_only_user_day,37,12,0.32432432432432434
2019-10-17,question_user_day,13,4,0.3076923076923077
2019-10-18,answer_user_day,15,7,0.4666666666666667
2019-10-18,comment_only_user_day,33,6,0.18181818181818182
2019-10-18,question_user_day,6,2,0.3333333333333333
2019-10-19,answer_user_day,11,7,0.6363636363636364
2019-10-19,comment_only_user_day,17,8,0.47058823529411764
2019-10-19,question_user_day,12,1,0.08333333333333333
2019-10-20,answer_user_day,16,10,0.625
2019-10-20,comment_only_user_day,26,10,0.38461538461538464
2019-10-20,question_user_day,15,7,0.4666666666666667
2019-10-21,answer_user_day,22,11,0.5
2019-10-21,comment_only_user_day,40,9,0.225
2019-10-21,question_user_day,10,3,0.3
2019-10-22,answer_user_day,13,8,0.6153846153846154
2019-10-22,comment_only_user_day,36,8,0.2222222222222222
2019-10-22,question_user_day,10,3,0.3
2019-10-23,answer_user_day,18,7,0.3888888888888889
2019-10-23,comment_only_user_day,22,8,0.36363636363636365
2019-10-23,question_user_day,11,2,0.18181818181818182
2019-10-24,answer_user_day,13,6,0.46153846153846156
2019-10-24,comment_only_user_day,33,12,0.36363636363636365
2019-10-24,question_user_day,15,2,0.13333333333333333
2019-10-25,answer_user_day,18,5,0.2777777777777778
2019-10-25,comment_only_user_day,44,6,0.13636363636363635
2019-10-25,question_user_day,10,1,0.1
2019-10-26,answer_user_day,5,1,0.2
2019-10-26,comment_only_user_day,22,4,0.18181818181818182
2019-10-26,question_user_day,4,2,0.5
2019-10-27,answer_user_day,10,6,0.6
2019-10-27,comment_only_user_day,21,7,0.3333333333333333
2019-10-27,question_user_day,9,4,0.4444444444444444
2019-10-28,answer_user_day,19,7,0.3684210526315789
2019-10-28,comment_only_user_day,46,9,0.1956521739130435
2019-10-28,question_user_day,11,4,0.36363636363636365
2019-10-29,answer_user_day,19,9,0.47368421052631576
2019-10-29,comment_only_user_day,32,7,0.21875
2019-10-29,question_user_day,7,2,0.2857142857142857
2019-10-30,answer_user_day,19,4,0.21052631578947367
2019-10-30,comment_only_user_day,35,11,0.3142857142857143
2019-10-30,question_user_day,11,3,0.2727272727272727
2019-10-31,answer_user_day,18,7,0.3888888888888889
2019-10-31,comment_only_user_day,46,11,0.2391304347826087
2019-10-31,question_user_day,6,0,0.0
2019-11-01,answer_user_day,17,3,0.17647058823529413
2019-11-01,comment_only_user_day,49,7,0.14285714285714285
2019-11-01,question_user_day,11,2,0.18181818181818182
2019-11-02,answer_user_day,16,3,0.1875
2019-11-02,comment_only_user_day,20,4,0.2
2019-11-02,question_user_day,13,2,0.15384615384615385
2019-11-03,answer_user_day,10,3,0.3
2019-11-03,comment_only_user_day,26,7,0.2692307692307692
2019-11-03,question_user_day,11,5,0.45454545454545453
2019-11-04,answer_user_day,22,10,0.45454545454545453
2019-11-04,comment_only_user_day,39,12,0.3076923076923077
2019-11-04,question_user_day,10,3,0.3
2019-11-05,answer_user_day,14,4,0.2857142857142857
2019-11-05,comment_only_user_day,32,15,0.46875
2019-11-05,question_user_day,16,5,0.3125
2019-11-06,answer_user_day,20,5,0.25
2019-11-06,comment_only_user_day,41,6,0.14634146341463414
2019-11-06,question_user_day,8,2,0.25
2019-11-07,answer_user_day,14,5,0.35714285714285715
2019-11-07,comment_only_user_day,20,3,0.15
2019-11-07,question_user_day,8,2,0.25
2019-11-08,answer_user_day,10,4,0.4
2019-11-08,comment_only_user_day,21,5,0.23809523809523808
2019-11-08,question_user_day,10,3,0.3
2019-11-09,answer_user_day,7,2,0.2857142857142857
2019-11-09,comment_only_user_day,23,6,0.2608695652173913
2019-11-09,question_user_day,8,3,0.375
2019-11-10,answer_user_day,15,10,0.6666666666666666
2019-11-10,comment_only_user_day,25,6,0.24
2019-11-10,question_user_day,8,3,0.375
2019-11-11,answer_user_day,14,6,0.42857142857142855
2019-11-11,comment_only_user_day,54,14,0.25925925925925924
2019-11-11,question_user_day,12,5,0.4166666666666667
2019-11-12,answer_user_day,22,9,0.4090909090909091
2019-11-12,comment_only_user_day,57,11,0.19298245614035087
2019-11-12,question_user_day,12,2,0.16666666666666666
2019-11-13,answer_user_day,27,10,0.37037037037037035
2019-11-13,comment_only_user_day,26,8,0.3076923076923077
2019-11-13,question_user_day,14,2,0.14285714285714285
2019-11-14,answer_user_day,10,6,0.6
2019-11-14,comment_only_user_day,30,10,0.3333333333333333
2019-11-14,question_user_day,9,6,0.6666666666666666
2019-11-15,answer_user_day,16,3,0.1875
2019-11-15,comment_only_user_day,32,5,0.15625
2019-11-15,question_user_day,13,2,0.15384615384615385
2019-11-16,answer_user_day,11,6,0.5454545454545454
2019-11-16,comment_only_user_day,19,4,0.21052631578947367
2019-11-16,question_user_day,12,7,0.5833333333333334
2019-11-17,answer_user_day,14,6,0.42857142857142855
2019-11-17,comment_only_user_day,27,11,0.4074074074074074
2019-11-17,question_user_day,12,3,0.25
2019-11-18,answer_user_day,23,10,0.43478260869565216
2019-11-18,comment_only_user_day,46,9,0.1956521739130435
2019-11-18,question_user_day,12,1,0.08333333333333333
2019-11-19,answer_user_day,15,6,0.4
2019-11-19,comment_only_user_day,26,9,0.34615384615384615
2019-11-19,question_user_day,16,5,0.3125
2019-11-20,answer_user_day,24,12,0.5
2019-11-20,comment_only_user_day,39,11,0.28205128205128205
2019-11-20,question_user_day,11,4,0.36363636363636365
2019-11-21,answer_user_day,15,7,0.4666666666666667
2019-11-21,comment_only_user_day,40,5,0.125
2019-11-21,question_user_day,12,3,0.25
2019-11-22,answer_user_day,18,5,0.2777777777777778
2019-11-22,comment_only_user_day,44,5,0.11363636363636363
2019-11-22,question_user_day,10,3,0.3
2019-11-23,answer_user_day,16,5,0.3125
2019-11-23,comment_only_user_day,17,3,0.17647058823529413
2019-11-23,question_user_day,10,2,0.2
2019-11-24,answer_user_day,11,5,0.45454545454545453
2019-11-24,comment_only_user_day,24,9,0.375
2019-11-24,question_user_day,9,5,0.5555555555555556
2019-11-25,answer_user_day,14,4,0.2857142857142857
2019-11-25,comment_only_user_day,36,11,0.3055555555555556
2019-11-25,question_user_day,8,3,0.375
2019-11-26,answer_user_day,19,6,0.3157894736842105
2019-11-26,comment_only_user_day,44,13,0.29545454545454547
2019-11-26,question_user_day,16,7,0.4375
2019-11-27,answer_user_day,16,7,0.4375
2019-11-27,comment_only_user_day,55,16,0.2909090909090909
2019-11-27,question_user_day,9,3,0.3333333333333333
2019-11-28,answer_user_day,12,5,0.4166666666666667
2019-11-28,comment_only_user_day,39,8,0.20512820512820512
2019-11-28,question_user_day,13,3,0.23076923076923078
2019-11-29,answer_user_day,9,3,0.3333333333333333
2019-11-29,comment_only_user_day,36,4,0.1111111111111111
2019-11-29,question_user_day,16,4,0.25
2019-11-30,answer_user_day,8,4,0.5
2019-11-30,comment_only_user_day,21,7,0.3333333333333333
2019-11-30,question_user_day,6,4,0.6666666666666666
2019-12-01,answer_user_day,17,7,0.4117647058823529
2019-12-01,comment_only_user_day,16,4,0.25
2019-12-01,question_user_day,8,1,0.125
2019-12-02,answer_user_day,14,4,0.2857142857142857
2019-12-02,comment_only_user_day,57,15,0.2631578947368421
2019-12-02,question_user_day,10,4,0.4
2019-12-03,answer_user_day,17,8,0.47058823529411764
2019-12-03,comment_only_user_day,42,8,0.19047619047619047
2019-12-03,question_user_day,18,6,0.3333333333333333
2019-12-04,answer_user_day,19,4,0.21052631578947367
2019-12-04,comment_only_user_day,34,11,0.3235294117647059
2019-12-04,question_user_day,16,5,0.3125
2019-12-05,answer_user_day,15,9,0.6
2019-12-05,comment_only_user_day,25,5,0.2
2019-12-05,question_user_day,10,4,0.4
2019-12-06,answer_user_day,13,5,0.38461538461538464
2019-12-06,comment_only_user_day,31,6,0.1935483870967742
2019-12-06,question_user_day,13,3,0.23076923076923078
2019-12-07,answer_user_day,19,4,0.21052631578947367
2019-12-07,comment_only_user_day,35,7,0.2
2019-12-07,question_user_day,13,4,0.3076923076923077
2019-12-08,answer_user_day,12,5,0.4166666666666667
2019-12-08,comment_only_user_day,25,8,0.32
2019-12-08,question_user_day,10,2,0.2
2019-12-09,answer_user_day,22,14,0.6363636363636364
2019-12-09,comment_only_user_day,47,7,0.14893617021276595
2019-12-09,question_user_day,22,5,0.22727272727272727
2019-12-10,answer_user_day,22,8,0.36363636363636365
2019-12-10,comment_only_user_day,51,9,0.17647058823529413
2019-12-10,question_user_day,10,1,0.1
2019-12-11,answer_user_day,19,10,0.5263157894736842
2019-12-11,comment_only_user_day,42,12,0.2857142857142857
2019-12-11,question_user_day,15,4,0.26666666666666666
2019-12-12,answer_user_day,19,12,0.631578947368421
2019-12-12,comment_only_user_day,44,11,0.25
2019-12-12,question_user_day,12,1,0.08333333333333333
2019-12-13,answer_user_day,16,8,0.5
2019-12-13,comment_only_user_day,39,5,0.1282051282051282
2019-12-13,question_user_day,14,3,0.21428571428571427
2019-12-14,answer_user_day,13,7,0.5384615384615384
2019-12-14,comment_only_user_day,26,9,0.34615384615384615
2019-12-14,question_user_day,12,3,0.25
2019-12-15,answer_user_day,18,11,0.6111111111111112
2019-12-15,comment_only_user_day,29,10,0.3448275862068966
2019-12-15,question_user_day,13,4,0.3076923076923077
2019-12-16,answer_user_day,22,6,0.2727272727272727
2019-12-16,comment_only_user_day,43,10,0.23255813953488372
2019-12-16,question_user_day,13,5,0.38461538461538464
2019-12-17,answer_user_day,20,8,0.4
2019-12-17,comment_only_user_day,24,3,0.125
2019-12-17,question_user_day,13,6,0.46153846153846156
2019-12-18,answer_user_day,19,6,0.3157894736842105
2019-12-18,comment_only_user_day,40,17,0.425
2019-12-18,question_user_day,10,3,0.3
2019-12-19,answer_user_day,26,11,0.4230769230769231
2019-12-19,comment_only_user_day,53,13,0.24528301886792453
2019-12-19,question_user_day,12,2,0.16666666666666666
2019-12-20,answer_user_day,17,8,0.47058823529411764
2019-12-20,comment_only_user_day,42,11,0.2619047619047619
2019-12-20,question_user_day,8,0,0.0
2019-12-21,answer_user_day,13,6,0.46153846153846156
2019-12-21,comment_only_user_day,30,12,0.4
2019-12-21,question_user_day,10,4,0.4
2019-12-22,answer_user_day,19,9,0.47368421052631576
2019-12-22,comment_only_user_day,29,10,0.3448275862068966
2019-12-22,question_user_day,14,7,0.5
2019-12-23,answer_user_day,17,7,0.4117647058823529
2019-12-23,comment_only_user_day,35,7,0.2
2019-12-23,question_user_day,12,3,0.25
2019-12-24,answer_user_day,10,5,0.5
2019-12-24,comment_only_user_day,26,11,0.4230769230769231
2019-12-24,question_user_day,7,3,0.42857142857142855
2019-12-25,answer_user_day,14,9,0.6428571428571429
2019-12-25,comment_only_user_day,24,9,0.375
2019-12-25,question_user_day,10,3,0.3
2019-12-26,answer_user_day,14,6,0.42857142857142855
2019-12-26,comment_only_user_day,41,9,0.21951219512195122
2019-12-26,question_user_day,5,2,0.4
2019-12-27,answer_user_day,17,6,0.35294117647058826
2019-12-27,comment_only_user_day,25,5,0.2
2019-12-27,question_user_day,11,2,0.18181818181818182
2019-12-28,answer_user_day,17,7,0.4117647058823529
2019-12-28,comment_only_user_day,19,6,0.3157894736842105
2019-12-28,question_user_day,13,3,0.23076923076923078
2019-12-29,answer_user_day,14,7,0.5
2019-12-29,comment_only_user_day,23,8,0.34782608695652173
2019-12-29,question_user_day,11,4,0.36363636363636365
2019-12-30,answer_user_day,15,2,0.13333333333333333
2019-12-30,comment_only_user_day,35,8,0.22857142857142856
2019-12-30,question_user_day,11,4,0.36363636363636365
2019-12-31,answer_user_day,15,5,0.3333333333333333
2019-12-31,comment_only_user_day,28,3,0.10714285714285714
2019-12-31,question_user_day,8,3,0.375
2020-01-01,answer_user_day,9,5,0.5555555555555556
2020-01-01,comment_only_user_day,19,6,0.3157894736842105
2020-01-01,question_user_day,6,3,0.5
2020-01-02,answer_user_day,14,2,0.14285714285714285
2020-01-02,comment_only_user_day,29,8,0.27586206896551724
2020-01-02,question_user_day,10,4,0.4
2020-01-03,answer_user_day,11,4,0.36363636363636365
2020-01-03,comment_only_user_day,33,7,0.21212121212121213
2020-01-03,question_user_day,10,2,0.2
2020-01-04,answer_user_day,10,7,0.7
2020-01-04,comment_only_user_day,29,4,0.13793103448275862
2020-01-04,question_user_day,8,1,0.125
2020-01-05,answer_user_day,8,5,0.625
2020-01-05,comment_only_user_day,30,12,0.4
2020-01-05,question_user_day,12,1,0.08333333333333333
2020-01-06,answer_user_day,22,4,0.18181818181818182
2020-01-06,comment_only_user_day,38,9,0.23684210526315788
2020-01-06,question_user_day,11,2,0.18181818181818182
2020-01-07,answer_user_day,16,5,0.3125
2020-01-07,comment_only_user_day,24,12,0.5
2020-01-07,question_user_day,6,0,0.0
2020-01-08,answer_user_day,21,10,0.47619047619047616
2020-01-08,comment_only_user_day,52,16,0.3076923076923077
2020-01-08,question_user_day,13,2,0.15384615384615385
2020-01-09,answer_user_day,24,10,0.4166666666666667
2020-01-09,comment_only_user_day,47,10,0.2127659574468085
2020-01-09,question_user_day,13,7,0.5384615384615384
2020-01-10,answer_user_day,32,10,0.3125
2020-01-10,comment_only_user_day,55,9,0.16363636363636364
2020-01-10,question_user_day,8,0,0.0
2020-01-11,answer_user_day,16,7,0.4375
2020-01-11,comment_only_user_day,28,7,0.25
2020-01-11,question_user_day,15,5,0.3333333333333333
2020-01-12,answer_user_day,14,5,0.35714285714285715
2020-01-12,comment_only_user_day,38,13,0.34210526315789475
2020-01-12,question_user_day,17,4,0.23529411764705882
2020-01-13,answer_user_day,13,4,0.3076923076923077
2020-01-13,comment_only_user_day,50,11,0.22
2020-01-13,question_user_day,14,4,0.2857142857142857
2020-01-14,answer_user_day,24,6,0.25
2020-01-14,comment_only_user_day,62,14,0.22580645161290322
2020-01-14,question_user_day,11,2,0.18181818181818182
2020-01-15,answer_user_day,15,8,0.5333333333333333
2020-01-15,comment_only_user_day,53,11,0.20754716981132076
2020-01-15,question_user_day,14,3,0.21428571428571427
2020-01-16,answer_user_day,15,6,0.4
2020-01-16,comment_only_user_day,58,16,0.27586206896551724
2020-01-16,question_user_day,12,3,0.25
2020-01-17,answer_user_day,15,5,0.3333333333333333
2020-01-17,comment_only_user_day,41,8,0.1951219512195122
2020-01-17,question_user_day,17,2,0.11764705882352941
2020-01-18,answer_user_day,23,12,0.5217391304347826
2020-01-18,comment_only_user_day,23,4,0.17391304347826086
2020-01-18,question_user_day,13,3,0.23076923076923078
2020-01-19,answer_user_day,10,3,0.3
2020-01-19,comment_only_user_day,33,17,0.5151515151515151
2020-01-19,question_user_day,13,2,0.15384615384615385
2020-01-20,answer_user_day,15,8,0.5333333333333333
2020-01-20,comment_only_user_day,45,12,0.26666666666666666
2020-01-20,question_user_day,14,4,0.2857142857142857
2020-01-21,answer_user_day,19,6,0.3157894736842105
2020-01-21,comment_only_user_day,64,21,0.328125
2020-01-21,question_user_day,15,1,0.06666666666666667
2020-01-22,answer_user_day,25,11,0.44
2020-01-22,comment_only_user_day,37,7,0.1891891891891892
2020-01-22,question_user_day,24,5,0.20833333333333334
2020-01-23,answer_user_day,18,8,0.4444444444444444
2020-01-23,comment_only_user_day,47,14,0.2978723404255319
2020-01-23,question_user_day,8,1,0.125
2020-01-24,answer_user_day,20,9,0.45
2020-01-24,comment_only_user_day,40,8,0.2
2020-01-24,question_user_day,15,4,0.26666666666666666
2020-01-25,answer_user_day,22,7,0.3181818181818182
2020-01-25,comment_only_user_day,33,12,0.36363636363636365
2020-01-25,question_user_day,18,4,0.2222222222222222
2020-01-26,answer_user_day,16,5,0.3125
2020-01-26,comment_only_user_day,41,13,0.3170731707317073
2020-01-26,question_user_day,10,6,0.6
2020-01-27,answer_user_day,22,9,0.4090909090909091
2020-01-27,comment_only_user_day,51,12,0.23529411764705882
2020-01-27,question_user_day,15,2,0.13333333333333333
2020-01-28,answer_user_day,20,12,0.6
2020-01-28,comment_only_user_day,44,12,0.2727272727272727
2020-01-28,question_user_day,18,4,0.2222222222222222
2020-01-29,answer_user_day,29,9,0.3103448275862069
2020-01-29,comment_only_user_day,45,17,0.37777777777777777
2020-01-29,question_user_day,21,5,0.23809523809523808
2020-01-30,answer_user_day,32,10,0.3125
2020-01-30,comment_only_user_day,49,7,0.14285714285714285
2020-01-30,question_user_day,11,3,0.2727272727272727
2020-01-31,answer_user_day,18,5,0.2777777777777778
2020-01-31,comment_only_user_day,54,7,0.12962962962962962
2020-01-31,question_user_day,9,1,0.1111111111111111
2020-02-01,answer_user_day,14,2,0.14285714285714285
2020-02-01,comment_only_user_day,27,10,0.37037037037037035
2020-02-01,question_user_day,12,0,0.0
2020-02-02,answer_user_day,13,6,0.46153846153846156
2020-02-02,comment_only_user_day,22,10,0.45454545454545453
2020-02-02,question_user_day,16,7,0.4375
2020-02-03,answer_user_day,23,11,0.4782608695652174
2020-02-03,comment_only_user_day,59,12,0.2033898305084746
2020-02-03,question_user_day,13,0,0.0
2020-02-04,answer_user_day,10,3,0.3
2020-02-04,comment_only_user_day,50,9,0.18
2020-02-04,question_user_day,15,3,0.2
2020-02-05,answer_user_day,18,8,0.4444444444444444
2020-02-05,comment_only_user_day,41,9,0.21951219512195122
2020-02-05,question_user_day,16,3,0.1875
2020-02-06,answer_user_day,17,11,0.6470588235294118
2020-02-06,comment_only_user_day,43,9,0.20930232558139536
2020-02-06,question_user_day,15,0,0.0
2020-02-07,answer_user_day,19,6,0.3157894736842105
2020-02-07,comment_only_user_day,45,6,0.13333333333333333
2020-02-07,question_user_day,15,3,0.2
2020-02-08,answer_user_day,14,8,0.5714285714285714
2020-02-08,comment_only_user_day,28,6,0.21428571428571427
2020-02-08,question_user_day,13,2,0.15384615384615385
2020-02-09,answer_user_day,19,8,0.42105263157894735
2020-02-09,comment_only_user_day,28,8,0.2857142857142857
2020-02-09,question_user_day,12,2,0.16666666666666666
2020-02-10,answer_user_day,26,11,0.4230769230769231
2020-02-10,comment_only_user_day,39,10,0.2564102564102564
2020-02-10,question_user_day,12,1,0.08333333333333333
2020-02-11,answer_user_day,21,10,0.47619047619047616
2020-02-11,comment_only_user_day,48,8,0.16666666666666666
2020-02-11,question_user_day,12,3,0.25
2020-02-12,answer_user_day,13,8,0.6153846153846154
2020-02-12,comment_only_user_day,43,11,0.2558139534883721
2020-02-12,question_user_day,18,2,0.1111111111111111
2020-02-13,answer_user_day,19,6,0.3157894736842105
2020-02-13,comment_only_user_day,34,3,0.08823529411764706
2020-02-13,question_user_day,9,3,0.3333333333333333
2020-02-14,answer_user_day,20,9,0.45
2020-02-14,comment_only_user_day,42,5,0.11904761904761904
2020-02-14,question_user_day,12,3,0.25
2020-02-15,answer_user_day,9,7,0.7777777777777778
2020-02-15,comment_only_user_day,26,7,0.2692307692307692
2020-02-15,question_user_day,17,3,0.17647058823529413
2020-02-16,answer_user_day,25,10,0.4
2020-02-16,comment_only_user_day,22,10,0.45454545454545453
2020-02-16,question_user_day,6,3,0.5
2020-02-17,answer_user_day,30,16,0.5333333333333333
2020-02-17,comment_only_user_day,43,11,0.2558139534883721
2020-02-17,question_user_day,23,4,0.17391304347826086
2020-02-18,answer_user_day,25,8,0.32
2020-02-18,comment_only_user_day,53,15,0.2830188679245283
2020-02-18,question_user_day,13,3,0.23076923076923078
2020-02-19,answer_user_day,24,6,0.25
2020-02-19,comment_only_user_day,44,12,0.2727272727272727
2020-02-19,question_user_day,14,4,0.2857142857142857
2020-02-20,answer_user_day,18,8,0.4444444444444444
2020-02-20,comment_only_user_day,50,12,0.24
2020-02-20,question_user_day,10,1,0.1
2020-02-21,answer_user_day,18,9,0.5
2020-02-21,comment_only_user_day,35,3,0.08571428571428572
2020-02-21,question_user_day,12,1,0.08333333333333333
2020-02-22,answer_user_day,12,3,0.25
2020-02-22,comment_only_user_day,18,7,0.3888888888888889
2020-02-22,question_user_day,8,2,0.25
2020-02-23,answer_user_day,7,3,0.42857142857142855
2020-02-23,comment_only_user_day,21,9,0.42857142857142855
2020-02-23,question_user_day,7,1,0.14285714285714285
2020-02-24,answer_user_day,13,9,0.6923076923076923
2020-02-24,comment_only_user_day,25,5,0.2
2020-02-24,question_user_day,18,4,0.2222222222222222
2020-02-25,answer_user_day,13,8,0.6153846153846154
2020-02-25,comment_only_user_day,39,13,0.3333333333333333
2020-02-25,question_user_day,9,4,0.4444444444444444
2020-02-26,answer_user_day,12,5,0.4166666666666667
2020-02-26,comment_only_user_day,50,13,0.26
2020-02-26,question_user_day,10,1,0.1
2020-02-27,answer_user_day,13,8,0.6153846153846154
2020-02-27,comment_only_user_day,31,4,0.12903225806451613
2020-02-27,question_user_day,13,2,0.15384615384615385
2020-02-28,answer_user_day,22,6,0.2727272727272727
2020-02-28,comment_only_user_day,27,10,0.37037037037037035
2020-02-28,question_user_day,8,0,0.0
2020-02-29,answer_user_day,10,5,0.5
2020-02-29,comment_only_user_day,34,8,0.23529411764705882
2020-02-29,question_user_day,9,2,0.2222222222222222
2020-03-01,answer_user_day,15,6,0.4
2020-03-01,comment_only_user_day,22,6,0.2727272727272727
2020-03-01,question_user_day,8,2,0.25
2020-03-02,answer_user_day,31,10,0.3225806451612903
2020-03-02,comment_only_user_day,43,10,0.23255813953488372
2020-03-02,question_user_day,15,3,0.2
2020-03-03,answer_user_day,17,6,0.35294117647058826
2020-03-03,comment_only_user_day,46,10,0.21739130434782608
2020-03-03,question_user_day,12,1,0.08333333333333333
2020-03-04,answer_user_day,12,4,0.3333333333333333
2020-03-04,comment_only_user_day,41,13,0.3170731707317073
2020-03-04,question_user_day,10,2,0.2
2020-03-05,answer_user_day,14,8,0.5714285714285714
2020-03-05,comment_only_user_day,43,10,0.23255813953488372
2020-03-05,question_user_day,7,3,0.42857142857142855
2020-03-06,answer_user_day,15,3,0.2
2020-03-06,comment_only_user_day,34,6,0.17647058823529413
2020-03-06,question_user_day,10,2,0.2
2020-03-07,answer_user_day,14,4,0.2857142857142857
2020-03-07,comment_only_user_day,14,1,0.07142857142857142
2020-03-07,question_user_day,11,2,0.18181818181818182
2020-03-08,answer_user_day,4,2,0.5
2020-03-08,comment_only_user_day,15,0,0.0
2020-03-08,question_user_day,4,2,0.5
2020-03-09,answer_user_day,15,6,0.4
2020-03-09,comment_only_user_day,25,11,0.44
2020-03-09,question_user_day,8,1,0.125
2020-03-10,answer_user_day,25,13,0.52
2020-03-10,comment_only_user_day,29,7,0.2413793103448276
2020-03-10,question_user_day,18,4,0.2222222222222222
2020-03-11,answer_user_day,25,9,0.36
2020-03-11,comment_only_user_day,58,16,0.27586206896551724
2020-03-11,question_user_day,17,2,0.11764705882352941
2020-03-12,answer_user_day,15,6,0.4
2020-03-12,comment_only_user_day,52,9,0.17307692307692307
2020-03-12,question_user_day,10,3,0.3
2020-03-13,answer_user_day,16,8,0.5
2020-03-13,comment_only_user_day,28,2,0.07142857142857142
2020-03-13,question_user_day,13,0,0.0
2020-03-14,answer_user_day,6,4,0.6666666666666666
2020-03-14,comment_only_user_day,18,6,0.3333333333333333
2020-03-14,question_user_day,8,1,0.125
2020-03-15,answer_user_day,7,3,0.42857142857142855
2020-03-15,comment_only_user_day,20,4,0.2
2020-03-15,question_user_day,7,3,0.42857142857142855
2020-03-16,answer_user_day,16,6,0.375
2020-03-16,comment_only_user_day,25,8,0.32
2020-03-16,question_user_day,11,4,0.36363636363636365
2020-03-17,answer_user_day,11,5,0.45454545454545453
2020-03-17,comment_only_user_day,30,7,0.23333333333333334
2020-03-17,question_user_day,10,1,0.1
2020-03-18,answer_user_day,13,6,0.46153846153846156
2020-03-18,comment_only_user_day,29,5,0.1724137931034483
2020-03-18,question_user_day,9,3,0.3333333333333333
2020-03-19,answer_user_day,7,2,0.2857142857142857
2020-03-19,comment_only_user_day,22,13,0.5909090909090909
2020-03-19,question_user_day,6,1,0.16666666666666666
2020-03-20,answer_user_day,8,3,0.375
2020-03-20,comment_only_user_day,32,7,0.21875
2020-03-20,question_user_day,10,3,0.3
2020-03-21,answer_user_day,13,4,0.3076923076923077
2020-03-21,comment_only_user_day,21,7,0.3333333333333333
2020-03-21,question_user_day,6,2,0.3333333333333333
2020-03-22,answer_user_day,7,3,0.42857142857142855
2020-03-22,comment_only_user_day,26,9,0.34615384615384615
2020-03-22,question_user_day,6,3,0.5
2020-03-23,answer_user_day,7,5,0.7142857142857143
2020-03-23,comment_only_user_day,36,7,0.19444444444444445
2020-03-23,question_user_day,8,3,0.375
2020-03-24,answer_user_day,12,4,0.3333333333333333
2020-03-24,comment_only_user_day,32,5,0.15625
2020-03-24,question_user_day,2,0,0.0
2020-03-25,answer_user_day,8,3,0.375
2020-03-25,comment_only_user_day,25,8,0.32
2020-03-25,question_user_day,3,2,0.6666666666666666
2020-03-26,answer_user_day,9,4,0.4444444444444444
2020-03-26,comment_only_user_day,23,8,0.34782608695652173
2020-03-26,question_user_day,4,1,0.25
2020-03-27,answer_user_day,11,5,0.45454545454545453
2020-03-27,comment_only_user_day,20,4,0.2
2020-03-27,question_user_day,8,1,0.125
2020-03-28,answer_user_day,8,4,0.5
2020-03-28,comment_only_user_day,21,11,0.5238095238095238
2020-03-28,question_user_day,2,0,0.0
2020-03-29,answer_user_day,12,5,0.4166666666666667
2020-03-29,comment_only_user_day,33,8,0.24242424242424243
2020-03-29,question_user_day,7,1,0.14285714285714285
2020-03-30,answer_user_day,15,7,0.4666666666666667
2020-03-30,comment_only_user_day,39,6,0.15384615384615385
2020-03-30,question_user_day,11,2,0.18181818181818182
2020-03-31,answer_user_day,11,6,0.5454545454545454
2020-03-31,comment_only_user_day,22,7,0.3181818181818182
2020-03-31,question_user_day,10,3,0.3
2020-04-01,answer_user_day,7,2,0.2857142857142857
2020-04-01,comment_only_user_day,38,7,0.18421052631578946
2020-04-01,question_user_day,5,1,0.2
2020-04-02,answer_user_day,3,1,0.3333333333333333
2020-04-02,comment_only_user_day,15,3,0.2
2020-04-02,question_user_day,2,0,0.0
2020-04-03,answer_user_day,9,0,0.0
2020-04-03,comment_only_user_day,16,5,0.3125
2020-04-03,question_user_day,9,2,0.2222222222222222
2020-04-04,answer_user_day,6,1,0.16666666666666666
2020-04-04,comment_only_user_day,14,6,0.42857142857142855
2020-04-04,question_user_day,5,1,0.2
2020-04-05,answer_user_day,6,4,0.6666666666666666
2020-04-05,comment_only_user_day,18,6,0.3333333333333333
2020-04-05,question_user_day,2,0,0.0
2020-04-06,answer_user_day,5,1,0.2
2020-04-06,comment_only_user_day,22,3,0.13636363636363635
2020-04-06,question_user_day,1,0,0.0
2020-04-07,answer_user_day,4,0,0.0
2020-04-07,comment_only_user_day,10,3,0.3
2020-04-07,question_user_day,2,0,0.0
2020-04-08,answer_user_day,10,3,0.3
2020-04-08,comment_only_user_day,23,5,0.21739130434782608
2020-04-08,question_user_day,6,2,0.3333333333333333
2020-04-09,answer_user_day,9,2,0.2222222222222222
2020-04-09,comment_only_user_day,29,8,0.27586206896551724
2020-04-09,question_user_day,3,1,0.3333333333333333
2020-04-10,answer_user_day,6,4,0.6666666666666666
2020-04-10,comment_only_user_day,22,5,0.22727272727272727
2020-04-10,question_user_day,2,1,0.5
2020-04-11,answer_user_day,10,6,0.6
2020-04-11,comment_only_user_day,18,3,0.16666666666666666
2020-04-11,question_user_day,6,1,0.16666666666666666
2020-04-12,answer_user_day,8,3,0.375
2020-04-12,comment_only_user_day,18,5,0.2777777777777778
2020-04-12,question_user_day,3,1,0.3333333333333333
2020-04-13,answer_user_day,11,4,0.36363636363636365
2020-04-13,comment_only_user_day,20,6,0.3
2020-04-13,question_user_day,5,1,0.2
2020-04-14,answer_user_day,6,4,0.6666666666666666
2020-04-14,comment_only_user_day,22,2,0.09090909090909091
2020-04-14,question_user_day,3,1,0.3333333333333333
2020-04-15,answer_user_day,3,0,0.0
2020-04-15,comment_only_user_day,15,3,0.2
2020-04-15,question_user_day,1,0,0.0
2020-04-16,answer_user_day,3,2,0.6666666666666666
2020-04-16,comment_only_user_day,13,3,0.23076923076923078
2020-04-16,question_user_day,4,0,0.0
2020-04-17,answer_user_day,4,1,0.25
2020-04-17,comment_only_user_day,14,2,0.14285714285714285
2020-04-17,question_user_day,3,0,0.0
2020-04-18,answer_user_day,7,1,0.14285714285714285
2020-04-18,comment_only_user_day,7,1,0.14285714285714285
2020-04-18,question_user_day,2,0,0.0
2020-04-19,answer_user_day,8,3,0.375
2020-04-19,comment_only_user_day,12,2,0.16666666666666666
2020-04-19,question_user_day,4,0,0.0
2020-04-20,answer_user_day,16,8,0.5
2020-04-20,comment_only_user_day,28,7,0.25
2020-04-20,question_user_day,7,2,0.2857142857142857
2020-04-21,answer_user_day,11,7,0.6363636363636364
2020-04-21,comment_only_user_day,29,8,0.27586206896551724
2020-04-21,question_user_day,4,1,0.25
2020-04-22,answer_user_day,6,3,0.5
2020-04-22,comment_only_user_day,28,8,0.2857142857142857
2020-04-22,question_user_day,2,1,0.5
2020-04-23,answer_user_day,5,3,0.6
2020-04-23,comment_only_user_day,30,8,0.26666666666666666
2020-04-23,question_user_day,5,2,0.4
2020-04-24,answer_user_day,4,1,0.25
2020-04-24,comment_only_user_day,25,8,0.32
2020-04-24,question_user_day,2,0,0.0
2020-04-25,answer_user_day,3,1,0.3333333333333333
2020-04-25,comment_only_user_day,19,5,0.2631578947368421
2020-04-25,question_user_day,3,2,0.6666666666666666
2020-04-26,answer_user_day,9,5,0.5555555555555556
2020-04-26,comment_only_user_day,15,6,0.4
2020-04-26,question_user_day,7,2,0.2857142857142857
2020-04-27,answer_user_day,8,3,0.375
2020-04-27,comment_only_user_day,22,6,0.2727272727272727
2020-04-27,question_user_day,3,2,0.6666666666666666
2020-04-28,answer_user_day,18,4,0.2222222222222222
2020-04-28,comment_only_user_day,37,10,0.2702702702702703
2020-04-28,question_user_day,11,3,0.2727272727272727
2020-04-29,answer_user_day,4,2,0.5
2020-04-29,comment_only_user_day,41,8,0.1951219512195122
2020-04-29,question_user_day,2,0,0.0
2020-04-30,answer_user_day,4,1,0.25
2020-04-30,comment_only_user_day,23,8,0.34782608695652173
2020-04-30,question_user_day,2,0,0.0
2020-05-01,answer_user_day,9,1,0.1111111111111111
2020-05-01,comment_only_user_day,18,3,0.16666666666666666
2020-05-01,question_user_day,5,1,0.2
2020-05-02,answer_user_day,6,2,0.3333333333333333
2020-05-02,comment_only_user_day,12,4,0.3333333333333333
2020-05-02,question_user_day,6,3,0.5
2020-05-03,answer_user_day,7,2,0.2857142857142857
2020-05-03,comment_only_user_day,22,8,0.36363636363636365
2020-05-03,question_user_day,4,1,0.25
2020-05-04,answer_user_day,6,3,0.5
2020-05-04,comment_only_user_day,26,8,0.3076923076923077
2020-05-04,question_user_day,5,0,0.0
2020-05-05,answer_user_day,9,1,0.1111111111111111
2020-05-05,comment_only_user_day,25,5,0.2
2020-05-05,question_user_day,4,1,0.25
2020-05-06,answer_user_day,4,1,0.25
2020-05-06,comment_only_user_day,13,1,0.07692307692307693
2020-05-06,question_user_day,3,2,0.6666666666666666
2020-05-07,answer_user_day,7,2,0.2857142857142857
2020-05-07,comment_only_user_day,12,3,0.25
2020-05-07,question_user_day,2,1,0.5
2020-05-08,answer_user_day,1,0,0.0
2020-05-08,comment_only_user_day,14,7,0.5
2020-05-08,question_user_day,2,1,0.5
2020-05-09,answer_user_day,2,1,0.5
2020-05-09,comment_only_user_day,14,3,0.21428571428571427
2020-05-09,question_user_day,2,0,0.0
2020-05-10,answer_user_day,4,2,0.5
2020-05-10,comment_only_user_day,6,4,0.6666666666666666
2020-05-10,question_user_day,2,1,0.5
2020-05-11,answer_user_day,11,3,0.2727272727272727
2020-05-11,comment_only_user_day,25,5,0.2
2020-05-11,question_user_day,5,2,0.4
2020-05-12,answer_user_day,7,2,0.2857142857142857
2020-05-12,comment_only_user_day,20,8,0.4
2020-05-12,question_user_day,1,0,0.0
2020-05-13,answer_user_day,10,5,0.5
2020-05-13,comment_only_user_day,18,6,0.3333333333333333
2020-05-13,question_user_day,3,0,0.0
2020-05-14,answer_user_day,8,2,0.25
2020-05-14,comment_only_user_day,32,3,0.09375
2020-05-14,question_user_day,4,0,0.0
2020-05-15,answer_user_day,6,2,0.3333333333333333
2020-05-15,comment_only_user_day,12,1,0.08333333333333333
2020-05-15,question_user_day,3,0,0.0
2020-05-16,answer_user_day,4,1,0.25
2020-05-16,comment_only_user_day,14,2,0.14285714285714285
2020-05-16,question_user_day,4,0,0.0
2020-05-17,answer_user_day,3,1,0.3333333333333333
2020-05-17,comment_only_user_day,7,3,0.42857142857142855
2020-05-17,question_user_day,2,0,0.0
2020-05-18,answer_user_day,6,3,0.5
2020-05-18,comment_only_user_day,20,6,0.3
2020-05-18,question_user_day,6,1,0.16666666666666666
2020-05-19,answer_user_day,8,5,0.625
2020-05-19,comment_only_user_day,23,4,0.17391304347826086
2020-05-19,question_user_day,3,2,0.6666666666666666
2020-05-20,answer_user_day,10,3,0.3
2020-05-20,comment_only_user_day,20,6,0.3
2020-05-20,question_user_day,6,1,0.16666666666666666
2020-05-21,answer_user_day,5,1,0.2
2020-05-21,comment_only_user_day,23,1,0.043478260869565216
2020-05-21,question_user_day,2,1,0.5
2020-05-22,answer_user_day,5,2,0.4
2020-05-22,comment_only_user_day,6,1,0.16666666666666666
2020-05-22,question_user_day,4,3,0.75
2020-05-23,answer_user_day,2,1,0.5
2020-05-23,comment_only_user_day,11,2,0.18181818181818182
2020-05-23,question_user_day,1,0,0.0
2020-05-24,comment_only_user_day,7,3,0.42857142857142855
2020-05-24,question_user_day,1,0,0.0
2020-05-25,answer_user_day,2,1,0.5
2020-05-25,comment_only_user_day,18,6,0.3333333333333333
2020-05-25,question_user_day,3,0,0.0
2020-05-26,answer_user_day,5,2,0.4
2020-05-26,comment_only_user_day,32,2,0.0625
2020-05-26,question_user_day,4,1,0.25
2020-05-27,answer_user_day,7,3,0.42857142857142855
2020-05-27,comment_only_user_day,16,3,0.1875
2020-05-27,question_user_day,3,2,0.6666666666666666
2020-05-28,answer_user_day,6,3,0.5
2020-05-28,comment_only_user_day,25,6,0.24
2020-05-28,question_user_day,5,1,0.2
2020-05-29,answer_user_day,4,3,0.75
2020-05-29,comment_only_user_day,16,6,0.375
2020-05-29,question_user_day,3,0,0.0
2020-05-30,answer_user_day,4,2,0.5
2020-05-30,comment_only_user_day,13,1,0.07692307692307693
2020-05-30,question_user_day,3,0,0.0
2020-05-31,answer_user_day,7,3,0.42857142857142855
2020-05-31,comment_only_user_day,5,0,0.0
2020-05-31,question_user_day,2,1,0.5
2020-06-01,answer_user_day,2,1,0.5
2020-06-01,comment_only_user_day,17,7,0.4117647058823529
2020-06-01,question_user_day,5,1,0.2
2020-06-02,answer_user_day,6,1,0.16666666666666666
2020-06-02,comment_only_user_day,13,2,0.15384615384615385
2020-06-02,question_user_day,3,0,0.0
2020-06-03,answer_user_day,6,1,0.16666666666666666
2020-06-03,comment_only_user_day,10,3,0.3
2020-06-03,question_user_day,3,1,0.3333333333333333
2020-06-04,answer_user_day,6,3,0.5
2020-06-04,comment_only_user_day,15,4,0.26666666666666666
2020-06-04,question_user_day,6,0,0.0
2020-06-05,answer_user_day,7,2,0.2857142857142857
2020-06-05,comment_only_user_day,15,6,0.4
2020-06-05,question_user_day,3,1,0.3333333333333333
2020-06-06,answer_user_day,3,1,0.3333333333333333
2020-06-06,comment_only_user_day,23,4,0.17391304347826086
2020-06-06,question_user_day,3,0,0.0
2020-06-07,answer_user_day,10,6,0.6
2020-06-07,comment_only_user_day,15,4,0.26666666666666666
2020-06-07,question_user_day,6,3,0.5
2020-06-08,answer_user_day,16,4,0.25
2020-06-08,comment_only_user_day,49,13,0.2653061224489796
2020-06-08,question_user_day,5,1,0.2
2020-06-09,answer_user_day,12,4,0.3333333333333333
2020-06-09,comment_only_user_day,36,10,0.2777777777777778
2020-06-09,question_user_day,1,0,0.0
2020-06-10,answer_user_day,10,2,0.2
2020-06-10,comment_only_user_day,29,3,0.10344827586206896
2020-06-10,question_user_day,5,0,0.0
2020-06-11,answer_user_day,3,1,0.3333333333333333
2020-06-11,comment_only_user_day,14,5,0.35714285714285715
2020-06-11,question_user_day,3,1,0.3333333333333333
2020-06-12,answer_user_day,8,2,0.25
2020-06-12,comment_only_user_day,22,5,0.22727272727272727
2020-06-12,question_user_day,8,1,0.125
2020-06-13,answer_user_day,4,1,0.25
2020-06-13,comment_only_user_day,12,2,0.16666666666666666
2020-06-13,question_user_day,1,0,0.0
2020-06-14,answer_user_day,8,3,0.375
2020-06-14,comment_only_user_day,7,2,0.2857142857142857
2020-06-14,question_user_day,4,1,0.25
2020-06-15,answer_user_day,7,2,0.2857142857142857
2020-06-15,comment_only_user_day,34,9,0.2647058823529412
2020-06-15,question_user_day,5,2,0.4
2020-06-16,answer_user_day,5,3,0.6
2020-06-16,comment_only_user_day,24,3,0.125
2020-06-16,question_user_day,3,0,0.0
2020-06-17,answer_user_day,8,2,0.25
2020-06-17,comment_only_user_day,13,1,0.07692307692307693
2020-06-17,question_user_day,2,0,0.0
2020-06-18,answer_user_day,4,1,0.25
2020-06-18,comment_only_user_day,8,2,0.25
2020-06-18,question_user_day,3,1,0.3333333333333333
2020-06-19,answer_user_day,7,3,0.42857142857142855
2020-06-19,comment_only_user_day,11,3,0.2727272727272727
2020-06-19,question_user_day,4,3,0.75
2020-06-20,answer_user_day,5,2,0.4
2020-06-20,comment_only_user_day,23,6,0.2608695652173913
2020-06-20,question_user_day,6,3,0.5
2020-06-21,answer_user_day,11,7,0.6363636363636364
2020-06-21,comment_only_user_day,13,4,0.3076923076923077
2020-06-21,question_user_day,8,2,0.25
2020-06-22,answer_user_day,8,6,0.75
2020-06-22,comment_only_user_day,21,5,0.23809523809523808
2020-06-22,question_user_day,7,4,0.5714285714285714
2020-06-23,answer_user_day,11,5,0.45454545454545453
2020-06-23,comment_only_user_day,23,3,0.13043478260869565
2020-06-23,question_user_day,3,0,0.0
2020-06-24,answer_user_day,4,3,0.75
2020-06-24,comment_only_user_day,14,5,0.35714285714285715
2020-06-24,question_user_day,5,2,0.4
2020-06-25,answer_user_day,4,2,0.5
2020-06-25,comment_only_user_day,17,4,0.23529411764705882
2020-06-25,question_user_day,7,0,0.0
2020-06-26,answer_user_day,14,4,0.2857142857142857
2020-06-26,comment_only_user_day,14,2,0.14285714285714285
2020-06-26,question_user_day,11,1,0.09090909090909091
2020-06-27,answer_user_day,3,1,0.3333333333333333
2020-06-27,comment_only_user_day,13,2,0.15384615384615385
2020-06-27,question_user_day,4,2,0.5
2020-06-28,answer_user_day,7,4,0.5714285714285714
2020-06-28,comment_only_user_day,17,4,0.23529411764705882
2020-06-28,question_user_day,4,0,0.0
2020-06-29,answer_user_day,6,1,0.16666666666666666
2020-06-29,comment_only_user_day,27,4,0.14814814814814814
2020-06-29,question_user_day,7,4,0.5714285714285714
2020-06-30,answer_user_day,6,4,0.6666666666666666
2020-06-30,comment_only_user_day,21,10,0.47619047619047616
2020-06-30,question_user_day,4,1,0.25
2020-07-01,answer_user_day,11,2,0.18181818181818182
2020-07-01,comment_only_user_day,32,8,0.25
2020-07-01,question_user_day,7,2,0.2857142857142857
2020-07-02,answer_user_day,6,3,0.5
2020-07-02,comment_only_user_day,23,7,0.30434782608695654
2020-07-02,question_user_day,2,1,0.5
2020-07-03,answer_user_day,9,5,0.5555555555555556
2020-07-03,comment_only_user_day,19,10,0.5263157894736842
2020-07-03,question_user_day,9,1,0.1111111111111111
2020-07-04,answer_user_day,7,2,0.2857142857142857
2020-07-04,comment_only_user_day,28,6,0.21428571428571427
2020-07-04,question_user_day,4,2,0.5
2020-07-05,answer_user_day,5,2,0.4
2020-07-05,comment_only_user_day,26,5,0.19230769230769232
2020-07-05,question_user_day,5,2,0.4
2020-07-06,answer_user_day,9,3,0.3333333333333333
2020-07-06,comment_only_user_day,28,6,0.21428571428571427
2020-07-06,question_user_day,9,3,0.3333333333333333
2020-07-07,answer_user_day,5,1,0.2
2020-07-07,comment_only_user_day,33,9,0.2727272727272727
2020-07-07,question_user_day,5,3,0.6
2020-07-08,answer_user_day,10,5,0.5
2020-07-08,comment_only_user_day,26,4,0.15384615384615385
2020-07-08,question_user_day,6,3,0.5
2020-07-09,answer_user_day,9,3,0.3333333333333333
2020-07-09,comment_only_user_day,39,14,0.358974358974359
2020-07-09,question_user_day,5,0,0.0
2020-07-10,answer_user_day,10,1,0.1
2020-07-10,comment_only_user_day,29,4,0.13793103448275862
2020-07-10,question_user_day,6,3,0.5
2020-07-11,answer_user_day,8,4,0.5
2020-07-11,comment_only_user_day,14,3,0.21428571428571427
2020-07-11,question_user_day,7,1,0.14285714285714285
2020-07-12,answer_user_day,4,1,0.25
2020-07-12,comment_only_user_day,17,6,0.35294117647058826
2020-07-12,question_user_day,3,2,0.6666666666666666
2020-07-13,answer_user_day,10,3,0.3
2020-07-13,comment_only_user_day,18,3,0.16666666666666666
2020-07-13,question_user_day,6,2,0.3333333333333333
2020-07-14,answer_user_day,6,1,0.16666666666666666
2020-07-14,comment_only_user_day,26,3,0.11538461538461539
2020-07-14,question_user_day,4,1,0.25
2020-07-15,answer_user_day,3,2,0.6666666666666666
2020-07-15,comment_only_user_day,26,8,0.3076923076923077
2020-07-15,question_user_day,4,3,0.75
2020-07-16,answer_user_day,12,5,0.4166666666666667
2020-07-16,comment_only_user_day,19,2,0.10526315789473684
2020-07-16,question_user_day,6,2,0.3333333333333333
2020-07-17,answer_user_day,10,1,0.1
2020-07-17,comment_only_user_day,15,4,0.26666666666666666
2020-07-17,question_user_day,4,1,0.25
2020-07-18,answer_user_day,7,2,0.2857142857142857
2020-07-18,comment_only_user_day,16,2,0.125
2020-07-18,question_user_day,5,0,0.0
2020-07-19,answer_user_day,3,3,1.0
2020-07-19,comment_only_user_day,24,9,0.375
2020-07-19,question_user_day,2,0,0.0
2020-07-20,answer_user_day,8,3,0.375
2020-07-20,comment_only_user_day,27,7,0.25925925925925924
2020-07-20,question_user_day,8,1,0.125
2020-07-21,answer_user_day,6,3,0.5
2020-07-21,comment_only_user_day,21,7,0.3333333333333333
2020-07-21,question_user_day,4,1,0.25
2020-07-22,answer_user_day,7,3,0.42857142857142855
2020-07-22,comment_only_user_day,30,13,0.43333333333333335
2020-07-22,question_user_day,5,0,0.0
2020-07-23,answer_user_day,3,1,0.3333333333333333
2020-07-23,comment_only_user_day,34,12,0.35294117647058826
2020-07-23,question_user_day,6,0,0.0
2020-07-24,answer_user_day,8,3,0.375
2020-07-24,comment_only_user_day,24,5,0.20833333333333334
2020-07-24,question_user_day,4,2,0.5
2020-07-25,answer_user_day,4,3,0.75
2020-07-25,comment_only_user_day,24,5,0.20833333333333334
2020-07-25,question_user_day,4,3,0.75
2020-07-26,answer_user_day,5,2,0.4
2020-07-26,comment_only_user_day,17,3,0.17647058823529413
2020-07-26,question_user_day,5,3,0.6
2020-07-27,answer_user_day,9,0,0.0
2020-07-27,comment_only_user_day,26,8,0.3076923076923077
2020-07-27,question_user_day,5,2,0.4
2020-07-28,answer_user_day,5,1,0.2
2020-07-28,comment_only_user_day,19,3,0.15789473684210525
2020-07-28,question_user_day,5,2,0.4
2020-07-29,answer_user_day,6,3,0.5
2020-07-29,comment_only_user_day,13,6,0.46153846153846156
2020-07-29,question_user_day,4,0,0.0
2020-07-30,answer_user_day,9,2,0.2222222222222222
2020-07-30,comment_only_user_day,19,5,0.2631578947368421
2020-07-30,question_user_day,8,2,0.25
2020-07-31,answer_user_day,3,0,0.0
2020-07-31,comment_only_user_day,27,2,0.07407407407407407
2020-07-31,question_user_day,5,0,0.0
2020-08-01,answer_user_day,6,1,0.16666666666666666
2020-08-01,comment_only_user_day,8,2,0.25
2020-08-01,question_user_day,3,2,0.6666666666666666
2020-08-02,answer_user_day,2,0,0.0
2020-08-02,comment_only_user_day,17,6,0.35294117647058826
2020-08-02,question_user_day,2,1,0.5
2020-08-03,answer_user_day,6,2,0.3333333333333333
2020-08-03,comment_only_user_day,29,10,0.3448275862068966
2020-08-03,question_user_day,12,3,0.25
2020-08-04,answer_user_day,9,3,0.3333333333333333
2020-08-04,comment_only_user_day,33,11,0.3333333333333333
2020-08-04,question_user_day,1,0,0.0
2020-08-05,answer_user_day,7,1,0.14285714285714285
2020-08-05,comment_only_user_day,26,7,0.2692307692307692
2020-08-05,question_user_day,3,0,0.0
2020-08-06,answer_user_day,8,0,0.0
2020-08-06,comment_only_user_day,23,1,0.043478260869565216
2020-08-06,question_user_day,5,2,0.4
2020-08-07,answer_user_day,3,3,1.0
2020-08-07,comment_only_user_day,5,0,0.0
2020-08-07,question_user_day,4,2,0.5
2020-08-08,answer_user_day,7,3,0.42857142857142855
2020-08-08,comment_only_user_day,12,1,0.08333333333333333
2020-08-08,question_user_day,6,2,0.3333333333333333
2020-08-09,answer_user_day,4,2,0.5
2020-08-09,comment_only_user_day,14,7,0.5
2020-08-09,question_user_day,4,0,0.0
2020-08-10,answer_user_day,9,5,0.5555555555555556
2020-08-10,comment_only_user_day,18,4,0.2222222222222222
2020-08-10,question_user_day,4,1,0.25
2020-08-11,answer_user_day,6,5,0.8333333333333334
2020-08-11,comment_only_user_day,17,4,0.23529411764705882
2020-08-11,question_user_day,3,1,0.3333333333333333
2020-08-12,answer_user_day,2,1,0.5
2020-08-12,comment_only_user_day,19,3,0.15789473684210525
2020-08-12,question_user_day,2,2,1.0
2020-08-13,answer_user_day,6,2,0.3333333333333333
2020-08-13,comment_only_user_day,18,6,0.3333333333333333
2020-08-13,question_user_day,2,1,0.5
2020-08-14,answer_user_day,9,2,0.2222222222222222
2020-08-14,comment_only_user_day,20,3,0.15
2020-08-14,question_user_day,7,0,0.0
2020-08-15,answer_user_day,5,2,0.4
2020-08-15,comment_only_user_day,18,7,0.3888888888888889
2020-08-15,question_user_day,5,4,0.8
2020-08-16,answer_user_day,5,3,0.6
2020-08-16,comment_only_user_day,26,8,0.3076923076923077
2020-08-16,question_user_day,5,3,0.6
2020-08-17,answer_user_day,7,3,0.42857142857142855
2020-08-17,comment_only_user_day,31,8,0.25806451612903225
2020-08-17,question_user_day,6,5,0.8333333333333334
2020-08-18,answer_user_day,5,2,0.4
2020-08-18,comment_only_user_day,27,7,0.25925925925925924
2020-08-18,question_user_day,4,2,0.5
2020-08-19,answer_user_day,11,7,0.6363636363636364
2020-08-19,comment_only_user_day,19,6,0.3157894736842105
2020-08-19,question_user_day,5,2,0.4
2020-08-20,answer_user_day,7,4,0.5714285714285714
2020-08-20,comment_only_user_day,26,6,0.23076923076923078
2020-08-20,question_user_day,6,2,0.3333333333333333
2020-08-21,answer_user_day,10,2,0.2
2020-08-21,comment_only_user_day,23,3,0.13043478260869565
2020-08-21,question_user_day,7,2,0.2857142857142857
2020-08-22,answer_user_day,5,1,0.2
2020-08-22,comment_only_user_day,18,3,0.16666666666666666
2020-08-22,question_user_day,4,0,0.0
2020-08-23,answer_user_day,2,2,1.0
2020-08-23,comment_only_user_day,10,5,0.5
2020-08-23,question_user_day,5,2,0.4
2020-08-24,answer_user_day,18,2,0.1111111111111111
2020-08-24,comment_only_user_day,29,6,0.20689655172413793
2020-08-24,question_user_day,9,3,0.3333333333333333
2020-08-25,answer_user_day,9,4,0.4444444444444444
2020-08-25,comment_only_user_day,23,5,0.21739130434782608
2020-08-25,question_user_day,4,2,0.5
2020-08-26,answer_user_day,8,4,0.5
2020-08-26,comment_only_user_day,28,7,0.25
2020-08-26,question_user_day,4,0,0.0
2020-08-27,answer_user_day,10,3,0.3
2020-08-27,comment_only_user_day,23,9,0.391304347826087
2020-08-27,question_user_day,6,2,0.3333333333333333
2020-08-28,answer_user_day,4,1,0.25
2020-08-28,comment_only_user_day,19,4,0.21052631578947367
2020-08-28,question_user_day,3,2,0.6666666666666666
2020-08-29,answer_user_day,10,4,0.4
2020-08-29,comment_only_user_day,14,6,0.42857142857142855
2020-08-29,question_user_day,4,2,0.5
2020-08-30,answer_user_day,5,3,0.6
2020-08-30,comment_only_user_day,21,7,0.3333333333333333
2020-08-30,question_user_day,5,0,0.0
2020-08-31,answer_user_day,12,7,0.5833333333333334
2020-08-31,comment_only_user_day,29,6,0.20689655172413793
2020-08-31,question_user_day,5,1,0.2
2020-09-01,answer_user_day,9,4,0.4444444444444444
2020-09-01,comment_only_user_day,23,7,0.30434782608695654
2020-09-01,question_user_day,8,3,0.375
2020-09-02,answer_user_day,9,3,0.3333333333333333
2020-09-02,comment_only_user_day,19,4,0.21052631578947367
2020-09-02,question_user_day,10,5,0.5
2020-09-03,answer_user_day,12,5,0.4166666666666667
2020-09-03,comment_only_user_day,23,1,0.043478260869565216
2020-09-03,question_user_day,7,4,0.5714285714285714
2020-09-04,answer_user_day,6,2,0.3333333333333333
2020-09-04,comment_only_user_day,19,3,0.15789473684210525
2020-09-04,question_user_day,2,1,0.5
2020-09-05,answer_user_day,3,1,0.3333333333333333
2020-09-05,comment_only_user_day,20,3,0.15
2020-09-05,question_user_day,7,3,0.42857142857142855
2020-09-06,answer_user_day,5,1,0.2
2020-09-06,comment_only_user_day,11,5,0.45454545454545453
2020-09-06,question_user_day,4,2,0.5
2020-09-07,answer_user_day,3,2,0.6666666666666666
2020-09-07,comment_only_user_day,20,0,0.0
2020-09-07,question_user_day,2,1,0.5
2020-09-08,answer_user_day,3,1,0.3333333333333333
2020-09-08,comment_only_user_day,16,2,0.125
2020-09-08,question_user_day,2,0,0.0
2020-09-09,answer_user_day,1,1,1.0
2020-09-09,comment_only_user_day,12,4,0.3333333333333333
2020-09-09,question_user_day,2,0,0.0
2020-09-10,answer_user_day,5,2,0.4
2020-09-10,comment_only_user_day,16,4,0.25
2020-09-10,question_user_day,6,2,0.3333333333333333
2020-09-11,answer_user_day,5,1,0.2
2020-09-11,comment_only_user_day,10,1,0.1
2020-09-11,question_user_day,4,0,0.0
2020-09-12,answer_user_day,3,2,0.6666666666666666
2020-09-12,comment_only_user_day,12,4,0.3333333333333333
2020-09-12,question_user_day,2,0,0.0
2020-09-13,answer_user_day,3,0,0.0
2020-09-13,comment_only_user_day,8,3,0.375
2020-09-13,question_user_day,3,2,0.6666666666666666
2020-09-14,answer_user_day,1,1,1.0
2020-09-14,comment_only_user_day,8,2,0.25
2020-09-14,question_user_day,2,0,0.0
2020-09-15,answer_user_day,8,3,0.375
2020-09-15,comment_only_user_day,12,5,0.4166666666666667
2020-09-15,question_user_day,5,1,0.2
2020-09-16,answer_user_day,3,1,0.3333333333333333
2020-09-16,comment_only_user_day,23,11,0.4782608695652174
2020-09-16,question_user_day,10,3,0.3
2020-09-17,answer_user_day,7,2,0.2857142857142857
2020-09-17,comment_only_user_day,27,6,0.2222222222222222
2020-09-17,question_user_day,5,1,0.2
2020-09-18,answer_user_day,2,0,0.0
2020-09-18,comment_only_user_day,16,5,0.3125
2020-09-18,question_user_day,4,2,0.5
2020-09-19,answer_user_day,3,2,0.6666666666666666
2020-09-19,comment_only_user_day,14,5,0.35714285714285715
2020-09-19,question_user_day,4,1,0.25
2020-09-20,answer_user_day,3,0,0.0
2020-09-20,comment_only_user_day,18,6,0.3333333333333333
2020-09-20,question_user_day,2,0,0.0
2020-09-21,answer_user_day,3,2,0.6666666666666666
2020-09-21,comment_only_user_day,12,4,0.3333333333333333
2020-09-21,question_user_day,4,1,0.25
2020-09-22,answer_user_day,8,2,0.25
2020-09-22,comment_only_user_day,22,10,0.45454545454545453
2020-09-22,question_user_day,2,0,0.0
2020-09-23,answer_user_day,5,3,0.6
2020-09-23,comment_only_user_day,29,8,0.27586206896551724
2020-09-23,question_user_day,6,2,0.3333333333333333
2020-09-24,answer_user_day,4,3,0.75
2020-09-24,comment_only_user_day,28,6,0.21428571428571427
2020-09-24,question_user_day,4,2,0.5
2020-09-25,answer_user_day,7,2,0.2857142857142857
2020-09-25,comment_only_user_day,23,5,0.21739130434782608
2020-09-25,question_user_day,3,1,0.3333333333333333
2020-09-26,answer_user_day,4,2,0.5
2020-09-26,comment_only_user_day,13,6,0.46153846153846156
2020-09-26,question_user_day,3,1,0.3333333333333333
2020-09-27,answer_user_day,4,2,0.5
2020-09-27,comment_only_user_day,10,3,0.3
2020-09-27,question_user_day,2,2,1.0
2020-09-28,answer_user_day,2,1,0.5
2020-09-28,comment_only_user_day,19,4,0.21052631578947367
2020-09-28,question_user_day,2,1,0.5
2020-09-29,answer_user_day,9,6,0.6666666666666666
2020-09-29,comment_only_user_day,17,6,0.35294117647058826
2020-09-29,question_user_day,5,0,0.0
2020-09-30,answer_user_day,10,4,0.4
2020-09-30,comment_only_user_day,34,10,0.29411764705882354
2020-09-30,question_user_day,6,0,0.0
2020-10-01,answer_user_day,14,10,0.7142857142857143
2020-10-01,comment_only_user_day,32,7,0.21875
2020-10-01,question_user_day,4,1,0.25
2020-10-02,answer_user_day,6,1,0.16666666666666666
2020-10-02,comment_only_user_day,38,7,0.18421052631578946
2020-10-02,question_user_day,1,0,0.0
2020-10-03,answer_user_day,5,2,0.4
2020-10-03,comment_only_user_day,13,0,0.0
2020-10-03,question_user_day,4,1,0.25
2020-10-04,answer_user_day,6,4,0.6666666666666666
2020-10-04,comment_only_user_day,5,0,0.0
2020-10-04,question_user_day,5,0,0.0
2020-10-05,answer_user_day,6,3,0.5
2020-10-05,comment_only_user_day,14,2,0.14285714285714285
2020-10-05,question_user_day,4,0,0.0
2020-10-06,answer_user_day,4,3,0.75
2020-10-06,comment_only_user_day,23,5,0.21739130434782608
2020-10-06,question_user_day,2,0,0.0
2020-10-07,answer_user_day,7,2,0.2857142857142857
2020-10-07,comment_only_user_day,31,8,0.25806451612903225
2020-10-07,question_user_day,1,1,1.0
2020-10-08,answer_user_day,12,3,0.25
2020-10-08,comment_only_user_day,26,7,0.2692307692307692
2020-10-08,question_user_day,9,1,0.1111111111111111
2020-10-09,answer_user_day,6,1,0.16666666666666666
2020-10-09,comment_only_user_day,23,4,0.17391304347826086
2020-10-09,question_user_day,3,0,0.0
2020-10-10,answer_user_day,3,2,0.6666666666666666
2020-10-10,comment_only_user_day,9,2,0.2222222222222222
2020-10-10,question_user_day,3,1,0.3333333333333333
2020-10-11,answer_user_day,5,2,0.4
2020-10-11,comment_only_user_day,18,6,0.3333333333333333
2020-10-11,question_user_day,8,0,0.0
2020-10-12,answer_user_day,5,2,0.4
2020-10-12,comment_only_user_day,20,4,0.2
2020-10-12,question_user_day,2,2,1.0
2020-10-13,answer_user_day,4,3,0.75
2020-10-13,comment_only_user_day,29,6,0.20689655172413793
2020-10-13,question_user_day,6,0,0.0
2020-10-14,answer_user_day,8,2,0.25
2020-10-14,comment_only_user_day,16,3,0.1875
2020-10-14,question_user_day,6,1,0.16666666666666666
2020-10-15,answer_user_day,4,3,0.75
2020-10-15,comment_only_user_day,22,2,0.09090909090909091
2020-10-15,question_user_day,2,0,0.0
2020-10-16,answer_user_day,8,0,0.0
2020-10-16,comment_only_user_day,20,3,0.15
2020-10-16,question_user_day,6,1,0.16666666666666666
2020-10-17,answer_user_day,4,2,0.5
2020-10-17,comment_only_user_day,9,3,0.3333333333333333
2020-10-17,question_user_day,1,0,0.0
2020-10-18,answer_user_day,5,2,0.4
2020-10-18,comment_only_user_day,14,5,0.35714285714285715
2020-10-18,question_user_day,4,0,0.0
2020-10-19,answer_user_day,5,1,0.2
2020-10-19,comment_only_user_day,28,3,0.10714285714285714
2020-10-19,question_user_day,2,2,1.0
2020-10-20,answer_user_day,6,1,0.16666666666666666
2020-10-20,comment_only_user_day,13,4,0.3076923076923077
2020-10-20,question_user_day,3,1,0.3333333333333333
2020-10-21,answer_user_day,6,3,0.5
2020-10-21,comment_only_user_day,16,4,0.25
2020-10-21,question_user_day,5,2,0.4
2020-10-22,answer_user_day,2,1,0.5
2020-10-22,comment_only_user_day,22,6,0.2727272727272727
2020-10-23,answer_user_day,4,3,0.75
2020-10-23,comment_only_user_day,16,4,0.25
2020-10-23,question_user_day,2,0,0.0
2020-10-24,answer_user_day,6,0,0.0
2020-10-24,comment_only_user_day,12,4,0.3333333333333333
2020-10-24,question_user_day,8,2,0.25
2020-10-25,answer_user_day,3,0,0.0
2020-10-25,comment_only_user_day,15,5,0.3333333333333333
2020-10-25,question_user_day,3,1,0.3333333333333333
2020-10-26,answer_user_day,8,6,0.75
2020-10-26,comment_only_user_day,16,5,0.3125
2020-10-26,question_user_day,5,2,0.4
2020-10-27,answer_user_day,9,0,0.0
2020-10-27,comment_only_user_day,26,4,0.15384615384615385
2020-10-27,question_user_day,4,1,0.25
2020-10-28,answer_user_day,4,0,0.0
2020-10-28,comment_only_user_day,19,4,0.21052631578947367
2020-10-28,question_user_day,5,0,0.0
2020-10-29,answer_user_day,3,1,0.3333333333333333
2020-10-29,comment_only_user_day,13,4,0.3076923076923077
2020-10-29,question_user_day,2,0,0.0
2020-10-30,answer_user_day,4,1,0.25
2020-10-30,comment_only_user_day,20,3,0.15
2020-10-30,question_user_day,3,1,0.3333333333333333
2020-10-31,answer_user_day,4,3,0.75
2020-10-31,comment_only_user_day,10,3,0.3
2020-10-31,question_user_day,1,0,0.0
2020-11-01,answer_user_day,3,0,0.0
2020-11-01,comment_only_user_day,13,0,0.0
2020-11-01,question_user_day,3,1,0.3333333333333333
2020-11-02,answer_user_day,2,1,0.5
2020-11-02,comment_only_user_day,7,1,0.14285714285714285
2020-11-02,question_user_day,1,0,0.0
2020-11-03,answer_user_day,5,2,0.4
2020-11-03,comment_only_user_day,13,4,0.3076923076923077
2020-11-03,question_user_day,4,1,0.25
2020-11-04,answer_user_day,5,2,0.4
2020-11-04,comment_only_user_day,15,4,0.26666666666666666
2020-11-04,question_user_day,5,1,0.2
2020-11-05,answer_user_day,5,2,0.4
2020-11-05,comment_only_user_day,13,1,0.07692307692307693
2020-11-05,question_user_day,5,0,0.0
2020-11-06,answer_user_day,4,0,0.0
2020-11-06,comment_only_user_day,14,2,0.14285714285714285
2020-11-06,question_user_day,4,0,0.0
2020-11-07,answer_user_day,3,0,0.0
2020-11-07,comment_only_user_day,12,2,0.16666666666666666
2020-11-08,answer_user_day,4,0,0.0
2020-11-08,comment_only_user_day,13,3,0.23076923076923078
2020-11-08,question_user_day,2,0,0.0
2020-11-09,answer_user_day,6,4,0.6666666666666666
2020-11-09,comment_only_user_day,7,0,0.0
2020-11-09,question_user_day,1,1,1.0
2020-11-10,answer_user_day,1,1,1.0
2020-11-10,comment_only_user_day,7,1,0.14285714285714285
2020-11-10,question_user_day,4,1,0.25
2020-11-11,answer_user_day,5,0,0.0
2020-11-11,comment_only_user_day,10,2,0.2
2020-11-11,question_user_day,2,0,0.0
2020-11-12,answer_user_day,2,0,0.0
2020-11-12,comment_only_user_day,11,0,0.0
2020-11-12,question_user_day,3,0,0.0
2020-11-13,answer_user_day,5,1,0.2
2020-11-13,comment_only_user_day,8,2,0.25
2020-11-13,question_user_day,2,0,0.0
2020-11-14,answer_user_day,3,2,0.6666666666666666
2020-11-14,comment_only_user_day,6,2,0.3333333333333333
2020-11-14,question_user_day,1,0,0.0
2020-11-15,answer_user_day,1,0,0.0
2020-11-15,comment_only_user_day,15,4,0.26666666666666666
2020-11-15,question_user_day,3,2,0.6666666666666666
2020-11-16,answer_user_day,6,1,0.16666666666666666
2020-11-16,comment_only_user_day,14,6,0.42857142857142855
2020-11-16,question_user_day,7,3,0.42857142857142855
2020-11-17,answer_user_day,8,2,0.25
2020-11-17,comment_only_user_day,30,6,0.2
2020-11-17,question_user_day,6,0,0.0
2020-11-18,answer_user_day,5,2,0.4
2020-11-18,comment_only_user_day,15,1,0.06666666666666667
2020-11-18,question_user_day,3,0,0.0
2020-11-19,answer_user_day,4,1,0.25
2020-11-19,comment_only_user_day,10,3,0.3
2020-11-19,question_user_day,5,1,0.2
2020-11-20,answer_user_day,5,1,0.2
2020-11-20,comment_only_user_day,9,3,0.3333333333333333
2020-11-20,question_user_day,1,0,0.0
2020-11-21,comment_only_user_day,9,4,0.4444444444444444
2020-11-21,question_user_day,1,0,0.0
2020-11-22,answer_user_day,7,1,0.14285714285714285
2020-11-22,comment_only_user_day,10,0,0.0
2020-11-22,question_user_day,4,1,0.25
2020-11-23,comment_only_user_day,10,3,0.3
2020-11-23,question_user_day,2,1,0.5
2020-11-24,answer_user_day,7,0,0.0
2020-11-24,comment_only_user_day,17,4,0.23529411764705882
2020-11-24,question_user_day,6,1,0.16666666666666666
2020-11-25,answer_user_day,4,0,0.0
2020-11-25,comment_only_user_day,13,2,0.15384615384615385
2020-11-25,question_user_day,5,1,0.2
2020-11-26,answer_user_day,3,2,0.6666666666666666
2020-11-26,comment_only_user_day,12,5,0.4166666666666667
2020-11-26,question_user_day,6,1,0.16666666666666666
2020-11-27,answer_user_day,9,3,0.3333333333333333
2020-11-27,comment_only_user_day,14,4,0.2857142857142857
2020-11-27,question_user_day,4,1,0.25
2020-11-28,answer_user_day,6,1,0.16666666666666666
2020-11-28,comment_only_user_day,22,4,0.18181818181818182
2020-11-28,question_user_day,3,1,0.3333333333333333
2020-11-29,answer_user_day,2,0,0.0
2020-11-29,comment_only_user_day,20,6,0.3
2020-11-29,question_user_day,2,0,0.0
2020-11-30,answer_user_day,4,0,0.0
2020-11-30,comment_only_user_day,22,3,0.13636363636363635
2020-11-30,question_user_day,4,1,0.25
2020-12-01,answer_user_day,3,1,0.3333333333333333
2020-12-01,comment_only_user_day,14,4,0.2857142857142857
2020-12-01,question_user_day,4,2,0.5
2020-12-02,answer_user_day,6,1,0.16666666666666666
2020-12-02,comment_only_user_day,16,4,0.25
2020-12-02,question_user_day,4,1,0.25
2020-12-03,answer_user_day,2,0,0.0
2020-12-03,comment_only_user_day,12,2,0.16666666666666666
2020-12-03,question_user_day,4,1,0.25
2020-12-04,answer_user_day,9,2,0.2222222222222222
2020-12-04,comment_only_user_day,18,3,0.16666666666666666
2020-12-04,question_user_day,4,0,0.0
2020-12-05,answer_user_day,6,2,0.3333333333333333
2020-12-05,comment_only_user_day,10,3,0.3
2020-12-05,question_user_day,4,1,0.25
2020-12-06,answer_user_day,1,0,0.0
2020-12-06,comment_only_user_day,10,5,0.5
2020-12-06,question_user_day,2,2,1.0
2020-12-07,answer_user_day,12,5,0.4166666666666667
2020-12-07,comment_only_user_day,25,8,0.32
2020-12-07,question_user_day,11,5,0.45454545454545453
2020-12-08,answer_user_day,9,1,0.1111111111111111
2020-12-08,comment_only_user_day,30,2,0.06666666666666667
2020-12-08,question_user_day,5,2,0.4
2020-12-09,answer_user_day,3,0,0.0
2020-12-09,comment_only_user_day,14,5,0.35714285714285715
2020-12-09,question_user_day,3,0,0.0
2020-12-10,answer_user_day,8,3,0.375
2020-12-10,comment_only_user_day,8,2,0.25
2020-12-10,question_user_day,4,1,0.25
2020-12-11,answer_user_day,5,2,0.4
2020-12-11,comment_only_user_day,9,4,0.4444444444444444
2020-12-11,question_user_day,5,2,0.4
2020-12-12,answer_user_day,9,3,0.3333333333333333
2020-12-12,comment_only_user_day,16,4,0.25
2020-12-12,question_user_day,4,0,0.0
2020-12-13,answer_user_day,2,1,0.5
2020-12-13,comment_only_user_day,18,3,0.16666666666666666
2020-12-13,question_user_day,2,1,0.5
2020-12-14,answer_user_day,5,0,0.0
2020-12-14,comment_only_user_day,23,2,0.08695652173913043
2020-12-14,question_user_day,2,1,0.5
2020-12-15,answer_user_day,11,5,0.45454545454545453
2020-12-15,comment_only_user_day,16,4,0.25
2020-12-15,question_user_day,4,0,0.0
2020-12-16,answer_user_day,9,3,0.3333333333333333
2020-12-16,comment_only_user_day,22,2,0.09090909090909091
2020-12-16,question_user_day,1,0,0.0
2020-12-17,answer_user_day,6,2,0.3333333333333333
2020-12-17,comment_only_user_day,18,3,0.16666666666666666
2020-12-17,question_user_day,5,0,0.0
2020-12-18,answer_user_day,5,1,0.2
2020-12-18,comment_only_user_day,16,2,0.125
2020-12-18,question_user_day,3,0,0.0
2020-12-19,answer_user_day,7,3,0.42857142857142855
2020-12-19,comment_only_user_day,10,3,0.3
2020-12-19,question_user_day,3,2,0.6666666666666666
2020-12-20,answer_user_day,7,4,0.5714285714285714
2020-12-20,comment_only_user_day,12,4,0.3333333333333333
2020-12-20,question_user_day,2,1,0.5
2020-12-21,answer_user_day,11,1,0.09090909090909091
2020-12-21,comment_only_user_day,26,3,0.11538461538461539
2020-12-21,question_user_day,4,1,0.25
2020-12-22,answer_user_day,11,5,0.45454545454545453
2020-12-22,comment_only_user_day,17,4,0.23529411764705882
2020-12-22,question_user_day,4,2,0.5
2020-12-23,answer_user_day,8,1,0.125
2020-12-23,comment_only_user_day,30,6,0.2
2020-12-23,question_user_day,4,1,0.25
2020-12-24,answer_user_day,12,5,0.4166666666666667
2020-12-24,comment_only_user_day,21,3,0.14285714285714285
2020-12-24,question_user_day,3,0,0.0
2020-12-25,answer_user_day,6,3,0.5
2020-12-25,comment_only_user_day,20,3,0.15
2020-12-25,question_user_day,3,1,0.3333333333333333
2020-12-26,answer_user_day,7,4,0.5714285714285714
2020-12-26,comment_only_user_day,5,2,0.4
2020-12-26,question_user_day,4,2,0.5
2020-12-27,answer_user_day,2,0,0.0
2020-12-27,comment_only_user_day,25,3,0.12
2020-12-27,question_user_day,4,0,0.0
2020-12-28,answer_user_day,3,3,1.0
2020-12-28,comment_only_user_day,4,0,0.0
2020-12-28,question_user_day,1,1,1.0
2020-12-29,answer_user_day,8,5,0.625
2020-12-29,comment_only_user_day,16,8,0.5
2020-12-29,question_user_day,5,1,0.2
2020-12-30,answer_user_day,12,4,0.3333333333333333
2020-12-30,comment_only_user_day,24,8,0.3333333333333333
2020-12-30,question_user_day,3,1,0.3333333333333333
2020-12-31,answer_user_day,15,6,0.4
2020-12-31,comment_only_user_day,21,3,0.14285714285714285
2020-12-31,question_user_day,4,0,0.0
2021-01-01,answer_user_day,5,2,0.4
2021-01-01,comment_only_user_day,20,2,0.1
2021-01-01,question_user_day,6,5,0.8333333333333334
2021-01-02,answer_user_day,5,0,0.0
2021-01-02,comment_only_user_day,13,1,0.07692307692307693
2021-01-02,question_user_day,1,0,0.0
2021-01-03,answer_user_day,3,0,0.0
2021-01-03,comment_only_user_day,9,1,0.1111111111111111
2021-01-03,question_user_day,3,0,0.0
2021-01-04,answer_user_day,4,3,0.75
2021-01-04,comment_only_user_day,15,4,0.26666666666666666
2021-01-04,question_user_day,3,0,0.0
2021-01-05,answer_user_day,7,1,0.14285714285714285
2021-01-05,comment_only_user_day,32,3,0.09375
2021-01-05,question_user_day,5,2,0.4
2021-01-06,answer_user_day,1,1,1.0
2021-01-06,comment_only_user_day,15,3,0.2
2021-01-06,question_user_day,3,1,0.3333333333333333
2021-01-07,answer_user_day,9,2,0.2222222222222222
2021-01-07,comment_only_user_day,18,3,0.16666666666666666
2021-01-07,question_user_day,2,0,0.0
2021-01-08,answer_user_day,3,0,0.0
2021-01-08,comment_only_user_day,17,6,0.35294117647058826
2021-01-08,question_user_day,4,2,0.5
2021-01-09,answer_user_day,7,4,0.5714285714285714
2021-01-09,comment_only_user_day,10,3,0.3
2021-01-09,question_user_day,3,2,0.6666666666666666
2021-01-10,answer_user_day,5,2,0.4
2021-01-10,comment_only_user_day,26,9,0.34615384615384615
2021-01-10,question_user_day,2,1,0.5
2021-01-11,answer_user_day,12,5,0.4166666666666667
2021-01-11,comment_only_user_day,29,3,0.10344827586206896
2021-01-11,question_user_day,5,0,0.0
2021-01-12,answer_user_day,8,3,0.375
2021-01-12,comment_only_user_day,25,2,0.08
2021-01-12,question_user_day,2,0,0.0
2021-01-13,answer_user_day,9,2,0.2222222222222222
2021-01-13,comment_only_user_day,21,3,0.14285714285714285
2021-01-13,question_user_day,2,0,0.0
2021-01-14,answer_user_day,4,2,0.5
2021-01-14,comment_only_user_day,14,4,0.2857142857142857
2021-01-14,question_user_day,4,0,0.0
2021-01-15,answer_user_day,9,4,0.4444444444444444
2021-01-15,comment_only_user_day,32,3,0.09375
2021-01-15,question_user_day,4,1,0.25
2021-01-16,answer_user_day,6,1,0.16666666666666666
2021-01-16,comment_only_user_day,15,3,0.2
2021-01-16,question_user_day,3,2,0.6666666666666666
2021-01-17,answer_user_day,3,0,0.0
2021-01-17,comment_only_user_day,22,7,0.3181818181818182
2021-01-17,question_user_day,5,3,0.6
2021-01-18,answer_user_day,8,3,0.375
2021-01-18,comment_only_user_day,37,13,0.35135135135135137
2021-01-18,question_user_day,7,4,0.5714285714285714
2021-01-19,answer_user_day,6,2,0.3333333333333333
2021-01-19,comment_only_user_day,32,9,0.28125
2021-01-19,question_user_day,6,4,0.6666666666666666
2021-01-20,answer_user_day,10,4,0.4
2021-01-20,comment_only_user_day,20,2,0.1
2021-01-20,question_user_day,3,1,0.3333333333333333
2021-01-21,answer_user_day,7,4,0.5714285714285714
2021-01-21,comment_only_user_day,22,5,0.22727272727272727
2021-01-21,question_user_day,8,2,0.25
2021-01-22,answer_user_day,4,2,0.5
2021-01-22,comment_only_user_day,18,5,0.2777777777777778
2021-01-22,question_user_day,3,0,0.0
2021-01-23,answer_user_day,5,3,0.6
2021-01-23,comment_only_user_day,22,6,0.2727272727272727
2021-01-23,question_user_day,5,2,0.4
2021-01-24,answer_user_day,6,3,0.5
2021-01-24,comment_only_user_day,25,4,0.16
2021-01-24,question_user_day,4,1,0.25
2021-01-25,answer_user_day,5,5,1.0
2021-01-25,comment_only_user_day,25,6,0.24
2021-01-25,question_user_day,2,0,0.0
2021-01-26,answer_user_day,7,3,0.42857142857142855
2021-01-26,comment_only_user_day,16,3,0.1875
2021-01-26,question_user_day,2,0,0.0
2021-01-27,answer_user_day,4,0,0.0
2021-01-27,comment_only_user_day,37,7,0.1891891891891892
2021-01-27,question_user_day,1,0,0.0
2021-01-28,answer_user_day,6,3,0.5
2021-01-28,comment_only_user_day,14,5,0.35714285714285715
2021-01-28,question_user_day,3,2,0.6666666666666666
2021-01-29,answer_user_day,6,2,0.3333333333333333
2021-01-29,comment_only_user_day,24,5,0.20833333333333334
2021-01-29,question_user_day,5,2,0.4
2021-01-30,answer_user_day,5,3,0.6
2021-01-30,comment_only_user_day,9,4,0.4444444444444444
2021-01-30,question_user_day,7,1,0.14285714285714285
2021-01-31,answer_user_day,3,1,0.3333333333333333
2021-01-31,comment_only_user_day,14,1,0.07142857142857142
2021-01-31,question_user_day,3,0,0.0
2021-02-01,answer_user_day,6,2,0.3333333333333333
2021-02-01,comment_only_user_day,17,8,0.47058823529411764
2021-02-01,question_user_day,6,2,0.3333333333333333
2021-02-02,answer_user_day,5,2,0.4
2021-02-02,comment_only_user_day,24,5,0.20833333333333334
2021-02-02,question_user_day,4,1,0.25
2021-02-03,comment_only_user_day,16,3,0.1875
2021-02-03,question_user_day,1,0,0.0
2021-02-04,answer_user_day,8,4,0.5
2021-02-04,comment_only_user_day,11,1,0.09090909090909091
2021-02-04,question_user_day,5,0,0.0
2021-02-05,answer_user_day,13,1,0.07692307692307693
2021-02-05,comment_only_user_day,23,1,0.043478260869565216
2021-02-05,question_user_day,4,2,0.5
2021-02-06,answer_user_day,7,0,0.0
2021-02-06,comment_only_user_day,19,2,0.10526315789473684
2021-02-06,question_user_day,2,0,0.0
2021-02-07,answer_user_day,4,2,0.5
2021-02-07,comment_only_user_day,10,3,0.3
2021-02-07,question_user_day,2,1,0.5
2021-02-08,answer_user_day,5,3,0.6
2021-02-08,comment_only_user_day,19,5,0.2631578947368421
2021-02-08,question_user_day,3,1,0.3333333333333333
2021-02-09,answer_user_day,5,1,0.2
2021-02-09,comment_only_user_day,17,3,0.17647058823529413
2021-02-09,question_user_day,3,1,0.3333333333333333
2021-02-10,answer_user_day,7,1,0.14285714285714285
2021-02-10,comment_only_user_day,19,3,0.15789473684210525
2021-02-10,question_user_day,4,1,0.25
2021-02-11,answer_user_day,3,1,0.3333333333333333
2021-02-11,comment_only_user_day,18,2,0.1111111111111111
2021-02-11,question_user_day,2,0,0.0
2021-02-12,answer_user_day,1,0,0.0
2021-02-12,comment_only_user_day,6,3,0.5
2021-02-13,answer_user_day,3,2,0.6666666666666666
2021-02-13,comment_only_user_day,13,1,0.07692307692307693
2021-02-13,question_user_day,6,3,0.5
2021-02-14,answer_user_day,2,0,0.0
2021-02-14,comment_only_user_day,11,2,0.18181818181818182
2021-02-14,question_user_day,3,1,0.3333333333333333
2021-02-15,answer_user_day,5,2,0.4
2021-02-15,comment_only_user_day,13,0,0.0
2021-02-15,question_user_day,3,3,1.0
2021-02-16,answer_user_day,2,0,0.0
2021-02-16,comment_only_user_day,12,5,0.4166666666666667
2021-02-16,question_user_day,2,1,0.5
2021-02-17,answer_user_day,4,3,0.75
2021-02-17,comment_only_user_day,15,2,0.13333333333333333
2021-02-17,question_user_day,2,1,0.5
2021-02-18,answer_user_day,4,1,0.25
2021-02-18,comment_only_user_day,16,4,0.25
2021-02-18,question_user_day,5,2,0.4
2021-02-19,answer_user_day,6,2,0.3333333333333333
2021-02-19,comment_only_user_day,8,2,0.25
2021-02-19,question_user_day,1,0,0.0
2021-02-20,answer_user_day,2,0,0.0
2021-02-20,comment_only_user_day,4,1,0.25
2021-02-20,question_user_day,3,1,0.3333333333333333
2021-02-21,answer_user_day,5,0,0.0
2021-02-21,comment_only_user_day,6,2,0.3333333333333333
2021-02-21,question_user_day,5,0,0.0
2021-02-22,answer_user_day,7,1,0.14285714285714285
2021-02-22,comment_only_user_day,12,1,0.08333333333333333
2021-02-22,question_user_day,3,0,0.0
2021-02-23,answer_user_day,3,1,0.3333333333333333
2021-02-23,comment_only_user_day,10,2,0.2
2021-02-23,question_user_day,1,0,0.0
2021-02-24,answer_user_day,4,3,0.75
2021-02-24,comment_only_user_day,20,5,0.25
2021-02-24,question_user_day,5,3,0.6
2021-02-25,answer_user_day,3,3,1.0
2021-02-25,comment_only_user_day,23,4,0.17391304347826086
2021-02-25,question_user_day,3,0,0.0
2021-02-26,answer_user_day,5,3,0.6
2021-02-26,comment_only_user_day,27,3,0.1111111111111111
2021-02-26,question_user_day,2,0,0.0
2021-02-27,answer_user_day,3,2,0.6666666666666666
2021-02-27,comment_only_user_day,17,4,0.23529411764705882
2021-02-27,question_user_day,5,1,0.2
2021-02-28,answer_user_day,6,2,0.3333333333333333
2021-02-28,comment_only_user_day,11,2,0.18181818181818182
2021-02-28,question_user_day,3,1,0.3333333333333333
2021-03-01,answer_user_day,3,2,0.6666666666666666
2021-03-01,comment_only_user_day,14,6,0.42857142857142855
2021-03-01,question_user_day,3,2,0.6666666666666666
2021-03-02,answer_user_day,11,2,0.18181818181818182
2021-03-02,comment_only_user_day,25,2,0.08
2021-03-02,question_user_day,10,2,0.2
2021-03-03,answer_user_day,2,0,0.0
2021-03-03,comment_only_user_day,22,4,0.18181818181818182
2021-03-03,question_user_day,2,0,0.0
2021-03-04,answer_user_day,4,0,0.0
2021-03-04,comment_only_user_day,14,1,0.07142857142857142
2021-03-04,question_user_day,4,0,0.0
2021-03-05,answer_user_day,2,0,0.0
2021-03-05,comment_only_user_day,10,0,0.0
2021-03-05,question_user_day,1,0,0.0
2021-03-06,answer_user_day,3,3,1.0
2021-03-06,comment_only_user_day,10,4,0.4
2021-03-06,question_user_day,3,1,0.3333333333333333
2021-03-07,answer_user_day,7,1,0.14285714285714285
2021-03-07,comment_only_user_day,12,4,0.3333333333333333
2021-03-07,question_user_day,4,2,0.5
2021-03-08,answer_user_day,5,1,0.2
2021-03-08,comment_only_user_day,19,6,0.3157894736842105
2021-03-08,question_user_day,5,1,0.2
2021-03-09,answer_user_day,8,3,0.375
2021-03-09,comment_only_user_day,18,7,0.3888888888888889
2021-03-09,question_user_day,6,1,0.16666666666666666
2021-03-10,answer_user_day,11,4,0.36363636363636365
2021-03-10,comment_only_user_day,24,3,0.125
2021-03-10,question_user_day,8,3,0.375
2021-03-11,answer_user_day,7,4,0.5714285714285714
2021-03-11,comment_only_user_day,24,9,0.375
2021-03-11,question_user_day,5,1,0.2
2021-03-12,answer_user_day,9,4,0.4444444444444444
2021-03-12,comment_only_user_day,12,1,0.08333333333333333
2021-03-12,question_user_day,5,3,0.6
2021-03-13,answer_user_day,5,3,0.6
2021-03-13,comment_only_user_day,9,1,0.1111111111111111
2021-03-13,question_user_day,3,1,0.3333333333333333
2021-03-14,answer_user_day,3,1,0.3333333333333333
2021-03-14,comment_only_user_day,11,2,0.18181818181818182
2021-03-14,question_user_day,1,0,0.0
2021-03-15,answer_user_day,4,3,0.75
2021-03-15,comment_only_user_day,10,1,0.1
2021-03-15,question_user_day,4,2,0.5
2021-03-16,answer_user_day,4,2,0.5
2021-03-16,comment_only_user_day,17,2,0.11764705882352941
2021-03-16,question_user_day,1,0,0.0
2021-03-17,answer_user_day,3,0,0.0
2021-03-17,comment_only_user_day,17,2,0.11764705882352941
2021-03-17,question_user_day,5,0,0.0
2021-03-18,answer_user_day,4,1,0.25
2021-03-18,comment_only_user_day,9,3,0.3333333333333333
2021-03-18,question_user_day,3,0,0.0
2021-03-19,answer_user_day,11,2,0.18181818181818182
2021-03-19,comment_only_user_day,9,1,0.1111111111111111
2021-03-19,question_user_day,3,0,0.0
2021-03-20,answer_user_day,3,0,0.0
2021-03-20,comment_only_user_day,7,2,0.2857142857142857
2021-03-20,question_user_day,2,0,0.0
2021-03-21,answer_user_day,5,0,0.0
2021-03-21,comment_only_user_day,11,2,0.18181818181818182
2021-03-21,question_user_day,5,2,0.4
2021-03-22,answer_user_day,7,3,0.42857142857142855
2021-03-22,comment_only_user_day,14,3,0.21428571428571427
2021-03-22,question_user_day,5,1,0.2
2021-03-23,answer_user_day,5,5,1.0
2021-03-23,comment_only_user_day,22,7,0.3181818181818182
2021-03-23,question_user_day,4,1,0.25
2021-03-24,answer_user_day,9,2,0.2222222222222222
2021-03-24,comment_only_user_day,17,7,0.4117647058823529
2021-03-24,question_user_day,5,2,0.4
2021-03-25,answer_user_day,14,7,0.5
2021-03-25,comment_only_user_day,16,3,0.1875
2021-03-25,question_user_day,3,1,0.3333333333333333
2021-03-26,answer_user_day,10,4,0.4
2021-03-26,comment_only_user_day,18,3,0.16666666666666666
2021-03-26,question_user_day,4,1,0.25
2021-03-27,answer_user_day,4,3,0.75
2021-03-27,comment_only_user_day,21,5,0.23809523809523808
2021-03-27,question_user_day,2,2,1.0
2021-03-28,answer_user_day,5,0,0.0
2021-03-28,comment_only_user_day,12,6,0.5
2021-03-28,question_user_day,3,0,0.0
2021-03-29,answer_user_day,8,1,0.125
2021-03-29,comment_only_user_day,17,4,0.23529411764705882
2021-03-29,question_user_day,2,0,0.0
2021-03-30,answer_user_day,6,1,0.16666666666666666
2021-03-30,comment_only_user_day,17,4,0.23529411764705882
2021-03-30,question_user_day,5,3,0.6
2021-03-31,answer_user_day,7,2,0.2857142857142857
2021-03-31,comment_only_user_day,18,5,0.2777777777777778
2021-03-31,question_user_day,5,0,0.0
2021-04-01,answer_user_day,9,4,0.4444444444444444
2021-04-01,comment_only_user_day,12,2,0.16666666666666666
2021-04-01,question_user_day,1,1,1.0
2021-04-02,answer_user_day,11,1,0.09090909090909091
2021-04-02,comment_only_user_day,17,5,0.29411764705882354
2021-04-02,question_user_day,6,0,0.0
2021-04-03,answer_user_day,6,3,0.5
2021-04-03,comment_only_user_day,15,3,0.2
2021-04-03,question_user_day,2,0,0.0
2021-04-04,answer_user_day,7,4,0.5714285714285714
2021-04-04,comment_only_user_day,28,5,0.17857142857142858
2021-04-04,question_user_day,5,2,0.4
2021-04-05,answer_user_day,7,4,0.5714285714285714
2021-04-05,comment_only_user_day,22,5,0.22727272727272727
2021-04-05,question_user_day,7,0,0.0
2021-04-06,answer_user_day,6,1,0.16666666666666666
2021-04-06,comment_only_user_day,23,3,0.13043478260869565
2021-04-06,question_user_day,3,1,0.3333333333333333
2021-04-07,answer_user_day,6,0,0.0
2021-04-07,comment_only_user_day,8,4,0.5
2021-04-07,question_user_day,1,0,0.0
2021-04-08,answer_user_day,4,1,0.25
2021-04-08,comment_only_user_day,10,2,0.2
2021-04-08,question_user_day,4,2,0.5
2021-04-09,answer_user_day,5,1,0.2
2021-04-09,comment_only_user_day,17,1,0.058823529411764705
2021-04-09,question_user_day,5,0,0.0
2021-04-10,answer_user_day,3,1,0.3333333333333333
2021-04-10,comment_only_user_day,12,4,0.3333333333333333
2021-04-10,question_user_day,5,3,0.6
2021-04-11,answer_user_day,7,4,0.5714285714285714
2021-04-11,comment_only_user_day,21,8,0.38095238095238093
2021-04-11,question_user_day,4,3,0.75
2021-04-12,answer_user_day,10,4,0.4
2021-04-12,comment_only_user_day,21,4,0.19047619047619047
2021-04-12,question_user_day,3,0,0.0
2021-04-13,answer_user_day,5,2,0.4
2021-04-13,comment_only_user_day,15,1,0.06666666666666667
2021-04-13,question_user_day,3,0,0.0
2021-04-14,answer_user_day,3,2,0.6666666666666666
2021-04-14,comment_only_user_day,8,1,0.125
2021-04-14,question_user_day,4,2,0.5
2021-04-15,comment_only_user_day,14,6,0.42857142857142855
2021-04-15,question_user_day,4,1,0.25
2021-04-16,answer_user_day,3,2,0.6666666666666666
2021-04-16,comment_only_user_day,17,4,0.23529411764705882
2021-04-16,question_user_day,3,1,0.3333333333333333
2021-04-17,answer_user_day,7,3,0.42857142857142855
2021-04-17,comment_only_user_day,21,1,0.047619047619047616
2021-04-17,question_user_day,2,0,0.0
2021-04-18,answer_user_day,3,2,0.6666666666666666
2021-04-18,comment_only_user_day,8,2,0.25
2021-04-18,question_user_day,4,1,0.25
2021-04-19,answer_user_day,3,3,1.0
2021-04-19,comment_only_user_day,13,3,0.23076923076923078
2021-04-19,question_user_day,4,1,0.25
2021-04-20,answer_user_day,5,3,0.6
2021-04-20,comment_only_user_day,20,5,0.25
2021-04-20,question_user_day,5,0,0.0
2021-04-21,answer_user_day,3,1,0.3333333333333333
2021-04-21,comment_only_user_day,17,4,0.23529411764705882
2021-04-21,question_user_day,3,1,0.3333333333333333
2021-04-22,answer_user_day,7,1,0.14285714285714285
2021-04-22,comment_only_user_day,16,5,0.3125
2021-04-22,question_user_day,2,1,0.5
2021-04-23,answer_user_day,10,0,0.0
2021-04-23,comment_only_user_day,22,4,0.18181818181818182
2021-04-23,question_user_day,3,1,0.3333333333333333
2021-04-24,answer_user_day,6,1,0.16666666666666666
2021-04-24,comment_only_user_day,10,2,0.2
2021-04-24,question_user_day,2,1,0.5
2021-04-25,answer_user_day,6,4,0.6666666666666666
2021-04-25,comment_only_user_day,10,4,0.4
2021-04-25,question_user_day,3,1,0.3333333333333333
2021-04-26,answer_user_day,4,1,0.25
2021-04-26,comment_only_user_day,15,5,0.3333333333333333
2021-04-26,question_user_day,3,1,0.3333333333333333
2021-04-27,answer_user_day,2,0,0.0
2021-04-27,comment_only_user_day,14,4,0.2857142857142857
2021-04-27,question_user_day,2,0,0.0
2021-04-28,answer_user_day,4,1,0.25
2021-04-28,comment_only_user_day,8,4,0.5
2021-04-28,question_user_day,4,1,0.25
2021-04-29,answer_user_day,4,2,0.5
2021-04-29,comment_only_user_day,27,7,0.25925925925925924
2021-04-29,question_user_day,4,1,0.25
2021-04-30,answer_user_day,4,1,0.25
2021-04-30,comment_only_user_day,19,2,0.10526315789473684
2021-04-30,question_user_day,1,0,0.0
2021-05-01,answer_user_day,3,1,0.3333333333333333
2021-05-01,comment_only_user_day,11,3,0.2727272727272727
2021-05-01,question_user_day,4,1,0.25
2021-05-02,answer_user_day,4,2,0.5
2021-05-02,comment_only_user_day,27,5,0.18518518518518517
2021-05-02,question_user_day,4,2,0.5
2021-05-03,answer_user_day,3,1,0.3333333333333333
2021-05-03,comment_only_user_day,27,6,0.2222222222222222
2021-05-03,question_user_day,2,1,0.5
2021-05-04,answer_user_day,4,3,0.75
2021-05-04,comment_only_user_day,21,6,0.2857142857142857
2021-05-04,question_user_day,9,0,0.0
2021-05-05,answer_user_day,10,2,0.2
2021-05-05,comment_only_user_day,23,4,0.17391304347826086
2021-05-05,question_user_day,7,0,0.0
2021-05-06,answer_user_day,3,0,0.0
2021-05-06,comment_only_user_day,12,4,0.3333333333333333
2021-05-06,question_user_day,2,0,0.0
2021-05-07,answer_user_day,12,6,0.5
2021-05-07,comment_only_user_day,12,5,0.4166666666666667
2021-05-07,question_user_day,6,4,0.6666666666666666
2021-05-08,answer_user_day,5,1,0.2
2021-05-08,comment_only_user_day,18,6,0.3333333333333333
2021-05-08,question_user_day,5,1,0.2
2021-05-09,answer_user_day,5,3,0.6
2021-05-09,comment_only_user_day,24,6,0.25
2021-05-09,question_user_day,4,3,0.75
2021-05-10,answer_user_day,5,3,0.6
2021-05-10,comment_only_user_day,25,5,0.2
2021-05-10,question_user_day,3,0,0.0
2021-05-11,answer_user_day,4,2,0.5
2021-05-11,comment_only_user_day,12,1,0.08333333333333333
2021-05-11,question_user_day,4,0,0.0
2021-05-12,answer_user_day,4,0,0.0
2021-05-12,comment_only_user_day,13,5,0.38461538461538464
2021-05-12,question_user_day,5,1,0.2
2021-05-13,answer_user_day,3,2,0.6666666666666666
2021-05-13,comment_only_user_day,18,6,0.3333333333333333
2021-05-13,question_user_day,4,1,0.25
2021-05-14,answer_user_day,9,4,0.4444444444444444
2021-05-14,comment_only_user_day,20,7,0.35
2021-05-14,question_user_day,5,2,0.4
2021-05-15,answer_user_day,8,1,0.125
2021-05-15,comment_only_user_day,22,5,0.22727272727272727
2021-05-15,question_user_day,4,0,0.0
2021-05-16,answer_user_day,6,2,0.3333333333333333
2021-05-16,comment_only_user_day,17,6,0.35294117647058826
2021-05-16,question_user_day,3,0,0.0
2021-05-17,answer_user_day,5,2,0.4
2021-05-17,comment_only_user_day,19,4,0.21052631578947367
2021-05-17,question_user_day,5,2,0.4
2021-05-18,answer_user_day,4,0,0.0
2021-05-18,comment_only_user_day,20,4,0.2
2021-05-18,question_user_day,7,4,0.5714285714285714
2021-05-19,answer_user_day,4,2,0.5
2021-05-19,comment_only_user_day,16,3,0.1875
2021-05-19,question_user_day,1,0,0.0
2021-05-20,answer_user_day,6,2,0.3333333333333333
2021-05-20,comment_only_user_day,16,6,0.375
2021-05-20,question_user_day,4,1,0.25
2021-05-21,answer_user_day,6,1,0.16666666666666666
2021-05-21,comment_only_user_day,16,3,0.1875
2021-05-21,question_user_day,4,2,0.5
2021-05-22,answer_user_day,3,3,1.0
2021-05-22,comment_only_user_day,10,2,0.2
2021-05-22,question_user_day,2,0,0.0
2021-05-23,answer_user_day,5,1,0.2
2021-05-23,comment_only_user_day,11,4,0.36363636363636365
2021-05-23,question_user_day,5,2,0.4
2021-05-24,answer_user_day,3,3,1.0
2021-05-24,comment_only_user_day,13,3,0.23076923076923078
2021-05-24,question_user_day,4,1,0.25
2021-05-25,answer_user_day,3,2,0.6666666666666666
2021-05-25,comment_only_user_day,19,7,0.3684210526315789
2021-05-25,question_user_day,4,1,0.25
2021-05-26,answer_user_day,7,3,0.42857142857142855
2021-05-26,comment_only_user_day,20,5,0.25
2021-05-26,question_user_day,7,2,0.2857142857142857
2021-05-27,answer_user_day,12,5,0.4166666666666667
2021-05-27,comment_only_user_day,28,2,0.07142857142857142
2021-05-27,question_user_day,6,0,0.0
2021-05-28,answer_user_day,9,3,0.3333333333333333
2021-05-28,comment_only_user_day,25,6,0.24
2021-05-28,question_user_day,6,1,0.16666666666666666
2021-05-29,answer_user_day,12,6,0.5
2021-05-29,comment_only_user_day,15,4,0.26666666666666666
2021-05-29,question_user_day,4,2,0.5
2021-05-30,answer_user_day,12,3,0.25
2021-05-30,comment_only_user_day,22,5,0.22727272727272727
2021-05-30,question_user_day,7,1,0.14285714285714285
2021-05-31,answer_user_day,4,1,0.25
2021-05-31,comment_only_user_day,23,8,0.34782608695652173
2021-05-31,question_user_day,2,0,0.0
2021-06-01,answer_user_day,6,1,0.16666666666666666
2021-06-01,comment_only_user_day,27,6,0.2222222222222222
2021-06-01,question_user_day,6,0,0.0
2021-06-02,answer_user_day,6,0,0.0
2021-06-02,comment_only_user_day,19,3,0.15789473684210525
2021-06-02,question_user_day,4,1,0.25
2021-06-03,answer_user_day,4,0,0.0
2021-06-03,comment_only_user_day,9,1,0.1111111111111111
2021-06-03,question_user_day,2,0,0.0
2021-06-04,answer_user_day,2,1,0.5
2021-06-04,comment_only_user_day,7,2,0.2857142857142857
2021-06-04,question_user_day,5,1,0.2
2021-06-05,answer_user_day,6,3,0.5
2021-06-05,comment_only_user_day,26,5,0.19230769230769232
2021-06-05,question_user_day,3,2,0.6666666666666666
2021-06-06,answer_user_day,6,4,0.6666666666666666
2021-06-06,comment_only_user_day,19,6,0.3157894736842105
2021-06-06,question_user_day,2,1,0.5
2021-06-07,answer_user_day,8,5,0.625
2021-06-07,comment_only_user_day,30,7,0.23333333333333334
2021-06-07,question_user_day,6,3,0.5
2021-06-08,answer_user_day,14,5,0.35714285714285715
2021-06-08,comment_only_user_day,23,7,0.30434782608695654
2021-06-08,question_user_day,8,1,0.125
2021-06-09,answer_user_day,10,4,0.4
2021-06-09,comment_only_user_day,22,4,0.18181818181818182
2021-06-09,question_user_day,4,3,0.75
2021-06-10,answer_user_day,6,1,0.16666666666666666
2021-06-10,comment_only_user_day,13,2,0.15384615384615385
2021-06-10,question_user_day,2,1,0.5
2021-06-11,answer_user_day,8,2,0.25
2021-06-11,comment_only_user_day,17,7,0.4117647058823529
2021-06-11,question_user_day,6,1,0.16666666666666666
2021-06-12,answer_user_day,6,5,0.8333333333333334
2021-06-12,comment_only_user_day,12,1,0.08333333333333333
2021-06-12,question_user_day,2,1,0.5
2021-06-13,answer_user_day,3,0,0.0
2021-06-13,comment_only_user_day,14,6,0.42857142857142855
2021-06-13,question_user_day,2,1,0.5
2021-06-14,answer_user_day,8,4,0.5
2021-06-14,comment_only_user_day,25,7,0.28
2021-06-14,question_user_day,4,1,0.25
2021-06-15,answer_user_day,9,4,0.4444444444444444
2021-06-15,comment_only_user_day,26,7,0.2692307692307692
2021-06-15,question_user_day,8,1,0.125
2021-06-16,answer_user_day,3,0,0.0
2021-06-16,comment_only_user_day,33,6,0.18181818181818182
2021-06-16,question_user_day,5,2,0.4
2021-06-17,answer_user_day,5,0,0.0
2021-06-17,comment_only_user_day,27,5,0.18518518518518517
2021-06-17,question_user_day,3,1,0.3333333333333333
2021-06-18,answer_user_day,3,0,0.0
2021-06-18,comment_only_user_day,13,4,0.3076923076923077
2021-06-18,question_user_day,3,1,0.3333333333333333
2021-06-19,answer_user_day,5,3,0.6
2021-06-19,comment_only_user_day,11,1,0.09090909090909091
2021-06-19,question_user_day,4,2,0.5
2021-06-20,answer_user_day,3,2,0.6666666666666666
2021-06-20,comment_only_user_day,16,7,0.4375
2021-06-20,question_user_day,5,1,0.2
2021-06-21,answer_user_day,4,2,0.5
2021-06-21,comment_only_user_day,28,6,0.21428571428571427
2021-06-21,question_user_day,5,0,0.0
2021-06-22,answer_user_day,6,5,0.8333333333333334
2021-06-22,comment_only_user_day,21,6,0.2857142857142857
2021-06-22,question_user_day,8,3,0.375
2021-06-23,answer_user_day,8,6,0.75
2021-06-23,comment_only_user_day,20,11,0.55
2021-06-23,question_user_day,6,1,0.16666666666666666
2021-06-24,answer_user_day,11,4,0.36363636363636365
2021-06-24,comment_only_user_day,26,8,0.3076923076923077
2021-06-24,question_user_day,5,1,0.2
2021-06-25,answer_user_day,3,0,0.0
2021-06-25,comment_only_user_day,27,4,0.14814814814814814
2021-06-25,question_user_day,4,2,0.5
2021-06-26,answer_user_day,6,2,0.3333333333333333
2021-06-26,comment_only_user_day,17,2,0.11764705882352941
2021-06-26,question_user_day,2,0,0.0
2021-06-27,answer_user_day,3,2,0.6666666666666666
2021-06-27,comment_only_user_day,19,4,0.21052631578947367
2021-06-27,question_user_day,7,1,0.14285714285714285
2021-06-28,answer_user_day,4,0,0.0
2021-06-28,comment_only_user_day,23,4,0.17391304347826086
2021-06-28,question_user_day,6,0,0.0
2021-06-29,answer_user_day,3,2,0.6666666666666666
2021-06-29,comment_only_user_day,21,3,0.14285714285714285
2021-06-29,question_user_day,4,1,0.25
2021-06-30,answer_user_day,13,6,0.46153846153846156
2021-06-30,comment_only_user_day,16,9,0.5625
2021-06-30,question_user_day,4,2,0.5
2021-07-01,answer_user_day,16,6,0.375
2021-07-01,comment_only_user_day,38,11,0.2894736842105263
2021-07-01,question_user_day,6,4,0.6666666666666666
2021-07-02,answer_user_day,12,2,0.16666666666666666
2021-07-02,comment_only_user_day,32,2,0.0625
2021-07-02,question_user_day,5,2,0.4
2021-07-03,answer_user_day,4,1,0.25
2021-07-03,comment_only_user_day,14,0,0.0
2021-07-03,question_user_day,2,0,0.0
2021-07-04,answer_user_day,4,1,0.25
2021-07-04,comment_only_user_day,8,2,0.25
2021-07-04,question_user_day,6,1,0.16666666666666666
2021-07-05,answer_user_day,4,0,0.0
2021-07-05,comment_only_user_day,13,2,0.15384615384615385
2021-07-05,question_user_day,4,1,0.25
2021-07-06,answer_user_day,3,1,0.3333333333333333
2021-07-06,comment_only_user_day,7,1,0.14285714285714285
2021-07-06,question_user_day,3,0,0.0
2021-07-07,answer_user_day,7,4,0.5714285714285714
2021-07-07,comment_only_user_day,13,5,0.38461538461538464
2021-07-07,question_user_day,5,1,0.2
2021-07-08,answer_user_day,6,1,0.16666666666666666
2021-07-08,comment_only_user_day,26,8,0.3076923076923077
2021-07-08,question_user_day,8,1,0.125
2021-07-09,answer_user_day,5,0,0.0
2021-07-09,comment_only_user_day,24,1,0.041666666666666664
2021-07-10,answer_user_day,5,1,0.2
2021-07-10,comment_only_user_day,13,2,0.15384615384615385
2021-07-11,answer_user_day,8,1,0.125
2021-07-11,comment_only_user_day,8,1,0.125
2021-07-11,question_user_day,4,1,0.25
2021-07-12,answer_user_day,3,0,0.0
2021-07-12,comment_only_user_day,16,3,0.1875
2021-07-12,question_user_day,3,1,0.3333333333333333
2021-07-13,answer_user_day,9,3,0.3333333333333333
2021-07-13,comment_only_user_day,24,5,0.20833333333333334
2021-07-13,question_user_day,10,1,0.1
2021-07-14,answer_user_day,8,4,0.5
2021-07-14,comment_only_user_day,17,5,0.29411764705882354
2021-07-14,question_user_day,8,1,0.125
2021-07-15,answer_user_day,8,4,0.5
2021-07-15,comment_only_user_day,18,5,0.2777777777777778
2021-07-15,question_user_day,4,2,0.5
2021-07-16,answer_user_day,6,3,0.5
2021-07-16,comment_only_user_day,24,3,0.125
2021-07-16,question_user_day,5,0,0.0
2021-07-17,answer_user_day,3,1,0.3333333333333333
2021-07-17,comment_only_user_day,14,4,0.2857142857142857
2021-07-17,question_user_day,4,2,0.5
2021-07-18,answer_user_day,2,1,0.5
2021-07-18,comment_only_user_day,10,3,0.3
2021-07-18,question_user_day,1,0,0.0
2021-07-19,answer_user_day,3,1,0.3333333333333333
2021-07-19,comment_only_user_day,10,4,0.4
2021-07-19,question_user_day,4,0,0.0
2021-07-20,answer_user_day,4,3,0.75
2021-07-20,comment_only_user_day,15,5,0.3333333333333333
2021-07-20,question_user_day,3,0,0.0
2021-07-21,answer_user_day,4,1,0.25
2021-07-21,comment_only_user_day,15,5,0.3333333333333333
2021-07-21,question_user_day,4,0,0.0
2021-07-22,answer_user_day,4,2,0.5
2021-07-22,comment_only_user_day,14,7,0.5
2021-07-22,question_user_day,4,0,0.0
2021-07-23,answer_user_day,9,3,0.3333333333333333
2021-07-23,comment_only_user_day,30,6,0.2
2021-07-23,question_user_day,8,2,0.25
2021-07-24,answer_user_day,11,2,0.18181818181818182
2021-07-24,comment_only_user_day,16,5,0.3125
2021-07-24,question_user_day,3,1,0.3333333333333333
2021-07-25,answer_user_day,7,3,0.42857142857142855
2021-07-25,comment_only_user_day,20,8,0.4
2021-07-25,question_user_day,4,2,0.5
2021-07-26,answer_user_day,9,1,0.1111111111111111
2021-07-26,comment_only_user_day,40,6,0.15
2021-07-26,question_user_day,3,0,0.0
2021-07-27,answer_user_day,7,3,0.42857142857142855
2021-07-27,comment_only_user_day,16,4,0.25
2021-07-27,question_user_day,2,1,0.5
2021-07-28,answer_user_day,3,1,0.3333333333333333
2021-07-28,comment_only_user_day,16,8,0.5
2021-07-28,question_user_day,8,0,0.0
2021-07-29,answer_user_day,5,4,0.8
2021-07-29,comment_only_user_day,29,5,0.1724137931034483
2021-07-29,question_user_day,6,0,0.0
2021-07-30,answer_user_day,10,1,0.1
2021-07-30,comment_only_user_day,16,2,0.125
2021-07-30,question_user_day,7,1,0.14285714285714285
2021-07-31,answer_user_day,3,1,0.3333333333333333
2021-07-31,comment_only_user_day,14,5,0.35714285714285715
2021-07-31,question_user_day,5,2,0.4
2021-08-01,answer_user_day,8,5,0.625
2021-08-01,comment_only_user_day,9,4,0.4444444444444444
2021-08-01,question_user_day,5,3,0.6
2021-08-02,answer_user_day,10,1,0.1
2021-08-02,comment_only_user_day,24,5,0.20833333333333334
2021-08-02,question_user_day,7,1,0.14285714285714285
2021-08-03,answer_user_day,9,3,0.3333333333333333
2021-08-03,comment_only_user_day,30,2,0.06666666666666667
2021-08-03,question_user_day,4,0,0.0
2021-08-04,answer_user_day,6,2,0.3333333333333333
2021-08-04,comment_only_user_day,20,1,0.05
2021-08-04,question_user_day,7,2,0.2857142857142857
2021-08-05,answer_user_day,4,2,0.5
2021-08-05,comment_only_user_day,17,1,0.058823529411764705
2021-08-05,question_user_day,3,0,0.0
2021-08-06,answer_user_day,4,0,0.0
2021-08-06,comment_only_user_day,6,2,0.3333333333333333
2021-08-06,question_user_day,3,1,0.3333333333333333
2021-08-07,comment_only_user_day,12,8,0.6666666666666666
2021-08-07,question_user_day,1,0,0.0
2021-08-08,answer_user_day,7,2,0.2857142857142857
2021-08-08,comment_only_user_day,10,1,0.1
2021-08-08,question_user_day,6,2,0.3333333333333333
2021-08-09,answer_user_day,3,2,0.6666666666666666
2021-08-09,comment_only_user_day,12,3,0.25
2021-08-09,question_user_day,3,1,0.3333333333333333
2021-08-10,answer_user_day,4,2,0.5
2021-08-10,comment_only_user_day,20,2,0.1
2021-08-10,question_user_day,8,3,0.375
2021-08-11,answer_user_day,8,2,0.25
2021-08-11,comment_only_user_day,13,2,0.15384615384615385
2021-08-11,question_user_day,5,2,0.4
2021-08-12,answer_user_day,9,3,0.3333333333333333
2021-08-12,comment_only_user_day,17,2,0.11764705882352941
2021-08-12,question_user_day,2,2,1.0
2021-08-13,answer_user_day,5,0,0.0
2021-08-13,comment_only_user_day,15,4,0.26666666666666666
2021-08-13,question_user_day,5,1,0.2
2021-08-14,answer_user_day,5,2,0.4
2021-08-14,comment_only_user_day,15,3,0.2
2021-08-14,question_user_day,3,0,0.0
2021-08-15,answer_user_day,7,4,0.5714285714285714
2021-08-15,comment_only_user_day,12,5,0.4166666666666667
2021-08-15,question_user_day,8,2,0.25
2021-08-16,answer_user_day,8,2,0.25
2021-08-16,comment_only_user_day,38,8,0.21052631578947367
2021-08-17,answer_user_day,11,5,0.45454545454545453
2021-08-17,comment_only_user_day,14,4,0.2857142857142857
2021-08-17,question_user_day,7,2,0.2857142857142857
2021-08-18,answer_user_day,13,0,0.0
2021-08-18,comment_only_user_day,37,4,0.10810810810810811
2021-08-18,question_user_day,2,1,0.5
2021-08-19,answer_user_day,2,1,0.5
2021-08-19,comment_only_user_day,21,4,0.19047619047619047
2021-08-19,question_user_day,2,0,0.0
2021-08-20,answer_user_day,4,2,0.5
2021-08-20,comment_only_user_day,17,5,0.29411764705882354
2021-08-20,question_user_day,5,1,0.2
2021-08-21,answer_user_day,5,1,0.2
2021-08-21,comment_only_user_day,13,3,0.23076923076923078
2021-08-21,question_user_day,7,3,0.42857142857142855
2021-08-22,answer_user_day,8,2,0.25
2021-08-22,comment_only_user_day,23,6,0.2608695652173913
2021-08-22,question_user_day,4,2,0.5
2021-08-23,answer_user_day,11,3,0.2727272727272727
2021-08-23,comment_only_user_day,28,6,0.21428571428571427
2021-08-23,question_user_day,3,0,0.0
2021-08-24,answer_user_day,11,4,0.36363636363636365
2021-08-24,comment_only_user_day,27,6,0.2222222222222222
2021-08-24,question_user_day,4,1,0.25
2021-08-25,answer_user_day,5,2,0.4
2021-08-25,comment_only_user_day,21,5,0.23809523809523808
2021-08-25,question_user_day,8,4,0.5
2021-08-26,answer_user_day,4,2,0.5
2021-08-26,comment_only_user_day,20,3,0.15
2021-08-26,question_user_day,4,3,0.75
2021-08-27,answer_user_day,10,4,0.4
2021-08-27,comment_only_user_day,12,3,0.25
2021-08-27,question_user_day,2,0,0.0
2021-08-28,answer_user_day,5,1,0.2
2021-08-28,comment_only_user_day,19,6,0.3157894736842105
2021-08-28,question_user_day,4,2,0.5
2021-08-29,answer_user_day,7,1,0.14285714285714285
2021-08-29,comment_only_user_day,22,7,0.3181818181818182
2021-08-29,question_user_day,5,1,0.2
2021-08-30,answer_user_day,11,6,0.5454545454545454
2021-08-30,comment_only_user_day,36,10,0.2777777777777778
2021-08-30,question_user_day,11,3,0.2727272727272727
2021-08-31,answer_user_day,16,5,0.3125
2021-08-31,comment_only_user_day,35,4,0.11428571428571428
2021-08-31,question_user_day,3,0,0.0
2021-09-01,answer_user_day,7,2,0.2857142857142857
2021-09-01,comment_only_user_day,26,5,0.19230769230769232
2021-09-01,question_user_day,5,2,0.4
2021-09-02,answer_user_day,7,3,0.42857142857142855
2021-09-02,comment_only_user_day,16,3,0.1875
2021-09-02,question_user_day,6,2,0.3333333333333333
2021-09-03,answer_user_day,5,0,0.0
2021-09-03,comment_only_user_day,15,4,0.26666666666666666
2021-09-03,question_user_day,1,0,0.0
2021-09-04,answer_user_day,4,0,0.0
2021-09-04,comment_only_user_day,20,5,0.25
2021-09-04,question_user_day,6,1,0.16666666666666666
2021-09-05,answer_user_day,4,0,0.0
2021-09-05,comment_only_user_day,21,2,0.09523809523809523
2021-09-05,question_user_day,4,1,0.25
2021-09-06,answer_user_day,3,1,0.3333333333333333
2021-09-06,comment_only_user_day,12,1,0.08333333333333333
2021-09-06,question_user_day,2,1,0.5
2021-09-07,answer_user_day,6,3,0.5
2021-09-07,comment_only_user_day,17,2,0.11764705882352941
2021-09-07,question_user_day,3,0,0.0
2021-09-08,answer_user_day,1,0,0.0
2021-09-08,comment_only_user_day,13,1,0.07692307692307693
2021-09-08,question_user_day,2,2,1.0
2021-09-09,answer_user_day,9,4,0.4444444444444444
2021-09-09,comment_only_user_day,13,2,0.15384615384615385
2021-09-09,question_user_day,4,1,0.25
2021-09-10,answer_user_day,6,3,0.5
2021-09-10,comment_only_user_day,19,4,0.21052631578947367
2021-09-10,question_user_day,4,2,0.5
2021-09-11,answer_user_day,8,3,0.375
2021-09-11,comment_only_user_day,21,7,0.3333333333333333
2021-09-11,question_user_day,6,3,0.5
2021-09-12,answer_user_day,7,5,0.7142857142857143
2021-09-12,comment_only_user_day,19,5,0.2631578947368421
2021-09-12,question_user_day,2,1,0.5
2021-09-13,answer_user_day,8,3,0.375
2021-09-13,comment_only_user_day,26,2,0.07692307692307693
2021-09-13,question_user_day,5,2,0.4
2021-09-14,answer_user_day,3,0,0.0
2021-09-14,comment_only_user_day,12,2,0.16666666666666666
2021-09-14,question_user_day,4,1,0.25
2021-09-15,answer_user_day,6,5,0.8333333333333334
2021-09-15,comment_only_user_day,11,3,0.2727272727272727
2021-09-15,question_user_day,5,2,0.4
2021-09-16,answer_user_day,10,2,0.2
2021-09-16,comment_only_user_day,22,5,0.22727272727272727
2021-09-16,question_user_day,5,1,0.2
2021-09-17,answer_user_day,8,5,0.625
2021-09-17,comment_only_user_day,34,3,0.08823529411764706
2021-09-17,question_user_day,6,1,0.16666666666666666
2021-09-18,answer_user_day,8,1,0.125
2021-09-18,comment_only_user_day,23,4,0.17391304347826086
2021-09-18,question_user_day,5,1,0.2
2021-09-19,answer_user_day,4,2,0.5
2021-09-19,comment_only_user_day,14,4,0.2857142857142857
2021-09-19,question_user_day,3,1,0.3333333333333333
2021-09-20,answer_user_day,5,1,0.2
2021-09-20,comment_only_user_day,22,4,0.18181818181818182
2021-09-20,question_user_day,4,2,0.5
2021-09-21,answer_user_day,5,3,0.6
2021-09-21,comment_only_user_day,12,5,0.4166666666666667
2021-09-21,question_user_day,3,1,0.3333333333333333
2021-09-22,answer_user_day,10,4,0.4
2021-09-22,comment_only_user_day,18,5,0.2777777777777778
2021-09-22,question_user_day,9,3,0.3333333333333333
2021-09-23,answer_user_day,7,2,0.2857142857142857
2021-09-23,comment_only_user_day,26,8,0.3076923076923077
2021-09-23,question_user_day,6,1,0.16666666666666666
2021-09-24,answer_user_day,6,1,0.16666666666666666
2021-09-24,comment_only_user_day,19,2,0.10526315789473684
2021-09-24,question_user_day,6,1,0.16666666666666666
2021-09-25,answer_user_day,8,3,0.375
2021-09-25,comment_only_user_day,11,3,0.2727272727272727
2021-09-25,question_user_day,1,1,1.0
2021-09-26,answer_user_day,5,4,0.8
2021-09-26,comment_only_user_day,12,5,0.4166666666666667
2021-09-26,question_user_day,2,1,0.5
2021-09-27,answer_user_day,12,3,0.25
2021-09-27,comment_only_user_day,25,7,0.28
2021-09-27,question_user_day,3,0,0.0
2021-09-28,answer_user_day,6,5,0.8333333333333334
2021-09-28,comment_only_user_day,25,9,0.36
2021-09-28,question_user_day,7,2,0.2857142857142857
2021-09-29,answer_user_day,8,3,0.375
2021-09-29,comment_only_user_day,27,10,0.37037037037037035
2021-09-29,question_user_day,5,0,0.0
2021-09-30,answer_user_day,7,3,0.42857142857142855
2021-09-30,comment_only_user_day,16,6,0.375
2021-09-30,question_user_day,5,1,0.2
2021-10-01,answer_user_day,4,2,0.5
2021-10-01,comment_only_user_day,27,5,0.18518518518518517
2021-10-01,question_user_day,3,1,0.3333333333333333
2021-10-02,answer_user_day,6,3,0.5
2021-10-02,comment_only_user_day,17,4,0.23529411764705882
2021-10-02,question_user_day,6,1,0.16666666666666666
2021-10-03,answer_user_day,6,3,0.5
2021-10-03,comment_only_user_day,20,4,0.2
2021-10-04,answer_user_day,10,6,0.6
2021-10-04,comment_only_user_day,35,9,0.2571428571428571
2021-10-04,question_user_day,8,1,0.125
2021-10-05,answer_user_day,10,5,0.5
2021-10-05,comment_only_user_day,32,5,0.15625
2021-10-05,question_user_day,4,1,0.25
2021-10-06,answer_user_day,11,6,0.5454545454545454
2021-10-06,comment_only_user_day,24,7,0.2916666666666667
2021-10-06,question_user_day,6,1,0.16666666666666666
2021-10-07,answer_user_day,10,5,0.5
2021-10-07,comment_only_user_day,36,10,0.2777777777777778
2021-10-07,question_user_day,8,2,0.25
2021-10-08,answer_user_day,8,2,0.25
2021-10-08,comment_only_user_day,29,4,0.13793103448275862
2021-10-08,question_user_day,4,0,0.0
2021-10-09,answer_user_day,4,1,0.25
2021-10-09,comment_only_user_day,15,2,0.13333333333333333
2021-10-09,question_user_day,3,1,0.3333333333333333
2021-10-10,answer_user_day,4,1,0.25
2021-10-10,comment_only_user_day,20,3,0.15
2021-10-10,question_user_day,2,0,0.0
2021-10-11,answer_user_day,3,0,0.0
2021-10-11,comment_only_user_day,24,10,0.4166666666666667
2021-10-11,question_user_day,6,0,0.0
2021-10-12,answer_user_day,9,7,0.7777777777777778
2021-10-12,comment_only_user_day,14,8,0.5714285714285714
2021-10-12,question_user_day,4,1,0.25
2021-10-13,answer_user_day,12,6,0.5
2021-10-13,comment_only_user_day,39,9,0.23076923076923078
2021-10-13,question_user_day,6,1,0.16666666666666666
2021-10-14,answer_user_day,10,1,0.1
2021-10-14,comment_only_user_day,41,9,0.21951219512195122
2021-10-14,question_user_day,3,1,0.3333333333333333
2021-10-15,answer_user_day,11,2,0.18181818181818182
2021-10-15,comment_only_user_day,20,1,0.05
2021-10-15,question_user_day,4,1,0.25
2021-10-16,answer_user_day,2,1,0.5
2021-10-16,comment_only_user_day,16,4,0.25
2021-10-16,question_user_day,6,2,0.3333333333333333
2021-10-17,answer_user_day,7,4,0.5714285714285714
2021-10-17,comment_only_user_day,15,5,0.3333333333333333
2021-10-17,question_user_day,6,2,0.3333333333333333
2021-10-18,answer_user_day,9,2,0.2222222222222222
2021-10-18,comment_only_user_day,28,2,0.07142857142857142
2021-10-18,question_user_day,2,0,0.0
2021-10-19,answer_user_day,11,6,0.5454545454545454
2021-10-19,comment_only_user_day,18,4,0.2222222222222222
2021-10-19,question_user_day,3,1,0.3333333333333333
2021-10-20,answer_user_day,1,0,0.0
2021-10-20,comment_only_user_day,28,5,0.17857142857142858
2021-10-20,question_user_day,3,0,0.0
2021-10-21,answer_user_day,7,1,0.14285714285714285
2021-10-21,comment_only_user_day,10,3,0.3
2021-10-22,answer_user_day,6,2,0.3333333333333333
2021-10-22,comment_only_user_day,9,4,0.4444444444444444
2021-10-22,question_user_day,3,0,0.0
2021-10-23,answer_user_day,5,3,0.6
2021-10-23,comment_only_user_day,18,6,0.3333333333333333
2021-10-23,question_user_day,8,1,0.125
2021-10-24,answer_user_day,3,1,0.3333333333333333
2021-10-24,comment_only_user_day,24,4,0.16666666666666666
2021-10-24,question_user_day,4,2,0.5
2021-10-25,answer_user_day,3,0,0.0
2021-10-25,comment_only_user_day,19,4,0.21052631578947367
2021-10-25,question_user_day,4,0,0.0
2021-10-26,answer_user_day,4,3,0.75
2021-10-26,comment_only_user_day,17,3,0.17647058823529413
2021-10-26,question_user_day,4,2,0.5
2021-10-27,answer_user_day,7,4,0.5714285714285714
2021-10-27,comment_only_user_day,16,3,0.1875
2021-10-27,question_user_day,5,1,0.2
2021-10-28,answer_user_day,3,1,0.3333333333333333
2021-10-28,comment_only_user_day,16,5,0.3125
2021-10-28,question_user_day,3,0,0.0
2021-10-29,answer_user_day,2,1,0.5
2021-10-29,comment_only_user_day,14,3,0.21428571428571427
2021-10-29,question_user_day,4,0,0.0
2021-10-30,answer_user_day,4,1,0.25
2021-10-30,comment_only_user_day,15,2,0.13333333333333333
2021-10-30,question_user_day,5,1,0.2
2021-10-31,answer_user_day,3,1,0.3333333333333333
2021-10-31,comment_only_user_day,13,3,0.23076923076923078
2021-10-31,question_user_day,5,1,0.2
2021-11-01,answer_user_day,5,2,0.4
2021-11-01,comment_only_user_day,16,7,0.4375
2021-11-01,question_user_day,7,1,0.14285714285714285
2021-11-02,answer_user_day,12,6,0.5
2021-11-02,comment_only_user_day,20,4,0.2
2021-11-02,question_user_day,7,3,0.42857142857142855
2021-11-03,answer_user_day,9,3,0.3333333333333333
2021-11-03,comment_only_user_day,21,4,0.19047619047619047
2021-11-03,question_user_day,2,1,0.5
2021-11-04,answer_user_day,7,0,0.0
2021-11-04,comment_only_user_day,19,6,0.3157894736842105
2021-11-04,question_user_day,5,1,0.2
2021-11-05,answer_user_day,7,2,0.2857142857142857
2021-11-05,comment_only_user_day,14,2,0.14285714285714285
2021-11-05,question_user_day,5,0,0.0
2021-11-06,answer_user_day,7,1,0.14285714285714285
2021-11-06,comment_only_user_day,10,1,0.1
2021-11-06,question_user_day,5,1,0.2
2021-11-07,answer_user_day,5,4,0.8
2021-11-07,comment_only_user_day,11,2,0.18181818181818182
2021-11-07,question_user_day,7,7,1.0
2021-11-08,answer_user_day,7,4,0.5714285714285714
2021-11-08,comment_only_user_day,22,7,0.3181818181818182
2021-11-08,question_user_day,8,1,0.125
2021-11-09,answer_user_day,6,2,0.3333333333333333
2021-11-09,comment_only_user_day,22,2,0.09090909090909091
2021-11-09,question_user_day,6,3,0.5
2021-11-10,answer_user_day,3,1,0.3333333333333333
2021-11-10,comment_only_user_day,16,2,0.125
2021-11-10,question_user_day,1,0,0.0
2021-11-11,answer_user_day,7,3,0.42857142857142855
2021-11-11,comment_only_user_day,14,6,0.42857142857142855
2021-11-11,question_user_day,5,1,0.2
2021-11-12,answer_user_day,6,3,0.5
2021-11-12,comment_only_user_day,18,4,0.2222222222222222
2021-11-12,question_user_day,9,4,0.4444444444444444
2021-11-13,answer_user_day,4,2,0.5
2021-11-13,comment_only_user_day,11,4,0.36363636363636365
2021-11-13,question_user_day,1,1,1.0
2021-11-14,answer_user_day,9,4,0.4444444444444444
2021-11-14,comment_only_user_day,11,4,0.36363636363636365
2021-11-14,question_user_day,6,2,0.3333333333333333
2021-11-15,answer_user_day,7,2,0.2857142857142857
2021-11-15,comment_only_user_day,27,11,0.4074074074074074
2021-11-15,question_user_day,4,3,0.75
2021-11-16,answer_user_day,13,6,0.46153846153846156
2021-11-16,comment_only_user_day,28,5,0.17857142857142858
2021-11-16,question_user_day,5,1,0.2
2021-11-17,answer_user_day,9,3,0.3333333333333333
2021-11-17,comment_only_user_day,29,5,0.1724137931034483
2021-11-17,question_user_day,6,0,0.0
2021-11-18,answer_user_day,6,3,0.5
2021-11-18,comment_only_user_day,17,2,0.11764705882352941
2021-11-18,question_user_day,2,0,0.0
2021-11-19,answer_user_day,1,0,0.0
2021-11-19,comment_only_user_day,10,2,0.2
2021-11-19,question_user_day,1,0,0.0
2021-11-20,answer_user_day,5,3,0.6
2021-11-20,comment_only_user_day,10,3,0.3
2021-11-20,question_user_day,5,3,0.6
2021-11-21,answer_user_day,7,3,0.42857142857142855
2021-11-21,comment_only_user_day,21,7,0.3333333333333333
2021-11-21,question_user_day,7,0,0.0
2021-11-22,answer_user_day,6,4,0.6666666666666666
2021-11-22,comment_only_user_day,25,7,0.28
2021-11-22,question_user_day,7,3,0.42857142857142855
2021-11-23,answer_user_day,10,3,0.3
2021-11-23,comment_only_user_day,22,1,0.045454545454545456
2021-11-23,question_user_day,4,0,0.0
2021-11-24,answer_user_day,2,1,0.5
2021-11-24,comment_only_user_day,17,2,0.11764705882352941
2021-11-24,question_user_day,2,0,0.0
2021-11-25,answer_user_day,5,3,0.6
2021-11-25,comment_only_user_day,14,4,0.2857142857142857
2021-11-25,question_user_day,4,1,0.25
2021-11-26,answer_user_day,6,2,0.3333333333333333
2021-11-26,comment_only_user_day,16,3,0.1875
2021-11-26,question_user_day,5,1,0.2
2021-11-27,answer_user_day,4,2,0.5
2021-11-27,comment_only_user_day,19,4,0.21052631578947367
2021-11-27,question_user_day,7,0,0.0
2021-11-28,answer_user_day,11,5,0.45454545454545453
2021-11-28,comment_only_user_day,13,4,0.3076923076923077
2021-11-28,question_user_day,6,1,0.16666666666666666
2021-11-29,answer_user_day,6,2,0.3333333333333333
2021-11-29,comment_only_user_day,33,3,0.09090909090909091
2021-11-29,question_user_day,5,0,0.0
2021-11-30,answer_user_day,11,3,0.2727272727272727
2021-11-30,comment_only_user_day,16,3,0.1875
2021-11-30,question_user_day,4,0,0.0
2021-12-01,answer_user_day,7,4,0.5714285714285714
2021-12-01,comment_only_user_day,24,9,0.375
2021-12-01,question_user_day,7,1,0.14285714285714285
2021-12-02,answer_user_day,6,1,0.16666666666666666
2021-12-02,comment_only_user_day,30,4,0.13333333333333333
2021-12-02,question_user_day,7,2,0.2857142857142857
2021-12-03,answer_user_day,8,0,0.0
2021-12-03,comment_only_user_day,22,2,0.09090909090909091
2021-12-03,question_user_day,3,1,0.3333333333333333
2021-12-04,answer_user_day,6,2,0.3333333333333333
2021-12-04,comment_only_user_day,10,3,0.3
2021-12-04,question_user_day,5,2,0.4
2021-12-05,answer_user_day,2,0,0.0
2021-12-05,comment_only_user_day,12,2,0.16666666666666666
2021-12-05,question_user_day,4,0,0.0
2021-12-06,answer_user_day,4,2,0.5
2021-12-06,comment_only_user_day,15,6,0.4
2021-12-06,question_user_day,5,0,0.0
2021-12-07,answer_user_day,6,2,0.3333333333333333
2021-12-07,comment_only_user_day,17,1,0.058823529411764705
2021-12-07,question_user_day,6,1,0.16666666666666666
2021-12-08,answer_user_day,7,1,0.14285714285714285
2021-12-08,comment_only_user_day,14,1,0.07142857142857142
2021-12-08,question_user_day,7,2,0.2857142857142857
2021-12-09,answer_user_day,7,2,0.2857142857142857
2021-12-09,comment_only_user_day,19,4,0.21052631578947367
2021-12-09,question_user_day,5,2,0.4
2021-12-10,answer_user_day,3,1,0.3333333333333333
2021-12-10,comment_only_user_day,12,2,0.16666666666666666
2021-12-10,question_user_day,9,2,0.2222222222222222
2021-12-11,answer_user_day,2,1,0.5
2021-12-11,comment_only_user_day,8,2,0.25
2021-12-11,question_user_day,4,1,0.25
2021-12-12,answer_user_day,7,3,0.42857142857142855
2021-12-12,comment_only_user_day,11,4,0.36363636363636365
2021-12-12,question_user_day,7,3,0.42857142857142855
2021-12-13,answer_user_day,7,4,0.5714285714285714
2021-12-13,comment_only_user_day,23,3,0.13043478260869565
2021-12-13,question_user_day,4,1,0.25
2021-12-14,answer_user_day,4,1,0.25
2021-12-14,comment_only_user_day,9,5,0.5555555555555556
2021-12-14,question_user_day,5,0,0.0
2021-12-15,answer_user_day,9,3,0.3333333333333333
2021-12-15,comment_only_user_day,12,2,0.16666666666666666
2021-12-15,question_user_day,6,2,0.3333333333333333
2021-12-16,answer_user_day,11,1,0.09090909090909091
2021-12-16,comment_only_user_day,11,2,0.18181818181818182
2021-12-16,question_user_day,6,1,0.16666666666666666
2021-12-17,answer_user_day,9,2,0.2222222222222222
2021-12-17,comment_only_user_day,13,3,0.23076923076923078
2021-12-17,question_user_day,8,1,0.125
2021-12-18,answer_user_day,3,2,0.6666666666666666
2021-12-18,comment_only_user_day,11,6,0.5454545454545454
2021-12-18,question_user_day,4,1,0.25
2021-12-19,answer_user_day,5,2,0.4
2021-12-19,comment_only_user_day,14,3,0.21428571428571427
2021-12-19,question_user_day,5,1,0.2
2021-12-20,answer_user_day,8,3,0.375
2021-12-20,comment_only_user_day,18,3,0.16666666666666666
2021-12-20,question_user_day,8,3,0.375
2021-12-21,answer_user_day,9,3,0.3333333333333333
2021-12-21,comment_only_user_day,17,4,0.23529411764705882
2021-12-21,question_user_day,4,2,0.5
2021-12-22,answer_user_day,8,2,0.25
2021-12-22,comment_only_user_day,17,6,0.35294117647058826
2021-12-22,question_user_day,4,2,0.5
2021-12-23,answer_user_day,9,2,0.2222222222222222
2021-12-23,comment_only_user_day,18,0,0.0
2021-12-23,question_user_day,5,2,0.4
2021-12-24,answer_user_day,5,0,0.0
2021-12-24,comment_only_user_day,13,5,0.38461538461538464
2021-12-24,question_user_day,1,0,0.0
2021-12-25,answer_user_day,5,2,0.4
2021-12-25,comment_only_user_day,10,5,0.5
2021-12-25,question_user_day,4,1,0.25
2021-12-26,answer_user_day,6,5,0.8333333333333334
2021-12-26,comment_only_user_day,19,6,0.3157894736842105
2021-12-26,question_user_day,4,1,0.25
2021-12-27,answer_user_day,5,2,0.4
2021-12-27,comment_only_user_day,25,3,0.12
2021-12-27,question_user_day,5,1,0.2
2021-12-28,answer_user_day,7,4,0.5714285714285714
2021-12-28,comment_only_user_day,17,5,0.29411764705882354
2021-12-28,question_user_day,2,0,0.0
2021-12-29,answer_user_day,7,4,0.5714285714285714
2021-12-29,comment_only_user_day,13,3,0.23076923076923078
2021-12-29,question_user_day,4,1,0.25
2021-12-30,answer_user_day,9,2,0.2222222222222222
2021-12-30,comment_only_user_day,19,5,0.2631578947368421
2021-12-30,question_user_day,6,1,0.16666666666666666
2021-12-31,answer_user_day,5,4,0.8
2021-12-31,comment_only_user_day,19,5,0.2631578947368421
2021-12-31,question_user_day,5,0,0.0
2022-01-01,answer_user_day,8,2,0.25
2022-01-01,comment_only_user_day,13,6,0.46153846153846156
2022-01-01,question_user_day,3,0,0.0
2022-01-02,answer_user_day,5,3,0.6
2022-01-02,comment_only_user_day,21,7,0.3333333333333333
2022-01-02,question_user_day,4,2,0.5
2022-01-03,answer_user_day,7,5,0.7142857142857143
2022-01-03,comment_only_user_day,27,5,0.18518518518518517
2022-01-03,question_user_day,3,0,0.0
2022-01-04,answer_user_day,6,4,0.6666666666666666
2022-01-04,comment_only_user_day,38,7,0.18421052631578946
2022-01-04,question_user_day,7,1,0.14285714285714285
2022-01-05,answer_user_day,6,3,0.5
2022-01-05,comment_only_user_day,24,4,0.16666666666666666
2022-01-05,question_user_day,7,2,0.2857142857142857
2022-01-06,answer_user_day,7,4,0.5714285714285714
2022-01-06,comment_only_user_day,23,4,0.17391304347826086
2022-01-06,question_user_day,10,1,0.1
2022-01-07,answer_user_day,6,3,0.5
2022-01-07,comment_only_user_day,20,7,0.35
2022-01-07,question_user_day,2,1,0.5
2022-01-08,answer_user_day,7,2,0.2857142857142857
2022-01-08,comment_only_user_day,16,3,0.1875
2022-01-08,question_user_day,2,1,0.5
2022-01-09,answer_user_day,2,1,0.5
2022-01-09,comment_only_user_day,13,4,0.3076923076923077
2022-01-09,question_user_day,4,0,0.0
2022-01-10,answer_user_day,5,1,0.2
2022-01-10,comment_only_user_day,21,7,0.3333333333333333
2022-01-10,question_user_day,4,0,0.0
2022-01-11,answer_user_day,9,4,0.4444444444444444
2022-01-11,comment_only_user_day,17,3,0.17647058823529413
2022-01-11,question_user_day,6,2,0.3333333333333333
2022-01-12,answer_user_day,6,4,0.6666666666666666
2022-01-12,comment_only_user_day,26,9,0.34615384615384615
2022-01-12,question_user_day,8,2,0.25
2022-01-13,answer_user_day,10,4,0.4
2022-01-13,comment_only_user_day,33,7,0.21212121212121213
2022-01-13,question_user_day,3,0,0.0
2022-01-14,answer_user_day,2,0,0.0
2022-01-14,comment_only_user_day,18,4,0.2222222222222222
2022-01-14,question_user_day,2,1,0.5
2022-01-15,answer_user_day,3,2,0.6666666666666666
2022-01-15,comment_only_user_day,15,3,0.2
2022-01-15,question_user_day,5,1,0.2
2022-01-16,answer_user_day,3,2,0.6666666666666666
2022-01-16,comment_only_user_day,6,1,0.16666666666666666
2022-01-16,question_user_day,5,3,0.6
2022-01-17,answer_user_day,14,5,0.35714285714285715
2022-01-17,comment_only_user_day,20,6,0.3
2022-01-17,question_user_day,8,2,0.25
2022-01-18,answer_user_day,10,4,0.4
2022-01-18,comment_only_user_day,19,3,0.15789473684210525
2022-01-18,question_user_day,10,3,0.3
2022-01-19,answer_user_day,4,2,0.5
2022-01-19,comment_only_user_day,19,2,0.10526315789473684
2022-01-19,question_user_day,2,0,0.0
2022-01-20,answer_user_day,5,2,0.4
2022-01-20,comment_only_user_day,6,0,0.0
2022-01-20,question_user_day,4,1,0.25
2022-01-21,answer_user_day,4,1,0.25
2022-01-21,comment_only_user_day,14,5,0.35714285714285715
2022-01-21,question_user_day,5,0,0.0
2022-01-22,answer_user_day,2,0,0.0
2022-01-22,comment_only_user_day,13,2,0.15384615384615385
2022-01-22,question_user_day,5,0,0.0
2022-01-23,answer_user_day,5,3,0.6
2022-01-23,comment_only_user_day,9,1,0.1111111111111111
2022-01-23,question_user_day,1,1,1.0
2022-01-24,answer_user_day,8,3,0.375
2022-01-24,comment_only_user_day,11,4,0.36363636363636365
2022-01-24,question_user_day,4,2,0.5
2022-01-25,answer_user_day,8,4,0.5
2022-01-25,comment_only_user_day,19,3,0.15789473684210525
2022-01-25,question_user_day,6,1,0.16666666666666666
2022-01-26,answer_user_day,5,3,0.6
2022-01-26,comment_only_user_day,9,3,0.3333333333333333
2022-01-26,question_user_day,5,2,0.4
2022-01-27,answer_user_day,4,0,0.0
2022-01-27,comment_only_user_day,21,3,0.14285714285714285
2022-01-27,question_user_day,2,0,0.0
2022-01-28,answer_user_day,3,3,1.0
2022-01-28,comment_only_user_day,14,3,0.21428571428571427
2022-01-28,question_user_day,5,1,0.2
2022-01-29,answer_user_day,8,5,0.625
2022-01-29,comment_only_user_day,9,3,0.3333333333333333
2022-01-29,question_user_day,4,1,0.25
2022-01-30,answer_user_day,9,3,0.3333333333333333
2022-01-30,comment_only_user_day,13,2,0.15384615384615385
2022-01-30,question_user_day,8,4,0.5
2022-01-31,answer_user_day,4,1,0.25
2022-01-31,comment_only_user_day,20,3,0.15
2022-01-31,question_user_day,3,0,0.0
2022-02-01,answer_user_day,3,0,0.0
2022-02-01,comment_only_user_day,10,1,0.1
2022-02-01,question_user_day,2,1,0.5
2022-02-02,answer_user_day,3,1,0.3333333333333333
2022-02-02,comment_only_user_day,15,6,0.4
2022-02-02,question_user_day,4,0,0.0
2022-02-03,answer_user_day,13,6,0.46153846153846156
2022-02-03,comment_only_user_day,21,6,0.2857142857142857
2022-02-03,question_user_day,7,2,0.2857142857142857
2022-02-04,answer_user_day,10,3,0.3
2022-02-04,comment_only_user_day,27,0,0.0
2022-02-04,question_user_day,3,0,0.0
2022-02-05,comment_only_user_day,11,2,0.18181818181818182
2022-02-05,question_user_day,1,0,0.0
2022-02-06,answer_user_day,2,1,0.5
2022-02-06,comment_only_user_day,14,4,0.2857142857142857
2022-02-06,question_user_day,5,1,0.2
2022-02-07,answer_user_day,11,3,0.2727272727272727
2022-02-07,comment_only_user_day,22,5,0.22727272727272727
2022-02-07,question_user_day,3,1,0.3333333333333333
2022-02-08,answer_user_day,3,0,0.0
2022-02-08,comment_only_user_day,15,2,0.13333333333333333
2022-02-08,question_user_day,5,1,0.2
2022-02-09,answer_user_day,5,3,0.6
2022-02-09,comment_only_user_day,8,1,0.125
2022-02-09,question_user_day,6,0,0.0
2022-02-10,answer_user_day,7,1,0.14285714285714285
2022-02-10,comment_only_user_day,22,6,0.2727272727272727
2022-02-10,question_user_day,4,1,0.25
2022-02-11,answer_user_day,4,0,0.0
2022-02-11,comment_only_user_day,21,5,0.23809523809523808
2022-02-11,question_user_day,1,0,0.0
2022-02-12,answer_user_day,2,1,0.5
2022-02-12,comment_only_user_day,11,3,0.2727272727272727
2022-02-12,question_user_day,4,0,0.0
2022-02-13,answer_user_day,5,2,0.4
2022-02-13,comment_only_user_day,17,4,0.23529411764705882
2022-02-13,question_user_day,3,1,0.3333333333333333
2022-02-14,answer_user_day,7,1,0.14285714285714285
2022-02-14,comment_only_user_day,20,6,0.3
2022-02-14,question_user_day,9,2,0.2222222222222222
2022-02-15,answer_user_day,6,4,0.6666666666666666
2022-02-15,comment_only_user_day,25,5,0.2
2022-02-15,question_user_day,6,1,0.16666666666666666
2022-02-16,answer_user_day,8,3,0.375
2022-02-16,comment_only_user_day,17,1,0.058823529411764705
2022-02-16,question_user_day,6,1,0.16666666666666666
2022-02-17,answer_user_day,6,1,0.16666666666666666
2022-02-17,comment_only_user_day,8,1,0.125
2022-02-17,question_user_day,4,1,0.25
2022-02-18,answer_user_day,4,2,0.5
2022-02-18,comment_only_user_day,6,2,0.3333333333333333
2022-02-18,question_user_day,4,1,0.25
2022-02-19,answer_user_day,3,2,0.6666666666666666
2022-02-19,comment_only_user_day,9,4,0.4444444444444444
2022-02-19,question_user_day,4,1,0.25
2022-02-20,answer_user_day,4,3,0.75
2022-02-20,comment_only_user_day,11,4,0.36363636363636365
2022-02-20,question_user_day,2,0,0.0
2022-02-21,answer_user_day,7,3,0.42857142857142855
2022-02-21,comment_only_user_day,27,8,0.2962962962962963
2022-02-21,question_user_day,10,3,0.3
2022-02-22,answer_user_day,11,3,0.2727272727272727
2022-02-22,comment_only_user_day,19,3,0.15789473684210525
2022-02-22,question_user_day,3,0,0.0
2022-02-23,answer_user_day,8,1,0.125
2022-02-23,comment_only_user_day,8,0,0.0
2022-02-23,question_user_day,2,0,0.0
2022-02-24,answer_user_day,4,1,0.25
2022-02-24,comment_only_user_day,9,2,0.2222222222222222
2022-02-24,question_user_day,2,1,0.5
2022-02-25,answer_user_day,2,0,0.0
2022-02-25,comment_only_user_day,11,5,0.45454545454545453
2022-02-25,question_user_day,4,1,0.25
2022-02-26,answer_user_day,7,2,0.2857142857142857
2022-02-26,comment_only_user_day,9,5,0.5555555555555556
2022-02-26,question_user_day,5,1,0.2
2022-02-27,answer_user_day,2,0,0.0
2022-02-27,comment_only_user_day,15,5,0.3333333333333333
2022-02-27,question_user_day,2,0,0.0
2022-02-28,answer_user_day,7,4,0.5714285714285714
2022-02-28,comment_only_user_day,15,3,0.2
2022-02-28,question_user_day,4,1,0.25
2022-03-01,answer_user_day,7,3,0.42857142857142855
2022-03-01,comment_only_user_day,21,8,0.38095238095238093
2022-03-01,question_user_day,10,3,0.3
2022-03-02,answer_user_day,9,5,0.5555555555555556
2022-03-02,comment_only_user_day,22,5,0.22727272727272727
2022-03-02,question_user_day,5,1,0.2
2022-03-03,answer_user_day,11,2,0.18181818181818182
2022-03-03,comment_only_user_day,19,7,0.3684210526315789
2022-03-03,question_user_day,3,0,0.0
2022-03-04,answer_user_day,2,0,0.0
2022-03-04,comment_only_user_day,16,5,0.3125
2022-03-04,question_user_day,3,0,0.0
2022-03-05,answer_user_day,3,1,0.3333333333333333
2022-03-05,comment_only_user_day,6,3,0.5
2022-03-05,question_user_day,4,1,0.25
2022-03-06,answer_user_day,9,3,0.3333333333333333
2022-03-06,comment_only_user_day,17,3,0.17647058823529413
2022-03-06,question_user_day,3,0,0.0
2022-03-07,answer_user_day,11,2,0.18181818181818182
2022-03-07,comment_only_user_day,23,6,0.2608695652173913
2022-03-07,question_user_day,4,0,0.0
2022-03-08,answer_user_day,4,3,0.75
2022-03-08,comment_only_user_day,22,4,0.18181818181818182
2022-03-08,question_user_day,3,2,0.6666666666666666
2022-03-09,answer_user_day,11,6,0.5454545454545454
2022-03-09,comment_only_user_day,26,3,0.11538461538461539
2022-03-09,question_user_day,8,2,0.25
2022-03-10,answer_user_day,2,1,0.5
2022-03-10,comment_only_user_day,17,4,0.23529411764705882
2022-03-10,question_user_day,3,1,0.3333333333333333
2022-03-11,answer_user_day,8,4,0.5
2022-03-11,comment_only_user_day,18,3,0.16666666666666666
2022-03-11,question_user_day,7,1,0.14285714285714285
2022-03-12,answer_user_day,6,1,0.16666666666666666
2022-03-12,comment_only_user_day,10,5,0.5
2022-03-12,question_user_day,6,2,0.3333333333333333
2022-03-13,answer_user_day,4,1,0.25
2022-03-13,comment_only_user_day,16,6,0.375
2022-03-13,question_user_day,5,1,0.2
2022-03-14,answer_user_day,9,7,0.7777777777777778
2022-03-14,comment_only_user_day,11,4,0.36363636363636365
2022-03-14,question_user_day,8,3,0.375
2022-03-15,answer_user_day,9,4,0.4444444444444444
2022-03-15,comment_only_user_day,27,8,0.2962962962962963
2022-03-15,question_user_day,6,0,0.0
2022-03-16,answer_user_day,8,3,0.375
2022-03-16,comment_only_user_day,25,4,0.16
2022-03-16,question_user_day,10,3,0.3
2022-03-17,answer_user_day,4,0,0.0
2022-03-17,comment_only_user_day,24,7,0.2916666666666667
2022-03-18,answer_user_day,6,3,0.5
2022-03-18,comment_only_user_day,25,3,0.12
2022-03-18,question_user_day,8,4,0.5
2022-03-19,answer_user_day,9,2,0.2222222222222222
2022-03-19,comment_only_user_day,18,3,0.16666666666666666
2022-03-19,question_user_day,4,3,0.75
2022-03-20,answer_user_day,7,2,0.2857142857142857
2022-03-20,comment_only_user_day,14,4,0.2857142857142857
2022-03-20,question_user_day,3,0,0.0
2022-03-21,answer_user_day,4,1,0.25
2022-03-21,comment_only_user_day,16,3,0.1875
2022-03-21,question_user_day,3,1,0.3333333333333333
2022-03-22,answer_user_day,7,4,0.5714285714285714
2022-03-22,comment_only_user_day,14,8,0.5714285714285714
2022-03-22,question_user_day,6,4,0.6666666666666666
2022-03-23,answer_user_day,8,4,0.5
2022-03-23,comment_only_user_day,20,9,0.45
2022-03-23,question_user_day,9,4,0.4444444444444444
2022-03-24,answer_user_day,10,6,0.6
2022-03-24,comment_only_user_day,15,8,0.5333333333333333
2022-03-24,question_user_day,8,3,0.375
2022-03-25,answer_user_day,7,6,0.8571428571428571
2022-03-25,comment_only_user_day,19,7,0.3684210526315789
2022-03-25,question_user_day,7,0,0.0
2022-03-26,answer_user_day,5,1,0.2
2022-03-26,comment_only_user_day,18,5,0.2777777777777778
2022-03-26,question_user_day,4,2,0.5
2022-03-27,answer_user_day,1,1,1.0
2022-03-27,comment_only_user_day,13,6,0.46153846153846156
2022-03-27,question_user_day,1,0,0.0
2022-03-28,answer_user_day,8,2,0.25
2022-03-28,comment_only_user_day,15,5,0.3333333333333333
2022-03-28,question_user_day,8,5,0.625
2022-03-29,answer_user_day,8,3,0.375
2022-03-29,comment_only_user_day,30,6,0.2
2022-03-29,question_user_day,2,0,0.0
2022-03-30,answer_user_day,4,3,0.75
2022-03-30,comment_only_user_day,15,5,0.3333333333333333
2022-03-30,question_user_day,3,1,0.3333333333333333
2022-03-31,answer_user_day,5,1,0.2
2022-03-31,comment_only_user_day,15,3,0.2
2022-03-31,question_user_day,2,1,0.5
2022-04-01,answer_user_day,5,2,0.4
2022-04-01,comment_only_user_day,13,2,0.15384615384615385
2022-04-01,question_user_day,2,2,1.0
2022-04-02,answer_user_day,4,3,0.75
2022-04-02,comment_only_user_day,15,9,0.6
2022-04-02,question_user_day,5,1,0.2
2022-04-03,answer_user_day,8,3,0.375
2022-04-03,comment_only_user_day,27,7,0.25925925925925924
2022-04-03,question_user_day,7,2,0.2857142857142857
2022-04-04,answer_user_day,7,2,0.2857142857142857
2022-04-04,comment_only_user_day,30,6,0.2
2022-04-04,question_user_day,4,0,0.0
2022-04-05,answer_user_day,5,3,0.6
2022-04-05,comment_only_user_day,19,4,0.21052631578947367
2022-04-05,question_user_day,3,2,0.6666666666666666
2022-04-06,answer_user_day,10,3,0.3
2022-04-06,comment_only_user_day,22,3,0.13636363636363635
2022-04-06,question_user_day,2,1,0.5
2022-04-07,answer_user_day,4,0,0.0
2022-04-07,comment_only_user_day,17,5,0.29411764705882354
2022-04-07,question_user_day,6,0,0.0
2022-04-08,answer_user_day,4,2,0.5
2022-04-08,comment_only_user_day,12,5,0.4166666666666667
2022-04-08,question_user_day,6,1,0.16666666666666666
2022-04-09,answer_user_day,9,5,0.5555555555555556
2022-04-09,comment_only_user_day,13,6,0.46153846153846156
2022-04-09,question_user_day,8,2,0.25
2022-04-10,answer_user_day,4,2,0.5
2022-04-10,comment_only_user_day,17,6,0.35294117647058826
2022-04-10,question_user_day,3,1,0.3333333333333333
2022-04-11,answer_user_day,9,7,0.7777777777777778
2022-04-11,comment_only_user_day,25,6,0.24
2022-04-11,question_user_day,12,3,0.25
2022-04-12,answer_user_day,13,3,0.23076923076923078
2022-04-12,comment_only_user_day,28,4,0.14285714285714285
2022-04-12,question_user_day,8,0,0.0
2022-04-13,answer_user_day,5,3,0.6
2022-04-13,comment_only_user_day,15,4,0.26666666666666666
2022-04-13,question_user_day,2,1,0.5
2022-04-14,answer_user_day,8,3,0.375
2022-04-14,comment_only_user_day,17,5,0.29411764705882354
2022-04-14,question_user_day,4,0,0.0
2022-04-15,answer_user_day,9,1,0.1111111111111111
2022-04-15,comment_only_user_day,8,1,0.125
2022-04-15,question_user_day,6,1,0.16666666666666666
2022-04-16,answer_user_day,2,0,0.0
2022-04-16,comment_only_user_day,5,0,0.0
2022-04-16,question_user_day,2,0,0.0
2022-04-17,answer_user_day,6,2,0.3333333333333333
2022-04-17,comment_only_user_day,10,5,0.5
2022-04-17,question_user_day,2,0,0.0
2022-04-18,answer_user_day,11,1,0.09090909090909091
2022-04-18,comment_only_user_day,19,2,0.10526315789473684
2022-04-18,question_user_day,10,2,0.2
2022-04-19,answer_user_day,7,0,0.0
2022-04-19,comment_only_user_day,19,4,0.21052631578947367
2022-04-19,question_user_day,2,0,0.0
2022-04-20,answer_user_day,6,2,0.3333333333333333
2022-04-20,comment_only_user_day,23,3,0.13043478260869565
2022-04-20,question_user_day,7,2,0.2857142857142857
2022-04-21,answer_user_day,12,2,0.16666666666666666
2022-04-21,comment_only_user_day,15,4,0.26666666666666666
2022-04-21,question_user_day,4,2,0.5
2022-04-22,answer_user_day,10,3,0.3
2022-04-22,comment_only_user_day,19,3,0.15789473684210525
2022-04-22,question_user_day,7,1,0.14285714285714285
2022-04-23,answer_user_day,5,3,0.6
2022-04-23,comment_only_user_day,13,2,0.15384615384615385
2022-04-23,question_user_day,2,0,0.0
2022-04-24,answer_user_day,3,2,0.6666666666666666
2022-04-24,comment_only_user_day,14,0,0.0
2022-04-24,question_user_day,4,0,0.0
2022-04-25,answer_user_day,1,0,0.0
2022-04-25,comment_only_user_day,8,1,0.125
2022-04-25,question_user_day,4,1,0.25
2022-04-26,answer_user_day,3,3,1.0
2022-04-26,comment_only_user_day,12,1,0.08333333333333333
2022-04-26,question_user_day,5,1,0.2
2022-04-27,answer_user_day,9,4,0.4444444444444444
2022-04-27,comment_only_user_day,10,4,0.4
2022-04-27,question_user_day,3,1,0.3333333333333333
2022-04-28,answer_user_day,16,9,0.5625
2022-04-28,comment_only_user_day,22,4,0.18181818181818182
2022-04-28,question_user_day,12,1,0.08333333333333333
2022-04-29,answer_user_day,7,2,0.2857142857142857
2022-04-29,comment_only_user_day,21,4,0.19047619047619047
2022-04-29,question_user_day,4,0,0.0
2022-04-30,answer_user_day,4,3,0.75
2022-04-30,comment_only_user_day,12,5,0.4166666666666667
2022-04-30,question_user_day,4,0,0.0
2022-05-01,answer_user_day,7,6,0.8571428571428571
2022-05-01,comment_only_user_day,14,2,0.14285714285714285
2022-05-01,question_user_day,7,3,0.42857142857142855
2022-05-02,answer_user_day,6,2,0.3333333333333333
2022-05-02,comment_only_user_day,22,8,0.36363636363636365
2022-05-02,question_user_day,2,0,0.0
2022-05-03,answer_user_day,6,3,0.5
2022-05-03,comment_only_user_day,14,4,0.2857142857142857
2022-05-03,question_user_day,6,3,0.5
2022-05-04,answer_user_day,8,3,0.375
2022-05-04,comment_only_user_day,22,7,0.3181818181818182
2022-05-04,question_user_day,2,0,0.0
2022-05-05,answer_user_day,6,4,0.6666666666666666
2022-05-05,comment_only_user_day,17,2,0.11764705882352941
2022-05-05,question_user_day,9,3,0.3333333333333333
2022-05-06,answer_user_day,5,1,0.2
2022-05-06,comment_only_user_day,17,3,0.17647058823529413
2022-05-06,question_user_day,2,0,0.0
2022-05-07,answer_user_day,5,2,0.4
2022-05-07,comment_only_user_day,12,3,0.25
2022-05-07,question_user_day,7,1,0.14285714285714285
2022-05-08,answer_user_day,5,1,0.2
2022-05-08,comment_only_user_day,15,5,0.3333333333333333
2022-05-08,question_user_day,3,1,0.3333333333333333
2022-05-09,answer_user_day,6,1,0.16666666666666666
2022-05-09,comment_only_user_day,28,6,0.21428571428571427
2022-05-09,question_user_day,6,3,0.5
2022-05-10,answer_user_day,8,5,0.625
2022-05-10,comment_only_user_day,19,5,0.2631578947368421
2022-05-10,question_user_day,7,1,0.14285714285714285
2022-05-11,answer_user_day,14,5,0.35714285714285715
2022-05-11,comment_only_user_day,23,4,0.17391304347826086
2022-05-11,question_user_day,4,2,0.5
2022-05-12,answer_user_day,11,2,0.18181818181818182
2022-05-12,comment_only_user_day,21,2,0.09523809523809523
2022-05-12,question_user_day,6,1,0.16666666666666666
2022-05-13,answer_user_day,7,3,0.42857142857142855
2022-05-13,comment_only_user_day,13,0,0.0
2022-05-13,question_user_day,3,1,0.3333333333333333
2022-05-14,answer_user_day,4,3,0.75
2022-05-14,comment_only_user_day,14,5,0.35714285714285715
2022-05-14,question_user_day,3,1,0.3333333333333333
2022-05-15,answer_user_day,4,1,0.25
2022-05-15,comment_only_user_day,13,2,0.15384615384615385
2022-05-15,question_user_day,5,1,0.2
2022-05-16,answer_user_day,3,3,1.0
2022-05-16,comment_only_user_day,7,3,0.42857142857142855
2022-05-16,question_user_day,3,0,0.0
2022-05-17,answer_user_day,8,3,0.375
2022-05-17,comment_only_user_day,14,2,0.14285714285714285
2022-05-17,question_user_day,7,1,0.14285714285714285
2022-05-18,answer_user_day,6,3,0.5
2022-05-18,comment_only_user_day,20,5,0.25
2022-05-18,question_user_day,2,1,0.5
2022-05-19,answer_user_day,2,1,0.5
2022-05-19,comment_only_user_day,18,5,0.2777777777777778
2022-05-19,question_user_day,6,1,0.16666666666666666
2022-05-20,answer_user_day,6,0,0.0
2022-05-20,comment_only_user_day,19,8,0.42105263157894735
2022-05-20,question_user_day,6,1,0.16666666666666666
2022-05-21,answer_user_day,7,4,0.5714285714285714
2022-05-21,comment_only_user_day,8,4,0.5
2022-05-21,question_user_day,8,2,0.25
2022-05-22,answer_user_day,10,4,0.4
2022-05-22,comment_only_user_day,10,4,0.4
2022-05-22,question_user_day,7,0,0.0
2022-05-23,answer_user_day,6,3,0.5
2022-05-23,comment_only_user_day,13,3,0.23076923076923078
2022-05-23,question_user_day,4,1,0.25
2022-05-24,answer_user_day,6,3,0.5
2022-05-24,comment_only_user_day,18,3,0.16666666666666666
2022-05-24,question_user_day,6,2,0.3333333333333333
2022-05-25,answer_user_day,8,2,0.25
2022-05-25,comment_only_user_day,26,6,0.23076923076923078
2022-05-25,question_user_day,5,1,0.2
2022-05-26,answer_user_day,6,3,0.5
2022-05-26,comment_only_user_day,19,2,0.10526315789473684
2022-05-26,question_user_day,6,2,0.3333333333333333
2022-05-27,answer_user_day,5,2,0.4
2022-05-27,comment_only_user_day,22,6,0.2727272727272727
2022-05-27,question_user_day,6,1,0.16666666666666666
2022-05-28,answer_user_day,7,3,0.42857142857142855
2022-05-28,comment_only_user_day,10,3,0.3
2022-05-28,question_user_day,5,1,0.2
2022-05-29,answer_user_day,6,3,0.5
2022-05-29,comment_only_user_day,12,3,0.25
2022-05-29,question_user_day,11,2,0.18181818181818182
2022-05-30,answer_user_day,8,2,0.25
2022-05-30,comment_only_user_day,23,3,0.13043478260869565
2022-05-30,question_user_day,7,2,0.2857142857142857
2022-05-31,answer_user_day,7,2,0.2857142857142857
2022-05-31,comment_only_user_day,20,6,0.3
2022-05-31,question_user_day,6,1,0.16666666666666666
2022-06-01,answer_user_day,8,5,0.625
2022-06-01,comment_only_user_day,21,8,0.38095238095238093
2022-06-01,question_user_day,12,2,0.16666666666666666
2022-06-02,answer_user_day,11,6,0.5454545454545454
2022-06-02,comment_only_user_day,26,2,0.07692307692307693
2022-06-02,question_user_day,6,2,0.3333333333333333
2022-06-03,answer_user_day,10,2,0.2
2022-06-03,comment_only_user_day,17,2,0.11764705882352941
2022-06-03,question_user_day,4,2,0.5
2022-06-04,answer_user_day,5,1,0.2
2022-06-04,comment_only_user_day,10,7,0.7
2022-06-04,question_user_day,8,1,0.125
2022-06-05,answer_user_day,9,4,0.4444444444444444
2022-06-05,comment_only_user_day,15,2,0.13333333333333333
2022-06-05,question_user_day,8,1,0.125
2022-06-06,answer_user_day,11,3,0.2727272727272727
2022-06-06,comment_only_user_day,22,4,0.18181818181818182
2022-06-06,question_user_day,8,2,0.25
2022-06-07,answer_user_day,7,4,0.5714285714285714
2022-06-07,comment_only_user_day,34,7,0.20588235294117646
2022-06-07,question_user_day,4,1,0.25
2022-06-08,answer_user_day,15,8,0.5333333333333333
2022-06-08,comment_only_user_day,31,12,0.3870967741935484
2022-06-08,question_user_day,14,3,0.21428571428571427
2022-06-09,answer_user_day,18,8,0.4444444444444444
2022-06-09,comment_only_user_day,46,12,0.2608695652173913
2022-06-09,question_user_day,12,1,0.08333333333333333
2022-06-10,answer_user_day,13,4,0.3076923076923077
2022-06-10,comment_only_user_day,37,4,0.10810810810810811
2022-06-10,question_user_day,9,3,0.3333333333333333
2022-06-11,answer_user_day,8,3,0.375
2022-06-11,comment_only_user_day,17,5,0.29411764705882354
2022-06-11,question_user_day,4,0,0.0
2022-06-12,answer_user_day,8,3,0.375
2022-06-12,comment_only_user_day,8,4,0.5
2022-06-12,question_user_day,6,3,0.5
2022-06-13,answer_user_day,11,3,0.2727272727272727
2022-06-13,comment_only_user_day,33,5,0.15151515151515152
2022-06-13,question_user_day,10,3,0.3
2022-06-14,answer_user_day,5,3,0.6
2022-06-14,comment_only_user_day,23,5,0.21739130434782608
2022-06-14,question_user_day,5,1,0.2
2022-06-15,answer_user_day,2,1,0.5
2022-06-15,comment_only_user_day,15,4,0.26666666666666666
2022-06-15,question_user_day,4,0,0.0
2022-06-16,answer_user_day,9,5,0.5555555555555556
2022-06-16,comment_only_user_day,19,10,0.5263157894736842
2022-06-16,question_user_day,6,2,0.3333333333333333
2022-06-17,answer_user_day,9,3,0.3333333333333333
2022-06-17,comment_only_user_day,42,3,0.07142857142857142
2022-06-17,question_user_day,6,3,0.5
2022-06-18,answer_user_day,7,1,0.14285714285714285
2022-06-18,comment_only_user_day,10,0,0.0
2022-06-18,question_user_day,4,0,0.0
2022-06-19,answer_user_day,3,0,0.0
2022-06-19,comment_only_user_day,6,1,0.16666666666666666
2022-06-19,question_user_day,1,0,0.0
2022-06-20,answer_user_day,9,5,0.5555555555555556
2022-06-20,comment_only_user_day,23,7,0.30434782608695654
2022-06-20,question_user_day,6,2,0.3333333333333333
2022-06-21,answer_user_day,12,3,0.25
2022-06-21,comment_only_user_day,31,7,0.22580645161290322
2022-06-21,question_user_day,4,0,0.0
2022-06-22,answer_user_day,9,3,0.3333333333333333
2022-06-22,comment_only_user_day,19,5,0.2631578947368421
2022-06-22,question_user_day,7,2,0.2857142857142857
2022-06-23,answer_user_day,7,3,0.42857142857142855
2022-06-23,comment_only_user_day,38,9,0.23684210526315788
2022-06-23,question_user_day,9,2,0.2222222222222222
2022-06-24,answer_user_day,8,2,0.25
2022-06-24,comment_only_user_day,32,1,0.03125
2022-06-24,question_user_day,7,2,0.2857142857142857
2022-06-25,answer_user_day,3,2,0.6666666666666666
2022-06-25,comment_only_user_day,12,1,0.08333333333333333
2022-06-25,question_user_day,6,1,0.16666666666666666
2022-06-26,answer_user_day,5,3,0.6
2022-06-26,comment_only_user_day,17,5,0.29411764705882354
2022-06-26,question_user_day,6,0,0.0
2022-06-27,answer_user_day,11,6,0.5454545454545454
2022-06-27,comment_only_user_day,31,7,0.22580645161290322
2022-06-27,question_user_day,5,1,0.2
2022-06-28,answer_user_day,12,1,0.08333333333333333
2022-06-28,comment_only_user_day,31,4,0.12903225806451613
2022-06-28,question_user_day,8,1,0.125
2022-06-29,answer_user_day,3,2,0.6666666666666666
2022-06-29,comment_only_user_day,19,5,0.2631578947368421
2022-06-29,question_user_day,4,2,0.5
2022-06-30,answer_user_day,8,4,0.5
2022-06-30,comment_only_user_day,22,3,0.13636363636363635
2022-06-30,question_user_day,3,0,0.0
2022-07-01,answer_user_day,1,0,0.0
2022-07-01,comment_only_user_day,17,3,0.17647058823529413
2022-07-01,question_user_day,4,1,0.25
2022-07-02,answer_user_day,8,4,0.5
2022-07-02,comment_only_user_day,18,5,0.2777777777777778
2022-07-02,question_user_day,6,1,0.16666666666666666
2022-07-03,answer_user_day,11,6,0.5454545454545454
2022-07-03,comment_only_user_day,22,7,0.3181818181818182
2022-07-03,question_user_day,8,3,0.375
2022-07-04,answer_user_day,11,4,0.36363636363636365
2022-07-04,comment_only_user_day,29,8,0.27586206896551724
2022-07-04,question_user_day,10,1,0.1
2022-07-05,answer_user_day,9,6,0.6666666666666666
2022-07-05,comment_only_user_day,27,4,0.14814814814814814
2022-07-05,question_user_day,11,3,0.2727272727272727
2022-07-06,answer_user_day,16,9,0.5625
2022-07-06,comment_only_user_day,22,9,0.4090909090909091
2022-07-06,question_user_day,10,6,0.6
2022-07-07,answer_user_day,11,5,0.45454545454545453
2022-07-07,comment_only_user_day,40,10,0.25
2022-07-07,question_user_day,5,1,0.2
2022-07-08,answer_user_day,7,2,0.2857142857142857
2022-07-08,comment_only_user_day,27,8,0.2962962962962963
2022-07-08,question_user_day,5,0,0.0
2022-07-09,answer_user_day,4,0,0.0
2022-07-09,comment_only_user_day,15,7,0.4666666666666667
2022-07-09,question_user_day,4,3,0.75
2022-07-10,answer_user_day,8,3,0.375
2022-07-10,comment_only_user_day,15,0,0.0
2022-07-10,question_user_day,4,1,0.25
2022-07-11,answer_user_day,6,2,0.3333333333333333
2022-07-11,comment_only_user_day,8,3,0.375
2022-07-11,question_user_day,4,1,0.25
2022-07-12,answer_user_day,10,4,0.4
2022-07-12,comment_only_user_day,19,11,0.5789473684210527
2022-07-12,question_user_day,5,2,0.4
2022-07-13,answer_user_day,10,4,0.4
2022-07-13,comment_only_user_day,27,4,0.14814814814814814
2022-07-13,question_user_day,8,2,0.25
2022-07-14,answer_user_day,8,1,0.125
2022-07-14,comment_only_user_day,22,6,0.2727272727272727
2022-07-14,question_user_day,5,1,0.2
2022-07-15,answer_user_day,10,2,0.2
2022-07-15,comment_only_user_day,25,5,0.2
2022-07-15,question_user_day,9,1,0.1111111111111111
2022-07-16,answer_user_day,7,2,0.2857142857142857
2022-07-16,comment_only_user_day,13,7,0.5384615384615384
2022-07-16,question_user_day,4,3,0.75
2022-07-17,answer_user_day,9,5,0.5555555555555556
2022-07-17,comment_only_user_day,21,6,0.2857142857142857
2022-07-17,question_user_day,9,3,0.3333333333333333
2022-07-18,answer_user_day,12,5,0.4166666666666667
2022-07-18,comment_only_user_day,33,8,0.24242424242424243
2022-07-18,question_user_day,8,2,0.25
2022-07-19,answer_user_day,6,3,0.5
2022-07-19,comment_only_user_day,29,6,0.20689655172413793
2022-07-19,question_user_day,3,0,0.0
2022-07-20,answer_user_day,11,5,0.45454545454545453
2022-07-20,comment_only_user_day,31,8,0.25806451612903225
2022-07-20,question_user_day,9,4,0.4444444444444444
2022-07-21,answer_user_day,15,10,0.6666666666666666
2022-07-21,comment_only_user_day,35,9,0.2571428571428571
2022-07-21,question_user_day,10,3,0.3
2022-07-22,answer_user_day,6,2,0.3333333333333333
2022-07-22,comment_only_user_day,38,7,0.18421052631578946
2022-07-22,question_user_day,4,0,0.0
2022-07-23,answer_user_day,5,1,0.2
2022-07-23,comment_only_user_day,8,6,0.75
2022-07-23,question_user_day,6,1,0.16666666666666666
2022-07-24,answer_user_day,6,3,0.5
2022-07-24,comment_only_user_day,20,6,0.3
2022-07-24,question_user_day,4,2,0.5
2022-07-25,answer_user_day,11,9,0.8181818181818182
2022-07-25,comment_only_user_day,21,10,0.47619047619047616
2022-07-25,question_user_day,8,2,0.25
2022-07-26,answer_user_day,17,6,0.35294117647058826
2022-07-26,comment_only_user_day,27,7,0.25925925925925924
2022-07-26,question_user_day,12,4,0.3333333333333333
2022-07-27,answer_user_day,12,6,0.5
2022-07-27,comment_only_user_day,30,6,0.2
2022-07-27,question_user_day,4,0,0.0
2022-07-28,answer_user_day,10,5,0.5
2022-07-28,comment_only_user_day,22,5,0.22727272727272727
2022-07-28,question_user_day,8,2,0.25
2022-07-29,answer_user_day,7,4,0.5714285714285714
2022-07-29,comment_only_user_day,19,2,0.10526315789473684
2022-07-29,question_user_day,4,1,0.25
2022-07-30,answer_user_day,11,6,0.5454545454545454
2022-07-30,comment_only_user_day,11,3,0.2727272727272727
2022-07-30,question_user_day,3,1,0.3333333333333333
2022-07-31,answer_user_day,6,5,0.8333333333333334
2022-07-31,comment_only_user_day,18,7,0.3888888888888889
2022-07-31,question_user_day,7,3,0.42857142857142855
2022-08-01,answer_user_day,17,8,0.47058823529411764
2022-08-01,comment_only_user_day,29,6,0.20689655172413793
2022-08-01,question_user_day,10,1,0.1
2022-08-02,answer_user_day,7,2,0.2857142857142857
2022-08-02,comment_only_user_day,31,7,0.22580645161290322
2022-08-02,question_user_day,4,1,0.25
2022-08-03,answer_user_day,8,2,0.25
2022-08-03,comment_only_user_day,22,4,0.18181818181818182
2022-08-03,question_user_day,8,2,0.25
2022-08-04,answer_user_day,7,3,0.42857142857142855
2022-08-04,comment_only_user_day,19,2,0.10526315789473684
2022-08-04,question_user_day,4,1,0.25
2022-08-05,answer_user_day,9,5,0.5555555555555556
2022-08-05,comment_only_user_day,9,2,0.2222222222222222
2022-08-05,question_user_day,8,2,0.25
2022-08-06,answer_user_day,13,7,0.5384615384615384
2022-08-06,comment_only_user_day,18,9,0.5
2022-08-06,question_user_day,8,3,0.375
2022-08-07,answer_user_day,13,5,0.38461538461538464
2022-08-07,comment_only_user_day,29,7,0.2413793103448276
2022-08-07,question_user_day,10,3,0.3
2022-08-08,answer_user_day,13,3,0.23076923076923078
2022-08-08,comment_only_user_day,22,6,0.2727272727272727
2022-08-08,question_user_day,8,2,0.25
2022-08-09,answer_user_day,10,4,0.4
2022-08-09,comment_only_user_day,26,11,0.4230769230769231
2022-08-09,question_user_day,5,2,0.4
2022-08-10,answer_user_day,7,5,0.7142857142857143
2022-08-10,comment_only_user_day,20,6,0.3
2022-08-10,question_user_day,7,4,0.5714285714285714
2022-08-11,answer_user_day,8,4,0.5
2022-08-11,comment_only_user_day,22,8,0.36363636363636365
2022-08-11,question_user_day,11,4,0.36363636363636365
2022-08-12,answer_user_day,8,2,0.25
2022-08-12,comment_only_user_day,26,7,0.2692307692307692
2022-08-12,question_user_day,3,0,0.0
2022-08-13,answer_user_day,8,3,0.375
2022-08-13,comment_only_user_day,11,5,0.45454545454545453
2022-08-13,question_user_day,4,0,0.0
2022-08-14,answer_user_day,5,3,0.6
2022-08-14,comment_only_user_day,17,8,0.47058823529411764
2022-08-14,question_user_day,7,4,0.5714285714285714
2022-08-15,answer_user_day,10,5,0.5
2022-08-15,comment_only_user_day,28,8,0.2857142857142857
2022-08-15,question_user_day,12,3,0.25
2022-08-16,answer_user_day,14,7,0.5
2022-08-16,comment_only_user_day,28,9,0.32142857142857145
2022-08-16,question_user_day,11,6,0.5454545454545454
2022-08-17,answer_user_day,7,2,0.2857142857142857
2022-08-17,comment_only_user_day,37,13,0.35135135135135137
2022-08-17,question_user_day,10,4,0.4
2022-08-18,answer_user_day,8,2,0.25
2022-08-18,comment_only_user_day,24,10,0.4166666666666667
2022-08-18,question_user_day,7,1,0.14285714285714285
2022-08-19,answer_user_day,10,7,0.7
2022-08-19,comment_only_user_day,29,3,0.10344827586206896
2022-08-19,question_user_day,8,1,0.125
2022-08-20,answer_user_day,7,5,0.7142857142857143
2022-08-20,comment_only_user_day,19,4,0.21052631578947367
2022-08-20,question_user_day,7,4,0.5714285714285714
2022-08-21,answer_user_day,8,5,0.625
2022-08-21,comment_only_user_day,21,4,0.19047619047619047
2022-08-21,question_user_day,5,1,0.2
2022-08-22,answer_user_day,8,4,0.5
2022-08-22,comment_only_user_day,29,10,0.3448275862068966
2022-08-22,question_user_day,6,2,0.3333333333333333
2022-08-23,answer_user_day,8,3,0.375
2022-08-23,comment_only_user_day,26,12,0.46153846153846156
2022-08-23,question_user_day,6,0,0.0
2022-08-24,answer_user_day,7,4,0.5714285714285714
2022-08-24,comment_only_user_day,32,8,0.25
2022-08-24,question_user_day,8,2,0.25
2022-08-25,answer_user_day,11,6,0.5454545454545454
2022-08-25,comment_only_user_day,21,5,0.23809523809523808
2022-08-25,question_user_day,9,1,0.1111111111111111
2022-08-26,answer_user_day,7,3,0.42857142857142855
2022-08-26,comment_only_user_day,19,6,0.3157894736842105
2022-08-26,question_user_day,3,0,0.0
2022-08-27,answer_user_day,6,5,0.8333333333333334
2022-08-27,comment_only_user_day,10,5,0.5
2022-08-27,question_user_day,8,5,0.625
2022-08-28,answer_user_day,13,6,0.46153846153846156
2022-08-28,comment_only_user_day,24,9,0.375
2022-08-28,question_user_day,11,4,0.36363636363636365
2022-08-29,answer_user_day,6,3,0.5
2022-08-29,comment_only_user_day,33,8,0.24242424242424243
2022-08-29,question_user_day,6,1,0.16666666666666666
2022-08-30,answer_user_day,12,7,0.5833333333333334
2022-08-30,comment_only_user_day,30,5,0.16666666666666666
2022-08-30,question_user_day,7,2,0.2857142857142857
2022-08-31,answer_user_day,12,5,0.4166666666666667
2022-08-31,comment_only_user_day,30,9,0.3
2022-08-31,question_user_day,8,1,0.125
2022-09-01,answer_user_day,3,1,0.3333333333333333
2022-09-01,comment_only_user_day,23,4,0.17391304347826086
2022-09-01,question_user_day,4,1,0.25
2022-09-02,answer_user_day,5,0,0.0
2022-09-02,comment_only_user_day,15,3,0.2
2022-09-02,question_user_day,3,2,0.6666666666666666
2022-09-03,answer_user_day,3,1,0.3333333333333333
2022-09-03,comment_only_user_day,11,1,0.09090909090909091
2022-09-03,question_user_day,4,1,0.25
2022-09-04,answer_user_day,3,2,0.6666666666666666
2022-09-04,comment_only_user_day,9,2,0.2222222222222222
2022-09-04,question_user_day,3,0,0.0
2022-09-05,answer_user_day,10,7,0.7
2022-09-05,comment_only_user_day,13,6,0.46153846153846156
2022-09-05,question_user_day,7,3,0.42857142857142855
2022-09-06,answer_user_day,16,9,0.5625
2022-09-06,comment_only_user_day,35,7,0.2
2022-09-06,question_user_day,6,0,0.0
2022-09-07,answer_user_day,8,2,0.25
2022-09-07,comment_only_user_day,35,13,0.37142857142857144
2022-09-07,question_user_day,11,3,0.2727272727272727
2022-09-08,answer_user_day,13,7,0.5384615384615384
2022-09-08,comment_only_user_day,29,4,0.13793103448275862
2022-09-08,question_user_day,7,1,0.14285714285714285
2022-09-09,answer_user_day,11,2,0.18181818181818182
2022-09-09,comment_only_user_day,16,6,0.375
2022-09-09,question_user_day,10,1,0.1
2022-09-10,answer_user_day,9,5,0.5555555555555556
2022-09-10,comment_only_user_day,9,4,0.4444444444444444
2022-09-10,question_user_day,3,2,0.6666666666666666
2022-09-11,answer_user_day,11,7,0.6363636363636364
2022-09-11,comment_only_user_day,26,4,0.15384615384615385
2022-09-11,question_user_day,8,2,0.25
2022-09-12,answer_user_day,11,4,0.36363636363636365
2022-09-12,comment_only_user_day,21,6,0.2857142857142857
2022-09-12,question_user_day,4,0,0.0
2022-09-13,answer_user_day,12,7,0.5833333333333334
2022-09-13,comment_only_user_day,15,5,0.3333333333333333
2022-09-13,question_user_day,7,2,0.2857142857142857
2022-09-14,answer_user_day,10,1,0.1
2022-09-14,comment_only_user_day,27,5,0.18518518518518517
2022-09-14,question_user_day,8,1,0.125
2022-09-15,answer_user_day,7,3,0.42857142857142855
2022-09-15,comment_only_user_day,19,3,0.15789473684210525
2022-09-15,question_user_day,6,0,0.0
2022-09-16,answer_user_day,9,3,0.3333333333333333
2022-09-16,comment_only_user_day,22,1,0.045454545454545456
2022-09-16,question_user_day,5,2,0.4
2022-09-17,answer_user_day,3,0,0.0
2022-09-17,comment_only_user_day,14,4,0.2857142857142857
2022-09-17,question_user_day,4,1,0.25
2022-09-18,answer_user_day,9,3,0.3333333333333333
2022-09-18,comment_only_user_day,12,2,0.16666666666666666
2022-09-18,question_user_day,5,2,0.4
2022-09-19,answer_user_day,10,2,0.2
2022-09-19,comment_only_user_day,29,7,0.2413793103448276
2022-09-19,question_user_day,1,0,0.0
2022-09-20,answer_user_day,7,3,0.42857142857142855
2022-09-20,comment_only_user_day,31,6,0.1935483870967742
2022-09-20,question_user_day,4,0,0.0
2022-09-21,answer_user_day,12,3,0.25
2022-09-21,comment_only_user_day,24,6,0.25
2022-09-21,question_user_day,5,0,0.0
2022-09-22,answer_user_day,8,4,0.5
2022-09-22,comment_only_user_day,20,5,0.25
2022-09-22,question_user_day,4,0,0.0
2022-09-23,answer_user_day,9,4,0.4444444444444444
2022-09-23,comment_only_user_day,12,3,0.25
2022-09-23,question_user_day,6,1,0.16666666666666666
2022-09-24,answer_user_day,6,2,0.3333333333333333
2022-09-24,comment_only_user_day,16,2,0.125
2022-09-24,question_user_day,10,1,0.1
2022-09-25,answer_user_day,5,3,0.6
2022-09-25,comment_only_user_day,16,5,0.3125
2022-09-25,question_user_day,4,2,0.5
2022-09-26,answer_user_day,7,4,0.5714285714285714
2022-09-26,comment_only_user_day,32,11,0.34375
2022-09-26,question_user_day,3,1,0.3333333333333333
2022-09-27,answer_user_day,9,5,0.5555555555555556
2022-09-27,comment_only_user_day,28,7,0.25
2022-09-27,question_user_day,6,2,0.3333333333333333
2022-09-28,answer_user_day,9,6,0.6666666666666666
2022-09-28,comment_only_user_day,26,11,0.4230769230769231
2022-09-28,question_user_day,8,0,0.0
2022-09-29,answer_user_day,11,4,0.36363636363636365
2022-09-29,comment_only_user_day,27,12,0.4444444444444444
2022-09-29,question_user_day,9,4,0.4444444444444444
2022-09-30,answer_user_day,11,2,0.18181818181818182
2022-09-30,comment_only_user_day,38,2,0.05263157894736842
2022-09-30,question_user_day,4,0,0.0
2022-10-01,answer_user_day,2,1,0.5
2022-10-01,comment_only_user_day,11,3,0.2727272727272727
2022-10-01,question_user_day,4,2,0.5
2022-10-02,answer_user_day,7,3,0.42857142857142855
2022-10-02,comment_only_user_day,18,7,0.3888888888888889
2022-10-02,question_user_day,4,0,0.0
2022-10-03,answer_user_day,8,5,0.625
2022-10-03,comment_only_user_day,27,11,0.4074074074074074
2022-10-03,question_user_day,6,2,0.3333333333333333
2022-10-04,answer_user_day,9,2,0.2222222222222222
2022-10-04,comment_only_user_day,32,10,0.3125
2022-10-04,question_user_day,6,0,0.0
2022-10-05,answer_user_day,9,5,0.5555555555555556
2022-10-05,comment_only_user_day,19,3,0.15789473684210525
2022-10-05,question_user_day,6,1,0.16666666666666666
2022-10-06,answer_user_day,9,3,0.3333333333333333
2022-10-06,comment_only_user_day,29,7,0.2413793103448276
2022-10-06,question_user_day,4,0,0.0
2022-10-07,answer_user_day,4,2,0.5
2022-10-07,comment_only_user_day,24,7,0.2916666666666667
2022-10-07,question_user_day,4,0,0.0
2022-10-08,answer_user_day,4,2,0.5
2022-10-08,comment_only_user_day,19,5,0.2631578947368421
2022-10-08,question_user_day,7,2,0.2857142857142857
2022-10-09,answer_user_day,7,6,0.8571428571428571
2022-10-09,comment_only_user_day,19,5,0.2631578947368421
2022-10-09,question_user_day,10,4,0.4
2022-10-10,answer_user_day,12,7,0.5833333333333334
2022-10-10,comment_only_user_day,37,8,0.21621621621621623
2022-10-10,question_user_day,10,2,0.2
2022-10-11,answer_user_day,7,3,0.42857142857142855
2022-10-11,comment_only_user_day,36,8,0.2222222222222222
2022-10-11,question_user_day,6,4,0.6666666666666666
2022-10-12,answer_user_day,8,5,0.625
2022-10-12,comment_only_user_day,27,7,0.25925925925925924
2022-10-12,question_user_day,8,2,0.25
2022-10-13,answer_user_day,8,4,0.5
2022-10-13,comment_only_user_day,33,5,0.15151515151515152
2022-10-13,question_user_day,7,2,0.2857142857142857
2022-10-14,answer_user_day,9,3,0.3333333333333333
2022-10-14,comment_only_user_day,19,5,0.2631578947368421
2022-10-14,question_user_day,6,0,0.0
2022-10-15,answer_user_day,4,2,0.5
2022-10-15,comment_only_user_day,16,4,0.25
2022-10-15,question_user_day,7,1,0.14285714285714285
2022-10-16,answer_user_day,7,4,0.5714285714285714
2022-10-16,comment_only_user_day,19,4,0.21052631578947367
2022-10-16,question_user_day,6,3,0.5
2022-10-17,answer_user_day,19,5,0.2631578947368421
2022-10-17,comment_only_user_day,34,4,0.11764705882352941
2022-10-17,question_user_day,6,1,0.16666666666666666
2022-10-18,answer_user_day,5,0,0.0
2022-10-18,comment_only_user_day,25,8,0.32
2022-10-18,question_user_day,2,0,0.0
2022-10-19,answer_user_day,7,1,0.14285714285714285
2022-10-19,comment_only_user_day,28,7,0.25
2022-10-19,question_user_day,7,2,0.2857142857142857
2022-10-20,answer_user_day,7,3,0.42857142857142855
2022-10-20,comment_only_user_day,25,7,0.28
2022-10-20,question_user_day,6,0,0.0
2022-10-21,answer_user_day,13,5,0.38461538461538464
2022-10-21,comment_only_user_day,15,2,0.13333333333333333
2022-10-21,question_user_day,5,1,0.2
2022-10-22,answer_user_day,13,7,0.5384615384615384
2022-10-22,comment_only_user_day,13,5,0.38461538461538464
2022-10-22,question_user_day,11,3,0.2727272727272727
2022-10-23,answer_user_day,12,6,0.5
2022-10-23,comment_only_user_day,22,4,0.18181818181818182
2022-10-23,question_user_day,7,3,0.42857142857142855
2022-10-24,answer_user_day,7,3,0.42857142857142855
2022-10-24,comment_only_user_day,20,8,0.4
2022-10-24,question_user_day,3,1,0.3333333333333333
2022-10-25,answer_user_day,10,6,0.6
2022-10-25,comment_only_user_day,31,9,0.2903225806451613
2022-10-25,question_user_day,10,3,0.3
2022-10-26,answer_user_day,15,5,0.3333333333333333
2022-10-26,comment_only_user_day,34,5,0.14705882352941177
2022-10-26,question_user_day,6,2,0.3333333333333333
2022-10-27,answer_user_day,6,4,0.6666666666666666
2022-10-27,comment_only_user_day,30,8,0.26666666666666666
2022-10-27,question_user_day,7,2,0.2857142857142857
2022-10-28,answer_user_day,13,3,0.23076923076923078
2022-10-28,comment_only_user_day,22,6,0.2727272727272727
2022-10-28,question_user_day,3,1,0.3333333333333333
2022-10-29,answer_user_day,5,0,0.0
2022-10-29,comment_only_user_day,21,2,0.09523809523809523
2022-10-29,question_user_day,4,1,0.25
2022-10-30,answer_user_day,6,4,0.6666666666666666
2022-10-30,comment_only_user_day,10,4,0.4
2022-10-30,question_user_day,4,1,0.25
2022-10-31,answer_user_day,10,3,0.3
2022-10-31,comment_only_user_day,23,6,0.2608695652173913
2022-10-31,question_user_day,4,2,0.5
2022-11-01,answer_user_day,5,2,0.4
2022-11-01,comment_only_user_day,31,10,0.3225806451612903
2022-11-01,question_user_day,5,0,0.0
2022-11-02,answer_user_day,7,3,0.42857142857142855
2022-11-02,comment_only_user_day,22,5,0.22727272727272727
2022-11-02,question_user_day,3,0,0.0
2022-11-03,answer_user_day,6,1,0.16666666666666666
2022-11-03,comment_only_user_day,14,3,0.21428571428571427
2022-11-03,question_user_day,5,2,0.4
2022-11-04,answer_user_day,2,0,0.0
2022-11-04,comment_only_user_day,12,3,0.25
2022-11-04,question_user_day,5,0,0.0
2022-11-05,answer_user_day,1,0,0.0
2022-11-05,comment_only_user_day,8,6,0.75
2022-11-05,question_user_day,2,0,0.0
2022-11-06,answer_user_day,5,2,0.4
2022-11-06,comment_only_user_day,16,8,0.5
2022-11-06,question_user_day,5,2,0.4
2022-11-07,answer_user_day,12,8,0.6666666666666666
2022-11-07,comment_only_user_day,26,7,0.2692307692307692
2022-11-07,question_user_day,7,2,0.2857142857142857
2022-11-08,answer_user_day,10,5,0.5
2022-11-08,comment_only_user_day,34,5,0.14705882352941177
2022-11-08,question_user_day,8,1,0.125
2022-11-09,answer_user_day,9,4,0.4444444444444444
2022-11-09,comment_only_user_day,20,1,0.05
2022-11-09,question_user_day,8,0,0.0
2022-11-10,answer_user_day,5,1,0.2
2022-11-10,comment_only_user_day,21,2,0.09523809523809523
2022-11-10,question_user_day,3,3,1.0
2022-11-11,answer_user_day,6,4,0.6666666666666666
2022-11-11,comment_only_user_day,20,3,0.15
2022-11-11,question_user_day,6,2,0.3333333333333333
2022-11-12,answer_user_day,15,5,0.3333333333333333
2022-11-12,comment_only_user_day,17,5,0.29411764705882354
2022-11-12,question_user_day,8,2,0.25
2022-11-13,answer_user_day,8,3,0.375
2022-11-13,comment_only_user_day,28,9,0.32142857142857145
2022-11-13,question_user_day,3,0,0.0
2022-11-14,answer_user_day,11,4,0.36363636363636365
2022-11-14,comment_only_user_day,28,3,0.10714285714285714
2022-11-14,question_user_day,7,1,0.14285714285714285
2022-11-15,answer_user_day,7,1,0.14285714285714285
2022-11-15,comment_only_user_day,17,5,0.29411764705882354
2022-11-15,question_user_day,3,0,0.0
2022-11-16,answer_user_day,7,2,0.2857142857142857
2022-11-16,comment_only_user_day,11,1,0.09090909090909091
2022-11-16,question_user_day,5,2,0.4
2022-11-17,answer_user_day,2,0,0.0
2022-11-17,comment_only_user_day,16,6,0.375
2022-11-17,question_user_day,6,3,0.5
2022-11-18,answer_user_day,11,4,0.36363636363636365
2022-11-18,comment_only_user_day,23,0,0.0
2022-11-18,question_user_day,6,0,0.0
2022-11-19,answer_user_day,6,0,0.0
2022-11-19,comment_only_user_day,11,1,0.09090909090909091
2022-11-19,question_user_day,5,1,0.2
2022-11-20,answer_user_day,9,5,0.5555555555555556
2022-11-20,comment_only_user_day,13,2,0.15384615384615385
2022-11-20,question_user_day,5,1,0.2
2022-11-21,answer_user_day,10,3,0.3
2022-11-21,comment_only_user_day,27,5,0.18518518518518517
2022-11-21,question_user_day,6,1,0.16666666666666666
2022-11-22,answer_user_day,7,3,0.42857142857142855
2022-11-22,comment_only_user_day,15,3,0.2
2022-11-22,question_user_day,4,2,0.5
2022-11-23,answer_user_day,8,5,0.625
2022-11-23,comment_only_user_day,27,9,0.3333333333333333
2022-11-23,question_user_day,7,2,0.2857142857142857
2022-11-24,answer_user_day,10,6,0.6
2022-11-24,comment_only_user_day,35,9,0.2571428571428571
2022-11-24,question_user_day,7,1,0.14285714285714285
2022-11-25,answer_user_day,5,3,0.6
2022-11-25,comment_only_user_day,24,4,0.16666666666666666
2022-11-25,question_user_day,5,1,0.2
2022-11-26,answer_user_day,6,3,0.5
2022-11-26,comment_only_user_day,12,5,0.4166666666666667
2022-11-26,question_user_day,5,1,0.2
2022-11-27,answer_user_day,8,5,0.625
2022-11-27,comment_only_user_day,18,6,0.3333333333333333
2022-11-27,question_user_day,6,3,0.5
2022-11-28,answer_user_day,13,7,0.5384615384615384
2022-11-28,comment_only_user_day,37,10,0.2702702702702703
2022-11-28,question_user_day,9,2,0.2222222222222222
2022-11-29,answer_user_day,23,6,0.2608695652173913
2022-11-29,comment_only_user_day,40,9,0.225
2022-11-29,question_user_day,3,1,0.3333333333333333
2022-11-30,answer_user_day,15,6,0.4
2022-11-30,comment_only_user_day,42,7,0.16666666666666666
2022-11-30,question_user_day,11,2,0.18181818181818182
2022-12-01,answer_user_day,9,4,0.4444444444444444
2022-12-01,comment_only_user_day,36,10,0.2777777777777778
2022-12-01,question_user_day,5,2,0.4
2022-12-02,answer_user_day,12,4,0.3333333333333333
2022-12-02,comment_only_user_day,33,2,0.06060606060606061
2022-12-02,question_user_day,13,4,0.3076923076923077
2022-12-03,answer_user_day,6,2,0.3333333333333333
2022-12-03,comment_only_user_day,22,3,0.13636363636363635
2022-12-03,question_user_day,5,0,0.0
2022-12-04,answer_user_day,9,3,0.3333333333333333
2022-12-04,comment_only_user_day,9,0,0.0
2022-12-04,question_user_day,4,0,0.0
2022-12-05,answer_user_day,2,2,1.0
2022-12-05,comment_only_user_day,14,1,0.07142857142857142
2022-12-05,question_user_day,6,1,0.16666666666666666
2022-12-06,answer_user_day,5,2,0.4
2022-12-06,comment_only_user_day,18,4,0.2222222222222222
2022-12-06,question_user_day,8,0,0.0
2022-12-07,answer_user_day,4,0,0.0
2022-12-07,comment_only_user_day,11,3,0.2727272727272727
2022-12-07,question_user_day,3,0,0.0
2022-12-08,answer_user_day,7,3,0.42857142857142855
2022-12-08,comment_only_user_day,22,6,0.2727272727272727
2022-12-08,question_user_day,8,3,0.375
2022-12-09,answer_user_day,8,3,0.375
2022-12-09,comment_only_user_day,28,1,0.03571428571428571
2022-12-09,question_user_day,8,1,0.125
2022-12-10,answer_user_day,6,0,0.0
2022-12-10,comment_only_user_day,10,4,0.4
2022-12-10,question_user_day,3,1,0.3333333333333333
2022-12-11,answer_user_day,7,4,0.5714285714285714
2022-12-11,comment_only_user_day,16,3,0.1875
2022-12-11,question_user_day,8,3,0.375
2022-12-12,answer_user_day,6,2,0.3333333333333333
2022-12-12,comment_only_user_day,37,6,0.16216216216216217
2022-12-12,question_user_day,2,1,0.5
2022-12-13,answer_user_day,6,3,0.5
2022-12-13,comment_only_user_day,23,7,0.30434782608695654
2022-12-13,question_user_day,7,2,0.2857142857142857
2022-12-14,answer_user_day,7,5,0.7142857142857143
2022-12-14,comment_only_user_day,24,3,0.125
2022-12-14,question_user_day,9,0,0.0
2022-12-15,answer_user_day,10,5,0.5
2022-12-15,comment_only_user_day,14,5,0.35714285714285715
2022-12-15,question_user_day,7,1,0.14285714285714285
2022-12-16,answer_user_day,7,3,0.42857142857142855
2022-12-16,comment_only_user_day,13,5,0.38461538461538464
2022-12-16,question_user_day,2,1,0.5
2022-12-17,answer_user_day,6,2,0.3333333333333333
2022-12-17,comment_only_user_day,22,6,0.2727272727272727
2022-12-17,question_user_day,9,0,0.0
2022-12-18,answer_user_day,9,6,0.6666666666666666
2022-12-18,comment_only_user_day,9,5,0.5555555555555556
2022-12-18,question_user_day,5,2,0.4
2022-12-19,answer_user_day,18,6,0.3333333333333333
2022-12-19,comment_only_user_day,36,12,0.3333333333333333
2022-12-19,question_user_day,15,6,0.4
2022-12-20,answer_user_day,11,5,0.45454545454545453
2022-12-20,comment_only_user_day,33,9,0.2727272727272727
2022-12-20,question_user_day,7,3,0.42857142857142855
2022-12-21,answer_user_day,13,7,0.5384615384615384
2022-12-21,comment_only_user_day,38,6,0.15789473684210525
2022-12-21,question_user_day,8,4,0.5
2022-12-22,answer_user_day,12,6,0.5
2022-12-22,comment_only_user_day,23,6,0.2608695652173913
2022-12-22,question_user_day,6,1,0.16666666666666666
2022-12-23,answer_user_day,11,3,0.2727272727272727
2022-12-23,comment_only_user_day,21,10,0.47619047619047616
2022-12-23,question_user_day,7,1,0.14285714285714285
2022-12-24,answer_user_day,8,4,0.5
2022-12-24,comment_only_user_day,22,4,0.18181818181818182
2022-12-24,question_user_day,4,1,0.25
2022-12-25,answer_user_day,3,2,0.6666666666666666
2022-12-25,comment_only_user_day,16,8,0.5
2022-12-25,question_user_day,6,2,0.3333333333333333
2022-12-26,answer_user_day,13,9,0.6923076923076923
2022-12-26,comment_only_user_day,15,4,0.26666666666666666
2022-12-26,question_user_day,5,1,0.2
2022-12-27,answer_user_day,10,5,0.5
2022-12-27,comment_only_user_day,26,5,0.19230769230769232
2022-12-27,question_user_day,9,2,0.2222222222222222
2022-12-28,answer_user_day,7,5,0.7142857142857143
2022-12-28,comment_only_user_day,25,4,0.16
2022-12-28,question_user_day,5,0,0.0
2022-12-29,answer_user_day,8,2,0.25
2022-12-29,comment_only_user_day,28,7,0.25
2022-12-29,question_user_day,7,1,0.14285714285714285
2022-12-30,answer_user_day,8,4,0.5
2022-12-30,comment_only_user_day,19,4,0.21052631578947367
2022-12-30,question_user_day,6,2,0.3333333333333333
2022-12-31,answer_user_day,10,6,0.6
2022-12-31,comment_only_user_day,14,5,0.35714285714285715
2022-12-31,question_user_day,3,1,0.3333333333333333
2023-01-01,answer_user_day,11,5,0.45454545454545453
2023-01-01,comment_only_user_day,17,7,0.4117647058823529
2023-01-01,question_user_day,8,2,0.25
2023-01-02,answer_user_day,8,5,0.625
2023-01-02,comment_only_user_day,22,2,0.09090909090909091
2023-01-02,question_user_day,4,1,0.25
2023-01-03,answer_user_day,9,2,0.2222222222222222
2023-01-03,comment_only_user_day,17,4,0.23529411764705882
2023-01-03,question_user_day,4,0,0.0
2023-01-04,answer_user_day,11,6,0.5454545454545454
2023-01-04,comment_only_user_day,20,5,0.25
2023-01-04,question_user_day,7,2,0.2857142857142857
2023-01-05,answer_user_day,8,3,0.375
2023-01-05,comment_only_user_day,28,6,0.21428571428571427
2023-01-05,question_user_day,8,2,0.25
2023-01-06,answer_user_day,8,3,0.375
2023-01-06,comment_only_user_day,21,6,0.2857142857142857
2023-01-06,question_user_day,6,2,0.3333333333333333
2023-01-07,answer_user_day,6,1,0.16666666666666666
2023-01-07,comment_only_user_day,26,12,0.46153846153846156
2023-01-07,question_user_day,6,1,0.16666666666666666
2023-01-08,answer_user_day,7,3,0.42857142857142855
2023-01-08,comment_only_user_day,24,10,0.4166666666666667
2023-01-08,question_user_day,4,1,0.25
2023-01-09,answer_user_day,13,6,0.46153846153846156
2023-01-09,comment_only_user_day,27,12,0.4444444444444444
2023-01-09,question_user_day,4,1,0.25
2023-01-10,answer_user_day,9,4,0.4444444444444444
2023-01-10,comment_only_user_day,25,6,0.24
2023-01-10,question_user_day,5,1,0.2
2023-01-11,answer_user_day,3,1,0.3333333333333333
2023-01-11,comment_only_user_day,18,10,0.5555555555555556
2023-01-11,question_user_day,5,1,0.2
2023-01-12,answer_user_day,13,3,0.23076923076923078
2023-01-12,comment_only_user_day,19,9,0.47368421052631576
2023-01-12,question_user_day,8,1,0.125
2023-01-13,answer_user_day,6,3,0.5
2023-01-13,comment_only_user_day,21,7,0.3333333333333333
2023-01-13,question_user_day,8,2,0.25
2023-01-14,answer_user_day,4,4,1.0
2023-01-14,comment_only_user_day,23,11,0.4782608695652174
2023-01-14,question_user_day,6,2,0.3333333333333333
2023-01-15,answer_user_day,12,7,0.5833333333333334
2023-01-15,comment_only_user_day,20,4,0.2
2023-01-15,question_user_day,7,2,0.2857142857142857
2023-01-16,answer_user_day,10,4,0.4
2023-01-16,comment_only_user_day,34,12,0.35294117647058826
2023-01-16,question_user_day,7,1,0.14285714285714285
2023-01-17,answer_user_day,7,3,0.42857142857142855
2023-01-17,comment_only_user_day,31,8,0.25806451612903225
2023-01-17,question_user_day,7,0,0.0
2023-01-18,answer_user_day,2,1,0.5
2023-01-18,comment_only_user_day,14,5,0.35714285714285715
2023-01-18,question_user_day,3,0,0.0
2023-01-19,answer_user_day,8,3,0.375
2023-01-19,comment_only_user_day,19,10,0.5263157894736842
2023-01-19,question_user_day,6,3,0.5
2023-01-20,answer_user_day,12,1,0.08333333333333333
2023-01-20,comment_only_user_day,22,7,0.3181818181818182
2023-01-20,question_user_day,6,2,0.3333333333333333
2023-01-21,answer_user_day,5,1,0.2
2023-01-21,comment_only_user_day,17,3,0.17647058823529413
2023-01-21,question_user_day,4,1,0.25
2023-01-22,answer_user_day,1,1,1.0
2023-01-22,comment_only_user_day,13,5,0.38461538461538464
2023-01-22,question_user_day,2,0,0.0
2023-01-23,answer_user_day,6,2,0.3333333333333333
2023-01-23,comment_only_user_day,19,3,0.15789473684210525
2023-01-23,question_user_day,7,0,0.0
2023-01-24,answer_user_day,11,5,0.45454545454545453
2023-01-24,comment_only_user_day,11,5,0.45454545454545453
2023-01-24,question_user_day,6,2,0.3333333333333333
2023-01-25,answer_user_day,6,4,0.6666666666666666
2023-01-25,comment_only_user_day,22,10,0.45454545454545453
2023-01-25,question_user_day,4,1,0.25
2023-01-26,answer_user_day,10,3,0.3
2023-01-26,comment_only_user_day,30,3,0.1
2023-01-26,question_user_day,8,3,0.375
2023-01-27,answer_user_day,2,0,0.0
2023-01-27,comment_only_user_day,24,5,0.20833333333333334
2023-01-27,question_user_day,3,1,0.3333333333333333
2023-01-28,answer_user_day,8,6,0.75
2023-01-28,comment_only_user_day,11,2,0.18181818181818182
2023-01-28,question_user_day,6,1,0.16666666666666666
2023-01-29,answer_user_day,9,6,0.6666666666666666
2023-01-29,comment_only_user_day,10,3,0.3
2023-01-29,question_user_day,7,2,0.2857142857142857
2023-01-30,answer_user_day,9,4,0.4444444444444444
2023-01-30,comment_only_user_day,18,6,0.3333333333333333
2023-01-30,question_user_day,3,2,0.6666666666666666
2023-01-31,answer_user_day,9,4,0.4444444444444444
2023-01-31,comment_only_user_day,21,3,0.14285714285714285
2023-01-31,question_user_day,4,0,0.0
2023-02-01,answer_user_day,7,3,0.42857142857142855
2023-02-01,comment_only_user_day,24,5,0.20833333333333334
2023-02-01,question_user_day,3,0,0.0
2023-02-02,answer_user_day,9,3,0.3333333333333333
2023-02-02,comment_only_user_day,25,5,0.2
2023-02-02,question_user_day,4,1,0.25
2023-02-03,answer_user_day,10,4,0.4
2023-02-03,comment_only_user_day,24,3,0.125
2023-02-03,question_user_day,9,3,0.3333333333333333
2023-02-04,answer_user_day,11,5,0.45454545454545453
2023-02-04,comment_only_user_day,18,5,0.2777777777777778
2023-02-04,question_user_day,5,0,0.0
2023-02-05,answer_user_day,5,1,0.2
2023-02-05,comment_only_user_day,17,7,0.4117647058823529
2023-02-05,question_user_day,6,3,0.5
2023-02-06,answer_user_day,8,3,0.375
2023-02-06,comment_only_user_day,28,4,0.14285714285714285
2023-02-06,question_user_day,4,0,0.0
2023-02-07,answer_user_day,3,2,0.6666666666666666
2023-02-07,comment_only_user_day,25,7,0.28
2023-02-07,question_user_day,3,2,0.6666666666666666
2023-02-08,answer_user_day,9,3,0.3333333333333333
2023-02-08,comment_only_user_day,24,2,0.08333333333333333
2023-02-08,question_user_day,7,0,0.0
2023-02-09,answer_user_day,4,3,0.75
2023-02-09,comment_only_user_day,14,2,0.14285714285714285
2023-02-09,question_user_day,5,1,0.2
2023-02-10,answer_user_day,6,2,0.3333333333333333
2023-02-10,comment_only_user_day,26,6,0.23076923076923078
2023-02-10,question_user_day,8,1,0.125
2023-02-11,answer_user_day,7,5,0.7142857142857143
2023-02-11,comment_only_user_day,12,3,0.25
2023-02-11,question_user_day,5,2,0.4
2023-02-12,answer_user_day,9,5,0.5555555555555556
2023-02-12,comment_only_user_day,25,3,0.12
2023-02-12,question_user_day,8,4,0.5
2023-02-13,answer_user_day,13,5,0.38461538461538464
2023-02-13,comment_only_user_day,22,7,0.3181818181818182
2023-02-13,question_user_day,7,3,0.42857142857142855
2023-02-14,answer_user_day,14,7,0.5
2023-02-14,comment_only_user_day,24,9,0.375
2023-02-14,question_user_day,7,1,0.14285714285714285
2023-02-15,answer_user_day,7,3,0.42857142857142855
2023-02-15,comment_only_user_day,25,7,0.28
2023-02-15,question_user_day,10,4,0.4
2023-02-16,answer_user_day,10,3,0.3
2023-02-16,comment_only_user_day,24,10,0.4166666666666667
2023-02-16,question_user_day,11,2,0.18181818181818182
2023-02-17,answer_user_day,7,3,0.42857142857142855
2023-02-17,comment_only_user_day,29,2,0.06896551724137931
2023-02-17,question_user_day,4,1,0.25
2023-02-18,answer_user_day,8,3,0.375
2023-02-18,comment_only_user_day,14,5,0.35714285714285715
2023-02-18,question_user_day,5,0,0.0
2023-02-19,answer_user_day,8,4,0.5
2023-02-19,comment_only_user_day,13,5,0.38461538461538464
2023-02-19,question_user_day,3,0,0.0
2023-02-20,answer_user_day,11,5,0.45454545454545453
2023-02-20,comment_only_user_day,20,6,0.3
2023-02-20,question_user_day,9,2,0.2222222222222222
2023-02-21,answer_user_day,14,5,0.35714285714285715
2023-02-21,comment_only_user_day,34,9,0.2647058823529412
2023-02-21,question_user_day,6,4,0.6666666666666666
2023-02-22,answer_user_day,15,2,0.13333333333333333
2023-02-22,comment_only_user_day,33,10,0.30303030303030304
2023-02-22,question_user_day,2,1,0.5
2023-02-23,answer_user_day,12,4,0.3333333333333333
2023-02-23,comment_only_user_day,28,8,0.2857142857142857
2023-02-23,question_user_day,12,3,0.25
2023-02-24,answer_user_day,10,4,0.4
2023-02-24,comment_only_user_day,27,7,0.25925925925925924
2023-02-24,question_user_day,8,2,0.25
2023-02-25,answer_user_day,8,6,0.75
2023-02-25,comment_only_user_day,22,5,0.22727272727272727
2023-02-25,question_user_day,3,1,0.3333333333333333
2023-02-26,answer_user_day,9,3,0.3333333333333333
2023-02-26,comment_only_user_day,18,2,0.1111111111111111
2023-02-26,question_user_day,6,1,0.16666666666666666
2023-02-27,answer_user_day,4,0,0.0
2023-02-27,comment_only_user_day,19,7,0.3684210526315789
2023-02-27,question_user_day,12,3,0.25
2023-02-28,answer_user_day,9,5,0.5555555555555556
2023-02-28,comment_only_user_day,20,5,0.25
2023-02-28,question_user_day,4,1,0.25
2023-03-01,answer_user_day,13,8,0.6153846153846154
2023-03-01,comment_only_user_day,28,8,0.2857142857142857
2023-03-01,question_user_day,5,1,0.2
2023-03-02,answer_user_day,9,6,0.6666666666666666
2023-03-02,comment_only_user_day,31,14,0.45161290322580644
2023-03-02,question_user_day,11,0,0.0
2023-03-03,answer_user_day,10,2,0.2
2023-03-03,comment_only_user_day,37,7,0.1891891891891892
2023-03-03,question_user_day,10,3,0.3
2023-03-04,answer_user_day,5,3,0.6
2023-03-04,comment_only_user_day,20,3,0.15
2023-03-04,question_user_day,7,2,0.2857142857142857
2023-03-05,answer_user_day,7,2,0.2857142857142857
2023-03-05,comment_only_user_day,13,2,0.15384615384615385
2023-03-05,question_user_day,6,2,0.3333333333333333
2023-03-06,answer_user_day,10,6,0.6
2023-03-06,comment_only_user_day,29,8,0.27586206896551724
2023-03-06,question_user_day,10,3,0.3
2023-03-07,answer_user_day,12,5,0.4166666666666667
2023-03-07,comment_only_user_day,30,5,0.16666666666666666
2023-03-07,question_user_day,5,2,0.4
2023-03-08,answer_user_day,5,2,0.4
2023-03-08,comment_only_user_day,25,6,0.24
2023-03-08,question_user_day,8,3,0.375
2023-03-09,answer_user_day,14,4,0.2857142857142857
2023-03-09,comment_only_user_day,10,2,0.2
2023-03-09,question_user_day,12,1,0.08333333333333333
2023-03-10,answer_user_day,5,1,0.2
2023-03-10,comment_only_user_day,22,5,0.22727272727272727
2023-03-10,question_user_day,6,1,0.16666666666666666
2023-03-11,answer_user_day,4,2,0.5
2023-03-11,comment_only_user_day,13,5,0.38461538461538464
2023-03-11,question_user_day,5,3,0.6
2023-03-12,answer_user_day,8,2,0.25
2023-03-12,comment_only_user_day,21,8,0.38095238095238093
2023-03-12,question_user_day,8,0,0.0
2023-03-13,answer_user_day,11,5,0.45454545454545453
2023-03-13,comment_only_user_day,21,8,0.38095238095238093
2023-03-13,question_user_day,5,2,0.4
2023-03-14,answer_user_day,13,4,0.3076923076923077
2023-03-14,comment_only_user_day,38,9,0.23684210526315788
2023-03-14,question_user_day,12,1,0.08333333333333333
2023-03-15,answer_user_day,11,4,0.36363636363636365
2023-03-15,comment_only_user_day,27,3,0.1111111111111111
2023-03-15,question_user_day,6,1,0.16666666666666666
2023-03-16,answer_user_day,6,3,0.5
2023-03-16,comment_only_user_day,22,5,0.22727272727272727
2023-03-16,question_user_day,4,0,0.0
2023-03-17,answer_user_day,5,1,0.2
2023-03-17,comment_only_user_day,37,11,0.2972972972972973
2023-03-17,question_user_day,5,0,0.0
2023-03-18,answer_user_day,10,3,0.3
2023-03-18,comment_only_user_day,17,4,0.23529411764705882
2023-03-18,question_user_day,8,1,0.125
2023-03-19,answer_user_day,5,3,0.6
2023-03-19,comment_only_user_day,5,2,0.4
2023-03-19,question_user_day,5,1,0.2
2023-03-20,answer_user_day,8,3,0.375
2023-03-20,comment_only_user_day,32,5,0.15625
2023-03-20,question_user_day,6,1,0.16666666666666666
2023-03-21,answer_user_day,7,5,0.7142857142857143
2023-03-21,comment_only_user_day,13,4,0.3076923076923077
2023-03-21,question_user_day,5,0,0.0
2023-03-22,answer_user_day,11,2,0.18181818181818182
2023-03-22,comment_only_user_day,19,7,0.3684210526315789
2023-03-22,question_user_day,7,4,0.5714285714285714
2023-03-23,answer_user_day,17,4,0.23529411764705882
2023-03-23,comment_only_user_day,26,4,0.15384615384615385
2023-03-23,question_user_day,8,1,0.125
2023-03-24,answer_user_day,3,0,0.0
2023-03-24,comment_only_user_day,15,3,0.2
2023-03-24,question_user_day,5,1,0.2
2023-03-25,answer_user_day,5,4,0.8
2023-03-25,comment_only_user_day,7,1,0.14285714285714285
2023-03-25,question_user_day,6,2,0.3333333333333333
2023-03-26,answer_user_day,2,0,0.0
2023-03-26,comment_only_user_day,19,6,0.3157894736842105
2023-03-26,question_user_day,4,1,0.25
2023-03-27,answer_user_day,12,5,0.4166666666666667
2023-03-27,comment_only_user_day,22,3,0.13636363636363635
2023-03-27,question_user_day,10,2,0.2
2023-03-28,answer_user_day,8,2,0.25
2023-03-28,comment_only_user_day,26,6,0.23076923076923078
2023-03-28,question_user_day,9,4,0.4444444444444444
2023-03-29,answer_user_day,8,5,0.625
2023-03-29,comment_only_user_day,26,8,0.3076923076923077
2023-03-29,question_user_day,7,2,0.2857142857142857
2023-03-30,answer_user_day,9,4,0.4444444444444444
2023-03-30,comment_only_user_day,28,5,0.17857142857142858
2023-03-30,question_user_day,5,1,0.2
2023-03-31,answer_user_day,9,1,0.1111111111111111
2023-03-31,comment_only_user_day,16,2,0.125
2023-03-31,question_user_day,4,2,0.5
2023-04-01,answer_user_day,1,1,1.0
2023-04-01,comment_only_user_day,9,3,0.3333333333333333
2023-04-01,question_user_day,1,1,1.0
2023-04-02,answer_user_day,7,4,0.5714285714285714
2023-04-02,comment_only_user_day,14,7,0.5
2023-04-02,question_user_day,6,1,0.16666666666666666
2023-04-03,answer_user_day,9,1,0.1111111111111111
2023-04-03,comment_only_user_day,23,10,0.43478260869565216
2023-04-03,question_user_day,5,2,0.4
2023-04-04,answer_user_day,4,1,0.25
2023-04-04,comment_only_user_day,27,6,0.2222222222222222
2023-04-04,question_user_day,2,0,0.0
2023-04-05,answer_user_day,8,3,0.375
2023-04-05,comment_only_user_day,20,5,0.25
2023-04-05,question_user_day,6,0,0.0
2023-04-06,answer_user_day,2,1,0.5
2023-04-06,comment_only_user_day,17,3,0.17647058823529413
2023-04-06,question_user_day,1,1,1.0
2023-04-07,answer_user_day,4,0,0.0
2023-04-07,comment_only_user_day,14,4,0.2857142857142857
2023-04-07,question_user_day,4,2,0.5
2023-04-08,answer_user_day,6,4,0.6666666666666666
2023-04-08,comment_only_user_day,15,2,0.13333333333333333
2023-04-08,question_user_day,6,2,0.3333333333333333
2023-04-09,answer_user_day,4,2,0.5
2023-04-09,comment_only_user_day,12,2,0.16666666666666666
2023-04-09,question_user_day,4,0,0.0
2023-04-10,answer_user_day,8,4,0.5
2023-04-10,comment_only_user_day,19,3,0.15789473684210525
2023-04-10,question_user_day,10,4,0.4
2023-04-11,answer_user_day,7,3,0.42857142857142855
2023-04-11,comment_only_user_day,23,7,0.30434782608695654
2023-04-11,question_user_day,5,2,0.4
2023-04-12,answer_user_day,11,4,0.36363636363636365
2023-04-12,comment_only_user_day,24,9,0.375
2023-04-12,question_user_day,8,3,0.375
2023-04-13,answer_user_day,7,2,0.2857142857142857
2023-04-13,comment_only_user_day,25,4,0.16
2023-04-13,question_user_day,3,0,0.0
2023-04-14,answer_user_day,6,2,0.3333333333333333
2023-04-14,comment_only_user_day,17,1,0.058823529411764705
2023-04-14,question_user_day,5,0,0.0
2023-04-15,answer_user_day,10,2,0.2
2023-04-15,comment_only_user_day,19,7,0.3684210526315789
2023-04-15,question_user_day,5,1,0.2
2023-04-16,answer_user_day,8,2,0.25
2023-04-16,comment_only_user_day,21,4,0.19047619047619047
2023-04-16,question_user_day,6,1,0.16666666666666666
2023-04-17,answer_user_day,10,4,0.4
2023-04-17,comment_only_user_day,15,4,0.26666666666666666
2023-04-17,question_user_day,2,0,0.0
2023-04-18,answer_user_day,9,4,0.4444444444444444
2023-04-18,comment_only_user_day,21,4,0.19047619047619047
2023-04-18,question_user_day,5,1,0.2
2023-04-19,answer_user_day,5,4,0.8
2023-04-19,comment_only_user_day,19,5,0.2631578947368421
2023-04-19,question_user_day,6,0,0.0
2023-04-20,answer_user_day,8,5,0.625
2023-04-20,comment_only_user_day,24,4,0.16666666666666666
2023-04-20,question_user_day,10,1,0.1
2023-04-21,answer_user_day,9,3,0.3333333333333333
2023-04-21,comment_only_user_day,31,7,0.22580645161290322
2023-04-21,question_user_day,3,1,0.3333333333333333
2023-04-22,answer_user_day,7,2,0.2857142857142857
2023-04-22,comment_only_user_day,16,6,0.375
2023-04-22,question_user_day,3,0,0.0
2023-04-23,answer_user_day,5,3,0.6
2023-04-23,comment_only_user_day,15,10,0.6666666666666666
2023-04-23,question_user_day,6,1,0.16666666666666666
2023-04-24,answer_user_day,10,3,0.3
2023-04-24,comment_only_user_day,24,5,0.20833333333333334
2023-04-24,question_user_day,6,1,0.16666666666666666
2023-04-25,answer_user_day,7,3,0.42857142857142855
2023-04-25,comment_only_user_day,14,7,0.5
2023-04-25,question_user_day,2,0,0.0
2023-04-26,answer_user_day,11,7,0.6363636363636364
2023-04-26,comment_only_user_day,16,4,0.25
2023-04-26,question_user_day,9,1,0.1111111111111111
2023-04-27,answer_user_day,6,3,0.5
2023-04-27,comment_only_user_day,24,9,0.375
2023-04-27,question_user_day,9,0,0.0
2023-04-28,answer_user_day,7,4,0.5714285714285714
2023-04-28,comment_only_user_day,29,3,0.10344827586206896
2023-04-28,question_user_day,4,0,0.0
2023-04-29,answer_user_day,6,3,0.5
2023-04-29,comment_only_user_day,15,4,0.26666666666666666
2023-04-29,question_user_day,3,1,0.3333333333333333
2023-04-30,answer_user_day,10,3,0.3
2023-04-30,comment_only_user_day,17,4,0.23529411764705882
2023-04-30,question_user_day,7,1,0.14285714285714285
2023-05-01,answer_user_day,6,1,0.16666666666666666
2023-05-01,comment_only_user_day,21,5,0.23809523809523808
2023-05-01,question_user_day,2,0,0.0
2023-05-02,answer_user_day,6,2,0.3333333333333333
2023-05-02,comment_only_user_day,17,7,0.4117647058823529
2023-05-02,question_user_day,6,0,0.0
2023-05-03,answer_user_day,12,6,0.5
2023-05-03,comment_only_user_day,23,7,0.30434782608695654
2023-05-03,question_user_day,8,4,0.5
2023-05-04,answer_user_day,2,1,0.5
2023-05-04,comment_only_user_day,31,12,0.3870967741935484
2023-05-04,question_user_day,6,3,0.5
2023-05-05,answer_user_day,12,4,0.3333333333333333
2023-05-05,comment_only_user_day,21,8,0.38095238095238093
2023-05-05,question_user_day,10,1,0.1
2023-05-06,answer_user_day,4,2,0.5
2023-05-06,comment_only_user_day,20,5,0.25
2023-05-06,question_user_day,6,2,0.3333333333333333
2023-05-07,answer_user_day,4,2,0.5
2023-05-07,comment_only_user_day,16,8,0.5
2023-05-07,question_user_day,7,1,0.14285714285714285
2023-05-08,answer_user_day,12,5,0.4166666666666667
2023-05-08,comment_only_user_day,26,5,0.19230769230769232
2023-05-08,question_user_day,8,3,0.375
2023-05-09,answer_user_day,8,4,0.5
2023-05-09,comment_only_user_day,27,4,0.14814814814814814
2023-05-09,question_user_day,6,0,0.0
2023-05-10,answer_user_day,8,3,0.375
2023-05-10,comment_only_user_day,23,7,0.30434782608695654
2023-05-10,question_user_day,4,1,0.25
2023-05-11,answer_user_day,7,3,0.42857142857142855
2023-05-11,comment_only_user_day,32,8,0.25
2023-05-11,question_user_day,5,2,0.4
2023-05-12,answer_user_day,10,3,0.3
2023-05-12,comment_only_user_day,31,6,0.1935483870967742
2023-05-12,question_user_day,5,0,0.0
2023-05-13,answer_user_day,3,2,0.6666666666666666
2023-05-13,comment_only_user_day,11,2,0.18181818181818182
2023-05-13,question_user_day,3,1,0.3333333333333333
2023-05-14,answer_user_day,6,3,0.5
2023-05-14,comment_only_user_day,17,4,0.23529411764705882
2023-05-14,question_user_day,4,1,0.25
2023-05-15,answer_user_day,4,2,0.5
2023-05-15,comment_only_user_day,23,11,0.4782608695652174
2023-05-15,question_user_day,6,4,0.6666666666666666
2023-05-16,answer_user_day,17,5,0.29411764705882354
2023-05-16,comment_only_user_day,31,8,0.25806451612903225
2023-05-16,question_user_day,8,2,0.25
2023-05-17,answer_user_day,10,1,0.1
2023-05-17,comment_only_user_day,42,2,0.047619047619047616
2023-05-17,question_user_day,11,3,0.2727272727272727
2023-05-18,answer_user_day,8,4,0.5
2023-05-18,comment_only_user_day,23,3,0.13043478260869565
2023-05-18,question_user_day,9,5,0.5555555555555556
2023-05-19,answer_user_day,8,4,0.5
2023-05-19,comment_only_user_day,22,3,0.13636363636363635
2023-05-19,question_user_day,9,1,0.1111111111111111
2023-05-20,answer_user_day,3,2,0.6666666666666666
2023-05-20,comment_only_user_day,13,10,0.7692307692307693
2023-05-20,question_user_day,5,1,0.2
2023-05-21,answer_user_day,7,4,0.5714285714285714
2023-05-21,comment_only_user_day,20,3,0.15
2023-05-21,question_user_day,5,0,0.0
2023-05-22,answer_user_day,5,1,0.2
2023-05-22,comment_only_user_day,27,7,0.25925925925925924
2023-05-22,question_user_day,5,2,0.4
2023-05-23,answer_user_day,7,3,0.42857142857142855
2023-05-23,comment_only_user_day,24,7,0.2916666666666667
2023-05-23,question_user_day,3,0,0.0
2023-05-24,answer_user_day,8,3,0.375
2023-05-24,comment_only_user_day,16,3,0.1875
2023-05-24,question_user_day,7,3,0.42857142857142855
2023-05-25,answer_user_day,10,3,0.3
2023-05-25,comment_only_user_day,11,1,0.09090909090909091
2023-05-25,question_user_day,8,2,0.25
2023-05-26,answer_user_day,6,3,0.5
2023-05-26,comment_only_user_day,23,5,0.21739130434782608
2023-05-26,question_user_day,4,1,0.25
2023-05-27,answer_user_day,5,2,0.4
2023-05-27,comment_only_user_day,17,2,0.11764705882352941
2023-05-27,question_user_day,6,2,0.3333333333333333
2023-05-28,answer_user_day,7,0,0.0
2023-05-28,comment_only_user_day,16,2,0.125
2023-05-28,question_user_day,3,1,0.3333333333333333
2023-05-29,answer_user_day,6,3,0.5
2023-05-29,comment_only_user_day,7,2,0.2857142857142857
2023-05-29,question_user_day,5,2,0.4
2023-05-30,answer_user_day,11,7,0.6363636363636364
2023-05-30,comment_only_user_day,16,5,0.3125
2023-05-30,question_user_day,11,3,0.2727272727272727
2023-05-31,answer_user_day,13,7,0.5384615384615384
2023-05-31,comment_only_user_day,36,9,0.25
2023-05-31,question_user_day,9,4,0.4444444444444444
2023-06-01,answer_user_day,14,5,0.35714285714285715
2023-06-01,comment_only_user_day,31,7,0.22580645161290322
2023-06-01,question_user_day,9,2,0.2222222222222222
2023-06-02,answer_user_day,10,2,0.2
2023-06-02,comment_only_user_day,39,4,0.10256410256410256
2023-06-02,question_user_day,6,1,0.16666666666666666
2023-06-03,answer_user_day,4,4,1.0
2023-06-03,comment_only_user_day,12,4,0.3333333333333333
2023-06-03,question_user_day,6,1,0.16666666666666666
2023-06-04,answer_user_day,6,5,0.8333333333333334
2023-06-04,comment_only_user_day,22,8,0.36363636363636365
2023-06-04,question_user_day,8,3,0.375
2023-06-05,answer_user_day,7,4,0.5714285714285714
2023-06-05,comment_only_user_day,38,11,0.2894736842105263
2023-06-05,question_user_day,8,1,0.125
2023-06-06,answer_user_day,6,3,0.5
2023-06-06,comment_only_user_day,22,6,0.2727272727272727
2023-06-06,question_user_day,5,1,0.2
2023-06-07,answer_user_day,3,2,0.6666666666666666
2023-06-07,comment_only_user_day,18,4,0.2222222222222222
2023-06-07,question_user_day,4,1,0.25
2023-06-08,answer_user_day,5,3,0.6
2023-06-08,comment_only_user_day,19,7,0.3684210526315789
2023-06-08,question_user_day,7,2,0.2857142857142857
2023-06-09,answer_user_day,9,4,0.4444444444444444
2023-06-09,comment_only_user_day,26,4,0.15384615384615385
2023-06-09,question_user_day,8,2,0.25
2023-06-10,answer_user_day,5,2,0.4
2023-06-10,comment_only_user_day,17,1,0.058823529411764705
2023-06-10,question_user_day,4,0,0.0
2023-06-11,answer_user_day,5,2,0.4
2023-06-11,comment_only_user_day,9,2,0.2222222222222222
2023-06-11,question_user_day,5,2,0.4
2023-06-12,answer_user_day,8,4,0.5
2023-06-12,comment_only_user_day,21,7,0.3333333333333333
2023-06-12,question_user_day,11,5,0.45454545454545453
2023-06-13,answer_user_day,13,6,0.46153846153846156
2023-06-13,comment_only_user_day,31,11,0.3548387096774194
2023-06-13,question_user_day,9,2,0.2222222222222222
2023-06-14,answer_user_day,11,8,0.7272727272727273
2023-06-14,comment_only_user_day,19,8,0.42105263157894735
2023-06-14,question_user_day,12,5,0.4166666666666667
2023-06-15,answer_user_day,7,4,0.5714285714285714
2023-06-15,comment_only_user_day,31,8,0.25806451612903225
2023-06-15,question_user_day,4,1,0.25
2023-06-16,answer_user_day,8,3,0.375
2023-06-16,comment_only_user_day,20,6,0.3
2023-06-16,question_user_day,4,1,0.25
2023-06-17,answer_user_day,6,2,0.3333333333333333
2023-06-17,comment_only_user_day,11,4,0.36363636363636365
2023-06-17,question_user_day,6,2,0.3333333333333333
2023-06-18,answer_user_day,8,4,0.5
2023-06-18,comment_only_user_day,11,4,0.36363636363636365
2023-06-18,question_user_day,6,2,0.3333333333333333
2023-06-19,answer_user_day,6,1,0.16666666666666666
2023-06-19,comment_only_user_day,26,10,0.38461538461538464
2023-06-19,question_user_day,7,3,0.42857142857142855
2023-06-20,answer_user_day,20,10,0.5
2023-06-20,comment_only_user_day,38,6,0.15789473684210525
2023-06-20,question_user_day,13,4,0.3076923076923077
2023-06-21,answer_user_day,8,2,0.25
2023-06-21,comment_only_user_day,29,8,0.27586206896551724
2023-06-21,question_user_day,8,3,0.375
2023-06-22,answer_user_day,6,3,0.5
2023-06-22,comment_only_user_day,32,8,0.25
2023-06-22,question_user_day,7,1,0.14285714285714285
2023-06-23,answer_user_day,7,3,0.42857142857142855
2023-06-23,comment_only_user_day,29,10,0.3448275862068966
2023-06-23,question_user_day,8,2,0.25
2023-06-24,answer_user_day,8,3,0.375
2023-06-24,comment_only_user_day,17,2,0.11764705882352941
2023-06-24,question_user_day,10,1,0.1
2023-06-25,answer_user_day,1,0,0.0
2023-06-25,comment_only_user_day,11,6,0.5454545454545454
2023-06-25,question_user_day,1,0,0.0
2023-06-26,answer_user_day,9,1,0.1111111111111111
2023-06-26,comment_only_user_day,22,4,0.18181818181818182
2023-06-26,question_user_day,3,1,0.3333333333333333
2023-06-27,answer_user_day,3,1,0.3333333333333333
2023-06-27,comment_only_user_day,15,6,0.4
2023-06-27,question_user_day,3,0,0.0
2023-06-28,answer_user_day,4,3,0.75
2023-06-28,comment_only_user_day,20,4,0.2
2023-06-28,question_user_day,8,3,0.375
2023-06-29,answer_user_day,8,6,0.75
2023-06-29,comment_only_user_day,23,6,0.2608695652173913
2023-06-29,question_user_day,6,3,0.5
2023-06-30,answer_user_day,12,6,0.5
2023-06-30,comment_only_user_day,29,7,0.2413793103448276
2023-06-30,question_user_day,5,2,0.4
2023-07-01,answer_user_day,9,6,0.6666666666666666
2023-07-01,comment_only_user_day,21,4,0.19047619047619047
2023-07-01,question_user_day,7,2,0.2857142857142857
2023-07-02,answer_user_day,3,2,0.6666666666666666
2023-07-02,comment_only_user_day,18,8,0.4444444444444444
2023-07-02,question_user_day,10,2,0.2
2023-07-03,answer_user_day,11,1,0.09090909090909091
2023-07-03,comment_only_user_day,31,6,0.1935483870967742
2023-07-03,question_user_day,8,1,0.125
2023-07-04,answer_user_day,5,3,0.6
2023-07-04,comment_only_user_day,29,7,0.2413793103448276
2023-07-04,question_user_day,8,1,0.125
2023-07-05,answer_user_day,5,3,0.6
2023-07-05,comment_only_user_day,36,9,0.25
2023-07-05,question_user_day,8,3,0.375
2023-07-06,answer_user_day,9,6,0.6666666666666666
2023-07-06,comment_only_user_day,24,7,0.2916666666666667
2023-07-06,question_user_day,9,2,0.2222222222222222
2023-07-07,answer_user_day,9,3,0.3333333333333333
2023-07-07,comment_only_user_day,25,6,0.24
2023-07-07,question_user_day,4,2,0.5
2023-07-08,answer_user_day,6,5,0.8333333333333334
2023-07-08,comment_only_user_day,14,5,0.35714285714285715
2023-07-08,question_user_day,8,3,0.375
2023-07-09,answer_user_day,6,3,0.5
2023-07-09,comment_only_user_day,13,3,0.23076923076923078
2023-07-09,question_user_day,6,0,0.0
2023-07-10,answer_user_day,5,2,0.4
2023-07-10,comment_only_user_day,7,2,0.2857142857142857
2023-07-10,question_user_day,8,1,0.125
2023-07-11,answer_user_day,11,6,0.5454545454545454
2023-07-11,comment_only_user_day,10,6,0.6
2023-07-11,question_user_day,7,2,0.2857142857142857
2023-07-12,answer_user_day,11,6,0.5454545454545454
2023-07-12,comment_only_user_day,22,6,0.2727272727272727
2023-07-12,question_user_day,9,0,0.0
2023-07-13,answer_user_day,8,4,0.5
2023-07-13,comment_only_user_day,29,7,0.2413793103448276
2023-07-13,question_user_day,7,2,0.2857142857142857
2023-07-14,answer_user_day,7,2,0.2857142857142857
2023-07-14,comment_only_user_day,21,5,0.23809523809523808
2023-07-14,question_user_day,4,1,0.25
2023-07-15,answer_user_day,3,3,1.0
2023-07-15,comment_only_user_day,16,5,0.3125
2023-07-15,question_user_day,4,0,0.0
2023-07-16,answer_user_day,9,6,0.6666666666666666
2023-07-16,comment_only_user_day,16,4,0.25
2023-07-16,question_user_day,7,3,0.42857142857142855
2023-07-17,answer_user_day,5,2,0.4
2023-07-17,comment_only_user_day,28,6,0.21428571428571427
2023-07-17,question_user_day,5,0,0.0
2023-07-18,answer_user_day,5,1,0.2
2023-07-18,comment_only_user_day,12,3,0.25
2023-07-18,question_user_day,3,1,0.3333333333333333
2023-07-19,answer_user_day,6,3,0.5
2023-07-19,comment_only_user_day,9,4,0.4444444444444444
2023-07-19,question_user_day,4,1,0.25
2023-07-20,answer_user_day,4,3,0.75
2023-07-20,comment_only_user_day,27,11,0.4074074074074074
2023-07-20,question_user_day,7,3,0.42857142857142855
2023-07-21,answer_user_day,8,4,0.5
2023-07-21,comment_only_user_day,29,9,0.3103448275862069
2023-07-21,question_user_day,9,1,0.1111111111111111
2023-07-22,answer_user_day,6,3,0.5
2023-07-22,comment_only_user_day,26,10,0.38461538461538464
2023-07-22,question_user_day,8,4,0.5
2023-07-23,answer_user_day,7,4,0.5714285714285714
2023-07-23,comment_only_user_day,31,10,0.3225806451612903
2023-07-23,question_user_day,5,0,0.0
2023-07-24,answer_user_day,10,7,0.7
2023-07-24,comment_only_user_day,36,6,0.16666666666666666
2023-07-24,question_user_day,3,0,0.0
2023-07-25,answer_user_day,7,4,0.5714285714285714
2023-07-25,comment_only_user_day,27,8,0.2962962962962963
2023-07-25,question_user_day,6,2,0.3333333333333333
2023-07-26,answer_user_day,6,2,0.3333333333333333
2023-07-26,comment_only_user_day,19,5,0.2631578947368421
2023-07-26,question_user_day,6,2,0.3333333333333333
2023-07-27,answer_user_day,4,0,0.0
2023-07-27,comment_only_user_day,18,5,0.2777777777777778
2023-07-27,question_user_day,4,1,0.25
2023-07-28,answer_user_day,16,7,0.4375
2023-07-28,comment_only_user_day,12,5,0.4166666666666667
2023-07-28,question_user_day,9,2,0.2222222222222222
2023-07-29,answer_user_day,5,0,0.0
2023-07-29,comment_only_user_day,24,5,0.20833333333333334
2023-07-29,question_user_day,5,3,0.6
2023-07-30,answer_user_day,11,7,0.6363636363636364
2023-07-30,comment_only_user_day,20,10,0.5
2023-07-30,question_user_day,9,1,0.1111111111111111
2023-07-31,answer_user_day,17,7,0.4117647058823529
2023-07-31,comment_only_user_day,33,11,0.3333333333333333
2023-07-31,question_user_day,10,2,0.2
2023-08-01,answer_user_day,8,3,0.375
2023-08-01,comment_only_user_day,36,8,0.2222222222222222
2023-08-01,question_user_day,6,2,0.3333333333333333
2023-08-02,answer_user_day,8,2,0.25
2023-08-02,comment_only_user_day,28,6,0.21428571428571427
2023-08-02,question_user_day,4,1,0.25
2023-08-03,answer_user_day,5,3,0.6
2023-08-03,comment_only_user_day,20,6,0.3
2023-08-03,question_user_day,4,1,0.25
2023-08-04,answer_user_day,8,3,0.375
2023-08-04,comment_only_user_day,17,4,0.23529411764705882
2023-08-04,question_user_day,4,0,0.0
2023-08-05,answer_user_day,5,3,0.6
2023-08-05,comment_only_user_day,15,7,0.4666666666666667
2023-08-05,question_user_day,7,1,0.14285714285714285
2023-08-06,answer_user_day,8,3,0.375
2023-08-06,comment_only_user_day,24,5,0.20833333333333334
2023-08-06,question_user_day,6,2,0.3333333333333333
2023-08-07,answer_user_day,12,5,0.4166666666666667
2023-08-07,comment_only_user_day,28,6,0.21428571428571427
2023-08-07,question_user_day,4,0,0.0
2023-08-08,answer_user_day,4,3,0.75
2023-08-08,comment_only_user_day,25,4,0.16
2023-08-08,question_user_day,6,0,0.0
2023-08-09,answer_user_day,6,0,0.0
2023-08-09,comment_only_user_day,26,7,0.2692307692307692
2023-08-09,question_user_day,5,1,0.2
2023-08-10,answer_user_day,8,4,0.5
2023-08-10,comment_only_user_day,19,4,0.21052631578947367
2023-08-10,question_user_day,6,1,0.16666666666666666
2023-08-11,answer_user_day,8,4,0.5
2023-08-11,comment_only_user_day,21,1,0.047619047619047616
2023-08-11,question_user_day,9,3,0.3333333333333333
2023-08-12,answer_user_day,5,2,0.4
2023-08-12,comment_only_user_day,15,5,0.3333333333333333
2023-08-12,question_user_day,8,0,0.0
2023-08-13,answer_user_day,5,2,0.4
2023-08-13,comment_only_user_day,25,5,0.2
2023-08-13,question_user_day,6,2,0.3333333333333333
2023-08-14,answer_user_day,4,3,0.75
2023-08-14,comment_only_user_day,23,7,0.30434782608695654
2023-08-14,question_user_day,4,2,0.5
2023-08-15,answer_user_day,7,2,0.2857142857142857
2023-08-15,comment_only_user_day,25,8,0.32
2023-08-15,question_user_day,7,2,0.2857142857142857
2023-08-16,answer_user_day,11,3,0.2727272727272727
2023-08-16,comment_only_user_day,23,8,0.34782608695652173
2023-08-16,question_user_day,6,0,0.0
2023-08-17,answer_user_day,6,2,0.3333333333333333
2023-08-17,comment_only_user_day,23,6,0.2608695652173913
2023-08-17,question_user_day,7,4,0.5714285714285714
2023-08-18,answer_user_day,17,3,0.17647058823529413
2023-08-18,comment_only_user_day,20,2,0.1
2023-08-18,question_user_day,6,2,0.3333333333333333
2023-08-19,answer_user_day,7,5,0.7142857142857143
2023-08-19,comment_only_user_day,17,4,0.23529411764705882
2023-08-19,question_user_day,6,2,0.3333333333333333
2023-08-20,answer_user_day,8,5,0.625
2023-08-20,comment_only_user_day,20,6,0.3
2023-08-20,question_user_day,5,0,0.0
2023-08-21,answer_user_day,8,5,0.625
2023-08-21,comment_only_user_day,29,6,0.20689655172413793
2023-08-21,question_user_day,6,0,0.0
2023-08-22,answer_user_day,6,4,0.6666666666666666
2023-08-22,comment_only_user_day,24,7,0.2916666666666667
2023-08-22,question_user_day,2,0,0.0
2023-08-23,answer_user_day,10,3,0.3
2023-08-23,comment_only_user_day,23,5,0.21739130434782608
2023-08-23,question_user_day,5,0,0.0
2023-08-24,answer_user_day,8,3,0.375
2023-08-24,comment_only_user_day,17,4,0.23529411764705882
2023-08-24,question_user_day,3,1,0.3333333333333333
2023-08-25,answer_user_day,9,2,0.2222222222222222
2023-08-25,comment_only_user_day,31,7,0.22580645161290322
2023-08-25,question_user_day,6,1,0.16666666666666666
2023-08-26,answer_user_day,5,2,0.4
2023-08-26,comment_only_user_day,16,5,0.3125
2023-08-26,question_user_day,7,2,0.2857142857142857
2023-08-27,answer_user_day,11,4,0.36363636363636365
2023-08-27,comment_only_user_day,18,8,0.4444444444444444
2023-08-27,question_user_day,5,1,0.2
2023-08-28,answer_user_day,11,2,0.18181818181818182
2023-08-28,comment_only_user_day,41,10,0.24390243902439024
2023-08-28,question_user_day,7,2,0.2857142857142857
2023-08-29,answer_user_day,14,2,0.14285714285714285
2023-08-29,comment_only_user_day,27,2,0.07407407407407407
2023-08-29,question_user_day,4,0,0.0
2023-08-30,answer_user_day,14,5,0.35714285714285715
2023-08-30,comment_only_user_day,12,2,0.16666666666666666
2023-08-30,question_user_day,6,0,0.0
2023-08-31,answer_user_day,9,2,0.2222222222222222
2023-08-31,comment_only_user_day,13,3,0.23076923076923078
2023-08-31,question_user_day,5,1,0.2
2023-09-01,answer_user_day,5,3,0.6
2023-09-01,comment_only_user_day,15,3,0.2
2023-09-01,question_user_day,10,2,0.2
2023-09-02,answer_user_day,4,2,0.5
2023-09-02,comment_only_user_day,12,4,0.3333333333333333
2023-09-02,question_user_day,10,2,0.2
2023-09-03,answer_user_day,7,5,0.7142857142857143
2023-09-03,comment_only_user_day,11,3,0.2727272727272727
2023-09-03,question_user_day,6,2,0.3333333333333333
2023-09-04,answer_user_day,5,1,0.2
2023-09-04,comment_only_user_day,25,9,0.36
2023-09-04,question_user_day,4,2,0.5
2023-09-05,answer_user_day,15,4,0.26666666666666666
2023-09-05,comment_only_user_day,23,6,0.2608695652173913
2023-09-05,question_user_day,5,2,0.4
2023-09-06,answer_user_day,11,3,0.2727272727272727
2023-09-06,comment_only_user_day,24,5,0.20833333333333334
2023-09-06,question_user_day,2,1,0.5
2023-09-07,answer_user_day,4,1,0.25
2023-09-07,comment_only_user_day,17,6,0.35294117647058826
2023-09-07,question_user_day,8,3,0.375
2023-09-08,answer_user_day,9,3,0.3333333333333333
2023-09-08,comment_only_user_day,25,4,0.16
2023-09-08,question_user_day,7,1,0.14285714285714285
2023-09-09,answer_user_day,4,3,0.75
2023-09-09,comment_only_user_day,12,2,0.16666666666666666
2023-09-09,question_user_day,7,1,0.14285714285714285
2023-09-10,answer_user_day,7,4,0.5714285714285714
2023-09-10,comment_only_user_day,15,6,0.4
2023-09-10,question_user_day,6,0,0.0
2023-09-11,answer_user_day,6,2,0.3333333333333333
2023-09-11,comment_only_user_day,17,5,0.29411764705882354
2023-09-11,question_user_day,6,2,0.3333333333333333
2023-09-12,answer_user_day,8,5,0.625
2023-09-12,comment_only_user_day,17,6,0.35294117647058826
2023-09-12,question_user_day,4,2,0.5
2023-09-13,answer_user_day,6,1,0.16666666666666666
2023-09-13,comment_only_user_day,26,8,0.3076923076923077
2023-09-13,question_user_day,3,1,0.3333333333333333
2023-09-14,answer_user_day,5,2,0.4
2023-09-14,comment_only_user_day,25,4,0.16
2023-09-14,question_user_day,6,2,0.3333333333333333
2023-09-15,answer_user_day,10,6,0.6
2023-09-15,comment_only_user_day,16,3,0.1875
2023-09-15,question_user_day,7,0,0.0
2023-09-16,answer_user_day,6,1,0.16666666666666666
2023-09-16,comment_only_user_day,23,7,0.30434782608695654
2023-09-16,question_user_day,3,2,0.6666666666666666
2023-09-17,answer_user_day,5,1,0.2
2023-09-17,comment_only_user_day,25,7,0.28
2023-09-17,question_user_day,4,2,0.5
2023-09-18,answer_user_day,8,4,0.5
2023-09-18,comment_only_user_day,26,5,0.19230769230769232
2023-09-18,question_user_day,7,0,0.0
2023-09-19,answer_user_day,12,5,0.4166666666666667
2023-09-19,comment_only_user_day,29,6,0.20689655172413793
2023-09-19,question_user_day,7,3,0.42857142857142855
2023-09-20,answer_user_day,14,4,0.2857142857142857
2023-09-20,comment_only_user_day,31,11,0.3548387096774194
2023-09-20,question_user_day,8,3,0.375
2023-09-21,answer_user_day,9,5,0.5555555555555556
2023-09-21,comment_only_user_day,24,8,0.3333333333333333
2023-09-21,question_user_day,10,1,0.1
2023-09-22,answer_user_day,14,3,0.21428571428571427
2023-09-22,comment_only_user_day,25,5,0.2
2023-09-22,question_user_day,9,1,0.1111111111111111
2023-09-23,answer_user_day,5,0,0.0
2023-09-23,comment_only_user_day,14,4,0.2857142857142857
2023-09-23,question_user_day,4,2,0.5
2023-09-24,answer_user_day,2,1,0.5
2023-09-24,comment_only_user_day,9,3,0.3333333333333333
2023-09-24,question_user_day,2,1,0.5
2023-09-25,answer_user_day,9,3,0.3333333333333333
2023-09-25,comment_only_user_day,14,5,0.35714285714285715
2023-09-25,question_user_day,2,1,0.5
2023-09-26,answer_user_day,7,5,0.7142857142857143
2023-09-26,comment_only_user_day,14,5,0.35714285714285715
2023-09-26,question_user_day,11,3,0.2727272727272727
2023-09-27,answer_user_day,7,4,0.5714285714285714
2023-09-27,comment_only_user_day,19,10,0.5263157894736842
2023-09-27,question_user_day,8,2,0.25
2023-09-28,answer_user_day,11,4,0.36363636363636365
2023-09-28,comment_only_user_day,28,6,0.21428571428571427
2023-09-28,question_user_day,8,1,0.125
2023-09-29,answer_user_day,6,3,0.5
2023-09-29,comment_only_user_day,22,5,0.22727272727272727
2023-09-29,question_user_day,8,1,0.125
2023-09-30,answer_user_day,4,0,0.0
2023-09-30,comment_only_user_day,20,7,0.35
2023-09-30,question_user_day,4,1,0.25
2023-10-01,answer_user_day,7,1,0.14285714285714285
2023-10-01,comment_only_user_day,19,3,0.15789473684210525
2023-10-01,question_user_day,5,3,0.6
2023-10-02,answer_user_day,6,2,0.3333333333333333
2023-10-02,comment_only_user_day,22,5,0.22727272727272727
2023-10-02,question_user_day,6,2,0.3333333333333333
2023-10-03,answer_user_day,7,1,0.14285714285714285
2023-10-03,comment_only_user_day,25,7,0.28
2023-10-03,question_user_day,4,1,0.25
2023-10-04,answer_user_day,11,5,0.45454545454545453
2023-10-04,comment_only_user_day,18,6,0.3333333333333333
2023-10-04,question_user_day,5,0,0.0
2023-10-05,answer_user_day,7,2,0.2857142857142857
2023-10-05,comment_only_user_day,29,7,0.2413793103448276
2023-10-05,question_user_day,9,2,0.2222222222222222
2023-10-06,answer_user_day,5,1,0.2
2023-10-06,comment_only_user_day,23,6,0.2608695652173913
2023-10-06,question_user_day,8,2,0.25
2023-10-07,answer_user_day,10,6,0.6
2023-10-07,comment_only_user_day,22,5,0.22727272727272727
2023-10-07,question_user_day,2,1,0.5
2023-10-08,answer_user_day,5,3,0.6
2023-10-08,comment_only_user_day,23,8,0.34782608695652173
2023-10-08,question_user_day,8,3,0.375
2023-10-09,answer_user_day,14,3,0.21428571428571427
2023-10-09,comment_only_user_day,24,5,0.20833333333333334
2023-10-09,question_user_day,6,2,0.3333333333333333
2023-10-10,answer_user_day,10,4,0.4
2023-10-10,comment_only_user_day,21,5,0.23809523809523808
2023-10-10,question_user_day,12,2,0.16666666666666666
2023-10-11,answer_user_day,9,3,0.3333333333333333
2023-10-11,comment_only_user_day,28,10,0.35714285714285715
2023-10-11,question_user_day,3,1,0.3333333333333333
2023-10-12,answer_user_day,7,3,0.42857142857142855
2023-10-12,comment_only_user_day,23,3,0.13043478260869565
2023-10-12,question_user_day,9,2,0.2222222222222222
2023-10-13,answer_user_day,9,2,0.2222222222222222
2023-10-13,comment_only_user_day,25,5,0.2
2023-10-13,question_user_day,4,2,0.5
2023-10-14,answer_user_day,4,1,0.25
2023-10-14,comment_only_user_day,15,4,0.26666666666666666
2023-10-14,question_user_day,3,1,0.3333333333333333
2023-10-15,answer_user_day,9,5,0.5555555555555556
2023-10-15,comment_only_user_day,13,1,0.07692307692307693
2023-10-15,question_user_day,3,0,0.0
2023-10-16,answer_user_day,9,2,0.2222222222222222
2023-10-16,comment_only_user_day,19,4,0.21052631578947367
2023-10-16,question_user_day,3,1,0.3333333333333333
2023-10-17,answer_user_day,10,2,0.2
2023-10-17,comment_only_user_day,29,5,0.1724137931034483
2023-10-17,question_user_day,8,2,0.25
2023-10-18,answer_user_day,5,2,0.4
2023-10-18,comment_only_user_day,19,4,0.21052631578947367
2023-10-18,question_user_day,6,1,0.16666666666666666
2023-10-19,answer_user_day,14,6,0.42857142857142855
2023-10-19,comment_only_user_day,18,5,0.2777777777777778
2023-10-19,question_user_day,7,1,0.14285714285714285
2023-10-20,answer_user_day,6,6,1.0
2023-10-20,comment_only_user_day,18,3,0.16666666666666666
2023-10-20,question_user_day,7,1,0.14285714285714285
2023-10-21,answer_user_day,3,1,0.3333333333333333
2023-10-21,comment_only_user_day,18,1,0.05555555555555555
2023-10-21,question_user_day,5,0,0.0
2023-10-22,answer_user_day,2,0,0.0
2023-10-22,comment_only_user_day,13,4,0.3076923076923077
2023-10-22,question_user_day,4,1,0.25
2023-10-23,answer_user_day,3,2,0.6666666666666666
2023-10-23,comment_only_user_day,25,8,0.32
2023-10-23,question_user_day,3,2,0.6666666666666666
2023-10-24,answer_user_day,7,3,0.42857142857142855
2023-10-24,comment_only_user_day,30,8,0.26666666666666666
2023-10-24,question_user_day,5,0,0.0
2023-10-25,answer_user_day,10,2,0.2
2023-10-25,comment_only_user_day,26,6,0.23076923076923078
2023-10-25,question_user_day,7,2,0.2857142857142857
2023-10-26,answer_user_day,6,4,0.6666666666666666
2023-10-26,comment_only_user_day,23,5,0.21739130434782608
2023-10-26,question_user_day,4,2,0.5
2023-10-27,answer_user_day,7,2,0.2857142857142857
2023-10-27,comment_only_user_day,24,6,0.25
2023-10-27,question_user_day,3,1,0.3333333333333333
2023-10-28,answer_user_day,2,1,0.5
2023-10-28,comment_only_user_day,11,3,0.2727272727272727
2023-10-28,question_user_day,3,0,0.0
2023-10-29,answer_user_day,4,1,0.25
2023-10-29,comment_only_user_day,18,5,0.2777777777777778
2023-10-29,question_user_day,3,2,0.6666666666666666
2023-10-30,answer_user_day,1,0,0.0
2023-10-30,comment_only_user_day,15,3,0.2
2023-10-30,question_user_day,5,2,0.4
2023-10-31,answer_user_day,4,1,0.25
2023-10-31,comment_only_user_day,12,3,0.25
2023-10-31,question_user_day,5,2,0.4
2023-11-01,answer_user_day,4,1,0.25
2023-11-01,comment_only_user_day,13,3,0.23076923076923078
2023-11-01,question_user_day,6,2,0.3333333333333333
2023-11-02,answer_user_day,6,2,0.3333333333333333
2023-11-02,comment_only_user_day,25,7,0.28
2023-11-02,question_user_day,4,3,0.75
2023-11-03,answer_user_day,8,4,0.5
2023-11-03,comment_only_user_day,15,4,0.26666666666666666
2023-11-03,question_user_day,8,2,0.25
2023-11-04,answer_user_day,4,4,1.0
2023-11-04,comment_only_user_day,17,1,0.058823529411764705
2023-11-04,question_user_day,5,2,0.4
2023-11-05,answer_user_day,3,1,0.3333333333333333
2023-11-05,comment_only_user_day,13,2,0.15384615384615385
2023-11-05,question_user_day,2,0,0.0
2023-11-06,answer_user_day,6,4,0.6666666666666666
2023-11-06,comment_only_user_day,29,4,0.13793103448275862
2023-11-06,question_user_day,6,3,0.5
2023-11-07,answer_user_day,8,5,0.625
2023-11-07,comment_only_user_day,16,5,0.3125
2023-11-07,question_user_day,5,1,0.2
2023-11-08,answer_user_day,10,6,0.6
2023-11-08,comment_only_user_day,19,4,0.21052631578947367
2023-11-08,question_user_day,8,2,0.25
2023-11-09,answer_user_day,3,1,0.3333333333333333
2023-11-09,comment_only_user_day,32,6,0.1875
2023-11-09,question_user_day,3,2,0.6666666666666666
2023-11-10,answer_user_day,6,3,0.5
2023-11-10,comment_only_user_day,14,4,0.2857142857142857
2023-11-10,question_user_day,7,3,0.42857142857142855
2023-11-11,answer_user_day,4,4,1.0
2023-11-11,comment_only_user_day,17,7,0.4117647058823529
2023-11-11,question_user_day,6,2,0.3333333333333333
2023-11-12,answer_user_day,9,7,0.7777777777777778
2023-11-12,comment_only_user_day,14,3,0.21428571428571427
2023-11-12,question_user_day,4,1,0.25
2023-11-13,answer_user_day,9,5,0.5555555555555556
2023-11-13,comment_only_user_day,28,4,0.14285714285714285
2023-11-13,question_user_day,1,1,1.0
2023-11-14,answer_user_day,4,0,0.0
2023-11-14,comment_only_user_day,21,2,0.09523809523809523
2023-11-14,question_user_day,5,1,0.2
2023-11-15,answer_user_day,7,4,0.5714285714285714
2023-11-15,comment_only_user_day,6,1,0.16666666666666666
2023-11-15,question_user_day,2,0,0.0
2023-11-16,answer_user_day,4,3,0.75
2023-11-16,comment_only_user_day,13,2,0.15384615384615385
2023-11-16,question_user_day,4,1,0.25
2023-11-17,answer_user_day,9,5,0.5555555555555556
2023-11-17,comment_only_user_day,18,3,0.16666666666666666
2023-11-17,question_user_day,5,0,0.0
2023-11-18,answer_user_day,9,4,0.4444444444444444
2023-11-18,comment_only_user_day,10,3,0.3
2023-11-18,question_user_day,5,2,0.4
2023-11-19,answer_user_day,4,1,0.25
2023-11-19,comment_only_user_day,14,3,0.21428571428571427
2023-11-19,question_user_day,8,3,0.375
2023-11-20,answer_user_day,6,5,0.8333333333333334
2023-11-20,comment_only_user_day,11,1,0.09090909090909091
2023-11-20,question_user_day,7,2,0.2857142857142857
2023-11-21,answer_user_day,4,2,0.5
2023-11-21,comment_only_user_day,17,7,0.4117647058823529
2023-11-21,question_user_day,4,1,0.25
2023-11-22,answer_user_day,9,3,0.3333333333333333
2023-11-22,comment_only_user_day,19,6,0.3157894736842105
2023-11-22,question_user_day,5,2,0.4
2023-11-23,answer_user_day,11,6,0.5454545454545454
2023-11-23,comment_only_user_day,16,2,0.125
2023-11-23,question_user_day,6,1,0.16666666666666666
2023-11-24,answer_user_day,9,5,0.5555555555555556
2023-11-24,comment_only_user_day,18,5,0.2777777777777778
2023-11-24,question_user_day,7,3,0.42857142857142855
2023-11-25,answer_user_day,9,4,0.4444444444444444
2023-11-25,comment_only_user_day,17,7,0.4117647058823529
2023-11-25,question_user_day,8,4,0.5
2023-11-26,answer_user_day,9,3,0.3333333333333333
2023-11-26,comment_only_user_day,19,5,0.2631578947368421
2023-11-26,question_user_day,6,1,0.16666666666666666
2023-11-27,answer_user_day,4,3,0.75
2023-11-27,comment_only_user_day,16,6,0.375
2023-11-27,question_user_day,6,2,0.3333333333333333
2023-11-28,answer_user_day,10,5,0.5
2023-11-28,comment_only_user_day,20,5,0.25
2023-11-28,question_user_day,6,0,0.0
2023-11-29,answer_user_day,6,4,0.6666666666666666
2023-11-29,comment_only_user_day,18,6,0.3333333333333333
2023-11-29,question_user_day,3,0,0.0
2023-11-30,answer_user_day,7,5,0.7142857142857143
2023-11-30,comment_only_user_day,14,5,0.35714285714285715
2023-11-30,question_user_day,7,1,0.14285714285714285
2023-12-01,answer_user_day,7,3,0.42857142857142855
2023-12-01,comment_only_user_day,22,3,0.13636363636363635
2023-12-01,question_user_day,8,3,0.375
2023-12-02,answer_user_day,5,1,0.2
2023-12-02,comment_only_user_day,17,3,0.17647058823529413
2023-12-02,question_user_day,1,0,0.0
2023-12-03,answer_user_day,4,3,0.75
2023-12-03,comment_only_user_day,7,2,0.2857142857142857
2023-12-03,question_user_day,5,1,0.2
2023-12-04,answer_user_day,9,3,0.3333333333333333
2023-12-04,comment_only_user_day,34,4,0.11764705882352941
2023-12-04,question_user_day,6,4,0.6666666666666666
2023-12-05,answer_user_day,1,0,0.0
2023-12-05,comment_only_user_day,23,7,0.30434782608695654
2023-12-05,question_user_day,3,1,0.3333333333333333
2023-12-06,answer_user_day,8,5,0.625
2023-12-06,comment_only_user_day,11,3,0.2727272727272727
2023-12-06,question_user_day,6,2,0.3333333333333333
2023-12-07,answer_user_day,7,5,0.7142857142857143
2023-12-07,comment_only_user_day,18,6,0.3333333333333333
2023-12-07,question_user_day,6,1,0.16666666666666666
2023-12-08,answer_user_day,11,7,0.6363636363636364
2023-12-08,comment_only_user_day,19,4,0.21052631578947367
2023-12-08,question_user_day,6,1,0.16666666666666666
2023-12-09,answer_user_day,5,0,0.0
2023-12-09,comment_only_user_day,18,7,0.3888888888888889
2023-12-09,question_user_day,5,1,0.2
2023-12-10,answer_user_day,7,4,0.5714285714285714
2023-12-10,comment_only_user_day,18,5,0.2777777777777778
2023-12-10,question_user_day,3,2,0.6666666666666666
2023-12-11,answer_user_day,9,2,0.2222222222222222
2023-12-11,comment_only_user_day,22,5,0.22727272727272727
2023-12-11,question_user_day,5,2,0.4
2023-12-12,answer_user_day,4,2,0.5
2023-12-12,comment_only_user_day,23,8,0.34782608695652173
2023-12-12,question_user_day,2,1,0.5
2023-12-13,answer_user_day,8,4,0.5
2023-12-13,comment_only_user_day,17,6,0.35294117647058826
2023-12-13,question_user_day,9,2,0.2222222222222222
2023-12-14,answer_user_day,8,5,0.625
2023-12-14,comment_only_user_day,18,5,0.2777777777777778
2023-12-14,question_user_day,9,5,0.5555555555555556
2023-12-15,answer_user_day,10,3,0.3
2023-12-15,comment_only_user_day,26,5,0.19230769230769232
2023-12-15,question_user_day,6,1,0.16666666666666666
2023-12-16,answer_user_day,6,5,0.8333333333333334
2023-12-16,comment_only_user_day,17,5,0.29411764705882354
2023-12-16,question_user_day,7,3,0.42857142857142855
2023-12-17,answer_user_day,6,4,0.6666666666666666
2023-12-17,comment_only_user_day,17,7,0.4117647058823529
2023-12-17,question_user_day,5,1,0.2
2023-12-18,answer_user_day,7,4,0.5714285714285714
2023-12-18,comment_only_user_day,30,11,0.36666666666666664
2023-12-18,question_user_day,5,1,0.2
2023-12-19,answer_user_day,11,5,0.45454545454545453
2023-12-19,comment_only_user_day,33,3,0.09090909090909091
2023-12-19,question_user_day,6,3,0.5
2023-12-20,answer_user_day,10,5,0.5
2023-12-20,comment_only_user_day,22,1,0.045454545454545456
2023-12-20,question_user_day,4,1,0.25
2023-12-21,answer_user_day,9,4,0.4444444444444444
2023-12-21,comment_only_user_day,19,4,0.21052631578947367
2023-12-21,question_user_day,5,2,0.4
2023-12-22,answer_user_day,6,2,0.3333333333333333
2023-12-22,comment_only_user_day,20,3,0.15
2023-12-22,question_user_day,5,2,0.4
2023-12-23,answer_user_day,9,5,0.5555555555555556
2023-12-23,comment_only_user_day,23,2,0.08695652173913043
2023-12-23,question_user_day,7,1,0.14285714285714285
2023-12-24,answer_user_day,7,1,0.14285714285714285
2023-12-24,comment_only_user_day,9,3,0.3333333333333333
2023-12-24,question_user_day,4,0,0.0
2023-12-25,answer_user_day,1,0,0.0
2023-12-25,comment_only_user_day,8,3,0.375
2023-12-25,question_user_day,3,0,0.0
2023-12-26,answer_user_day,7,4,0.5714285714285714
2023-12-26,comment_only_user_day,10,4,0.4
2023-12-26,question_user_day,4,1,0.25
2023-12-27,answer_user_day,9,2,0.2222222222222222
2023-12-27,comment_only_user_day,16,6,0.375
2023-12-27,question_user_day,9,2,0.2222222222222222
2023-12-28,answer_user_day,6,3,0.5
2023-12-28,comment_only_user_day,21,4,0.19047619047619047
2023-12-28,question_user_day,6,3,0.5
2023-12-29,answer_user_day,7,3,0.42857142857142855
2023-12-29,comment_only_user_day,23,5,0.21739130434782608
2023-12-29,question_user_day,5,2,0.4
2023-12-30,answer_user_day,9,4,0.4444444444444444
2023-12-30,comment_only_user_day,19,4,0.21052631578947367
2023-12-30,question_user_day,3,1,0.3333333333333333
2023-12-31,answer_user_day,6,1,0.16666666666666666
2023-12-31,comment_only_user_day,16,2,0.125
2023-12-31,question_user_day,1,0,0.0
2024-01-01,answer_user_day,4,2,0.5
2024-01-01,comment_only_user_day,11,5,0.45454545454545453
2024-01-01,question_user_day,3,2,0.6666666666666666
2024-01-02,answer_user_day,7,3,0.42857142857142855
2024-01-02,comment_only_user_day,25,5,0.2
2024-01-02,question_user_day,4,3,0.75
2024-01-03,answer_user_day,11,3,0.2727272727272727
2024-01-03,comment_only_user_day,32,7,0.21875
2024-01-03,question_user_day,8,0,0.0
2024-01-04,answer_user_day,10,5,0.5
2024-01-04,comment_only_user_day,14,2,0.14285714285714285
2024-01-04,question_user_day,5,1,0.2
2024-01-05,answer_user_day,11,6,0.5454545454545454
2024-01-05,comment_only_user_day,21,6,0.2857142857142857
2024-01-05,question_user_day,7,2,0.2857142857142857
2024-01-06,answer_user_day,14,6,0.42857142857142855
2024-01-06,comment_only_user_day,22,5,0.22727272727272727
2024-01-06,question_user_day,6,1,0.16666666666666666
2024-01-07,answer_user_day,5,2,0.4
2024-01-07,comment_only_user_day,35,10,0.2857142857142857
2024-01-07,question_user_day,5,2,0.4
2024-01-08,answer_user_day,10,5,0.5
2024-01-08,comment_only_user_day,31,12,0.3870967741935484
2024-01-08,question_user_day,11,0,0.0
2024-01-09,answer_user_day,12,4,0.3333333333333333
2024-01-09,comment_only_user_day,25,9,0.36
2024-01-09,question_user_day,9,3,0.3333333333333333
2024-01-10,answer_user_day,8,3,0.375
2024-01-10,comment_only_user_day,31,9,0.2903225806451613
2024-01-10,question_user_day,4,2,0.5
2024-01-11,answer_user_day,5,2,0.4
2024-01-11,comment_only_user_day,23,6,0.2608695652173913
2024-01-11,question_user_day,7,2,0.2857142857142857
2024-01-12,answer_user_day,7,1,0.14285714285714285
2024-01-12,comment_only_user_day,25,1,0.04
2024-01-12,question_user_day,8,0,0.0
2024-01-13,answer_user_day,9,5,0.5555555555555556
2024-01-13,comment_only_user_day,13,3,0.23076923076923078
2024-01-13,question_user_day,9,3,0.3333333333333333
2024-01-14,answer_user_day,8,3,0.375
2024-01-14,comment_only_user_day,21,6,0.2857142857142857
2024-01-14,question_user_day,6,1,0.16666666666666666
2024-01-15,answer_user_day,11,6,0.5454545454545454
2024-01-15,comment_only_user_day,17,6,0.35294117647058826
2024-01-15,question_user_day,9,2,0.2222222222222222
2024-01-16,answer_user_day,8,6,0.75
2024-01-16,comment_only_user_day,32,8,0.25
2024-01-16,question_user_day,10,3,0.3
2024-01-17,answer_user_day,8,4,0.5
2024-01-17,comment_only_user_day,25,6,0.24
2024-01-17,question_user_day,6,1,0.16666666666666666
2024-01-18,answer_user_day,6,2,0.3333333333333333
2024-01-18,comment_only_user_day,18,9,0.5
2024-01-18,question_user_day,10,1,0.1
2024-01-19,answer_user_day,8,3,0.375
2024-01-19,comment_only_user_day,16,4,0.25
2024-01-19,question_user_day,8,2,0.25
2024-01-20,answer_user_day,9,4,0.4444444444444444
2024-01-20,comment_only_user_day,12,5,0.4166666666666667
2024-01-20,question_user_day,7,1,0.14285714285714285
2024-01-21,answer_user_day,5,2,0.4
2024-01-21,comment_only_user_day,14,7,0.5
2024-01-21,question_user_day,2,1,0.5
2024-01-22,answer_user_day,8,6,0.75
2024-01-22,comment_only_user_day,15,4,0.26666666666666666
2024-01-22,question_user_day,6,4,0.6666666666666666
2024-01-23,answer_user_day,12,6,0.5
2024-01-23,comment_only_user_day,22,7,0.3181818181818182
2024-01-23,question_user_day,10,2,0.2
2024-01-24,answer_user_day,6,3,0.5
2024-01-24,comment_only_user_day,31,7,0.22580645161290322
2024-01-24,question_user_day,4,1,0.25
2024-01-25,answer_user_day,9,7,0.7777777777777778
2024-01-25,comment_only_user_day,24,6,0.25
2024-01-25,question_user_day,8,1,0.125
2024-01-26,answer_user_day,7,3,0.42857142857142855
2024-01-26,comment_only_user_day,26,8,0.3076923076923077
2024-01-26,question_user_day,7,1,0.14285714285714285
2024-01-27,answer_user_day,7,2,0.2857142857142857
2024-01-27,comment_only_user_day,10,2,0.2
2024-01-27,question_user_day,4,0,0.0
2024-01-28,answer_user_day,6,4,0.6666666666666666
2024-01-28,comment_only_user_day,12,2,0.16666666666666666
2024-01-28,question_user_day,6,1,0.16666666666666666
2024-01-29,answer_user_day,9,5,0.5555555555555556
2024-01-29,comment_only_user_day,22,9,0.4090909090909091
2024-01-29,question_user_day,9,3,0.3333333333333333
2024-01-30,answer_user_day,13,5,0.38461538461538464
2024-01-30,comment_only_user_day,29,8,0.27586206896551724
2024-01-30,question_user_day,4,3,0.75
2024-01-31,answer_user_day,10,3,0.3
2024-01-31,comment_only_user_day,26,4,0.15384615384615385
2024-01-31,question_user_day,8,1,0.125
2024-02-01,answer_user_day,6,4,0.6666666666666666
2024-02-01,comment_only_user_day,20,8,0.4
2024-02-01,question_user_day,8,3,0.375
2024-02-02,answer_user_day,11,2,0.18181818181818182
2024-02-02,comment_only_user_day,24,3,0.125
2024-02-02,question_user_day,10,2,0.2
2024-02-03,answer_user_day,7,4,0.5714285714285714
2024-02-03,comment_only_user_day,15,4,0.26666666666666666
2024-02-03,question_user_day,8,2,0.25
2024-02-04,answer_user_day,8,2,0.25
2024-02-04,comment_only_user_day,13,7,0.5384615384615384
2024-02-04,question_user_day,2,0,0.0
2024-02-05,answer_user_day,6,3,0.5
2024-02-05,comment_only_user_day,26,13,0.5
2024-02-05,question_user_day,4,1,0.25
2024-02-06,answer_user_day,10,4,0.4
2024-02-06,comment_only_user_day,34,12,0.35294117647058826
2024-02-06,question_user_day,7,2,0.2857142857142857
2024-02-07,answer_user_day,22,5,0.22727272727272727
2024-02-07,comment_only_user_day,38,7,0.18421052631578946
2024-02-07,question_user_day,9,1,0.1111111111111111
2024-02-08,answer_user_day,6,1,0.16666666666666666
2024-02-08,comment_only_user_day,27,7,0.25925925925925924
2024-02-08,question_user_day,8,2,0.25
2024-02-09,answer_user_day,8,3,0.375
2024-02-09,comment_only_user_day,20,2,0.1
2024-02-09,question_user_day,6,2,0.3333333333333333
2024-02-10,answer_user_day,5,3,0.6
2024-02-10,comment_only_user_day,18,3,0.16666666666666666
2024-02-10,question_user_day,7,1,0.14285714285714285
2024-02-11,answer_user_day,7,2,0.2857142857142857
2024-02-11,comment_only_user_day,19,6,0.3157894736842105
2024-02-11,question_user_day,9,2,0.2222222222222222
2024-02-12,answer_user_day,10,6,0.6
2024-02-12,comment_only_user_day,29,4,0.13793103448275862
2024-02-12,question_user_day,7,1,0.14285714285714285
2024-02-13,answer_user_day,5,3,0.6
2024-02-13,comment_only_user_day,24,5,0.20833333333333334
2024-02-13,question_user_day,5,1,0.2
2024-02-14,answer_user_day,11,4,0.36363636363636365
2024-02-14,comment_only_user_day,20,5,0.25
2024-02-14,question_user_day,8,2,0.25
2024-02-15,answer_user_day,4,1,0.25
2024-02-15,comment_only_user_day,20,7,0.35
2024-02-15,question_user_day,8,5,0.625
2024-02-16,answer_user_day,6,3,0.5
2024-02-16,comment_only_user_day,25,4,0.16
2024-02-16,question_user_day,8,2,0.25
2024-02-17,answer_user_day,7,0,0.0
2024-02-17,comment_only_user_day,15,6,0.4
2024-02-17,question_user_day,2,1,0.5
2024-02-18,answer_user_day,11,6,0.5454545454545454
2024-02-18,comment_only_user_day,11,4,0.36363636363636365
2024-02-18,question_user_day,7,1,0.14285714285714285
2024-02-19,answer_user_day,13,8,0.6153846153846154
2024-02-19,comment_only_user_day,41,8,0.1951219512195122
2024-02-19,question_user_day,7,3,0.42857142857142855
2024-02-20,answer_user_day,9,7,0.7777777777777778
2024-02-20,comment_only_user_day,27,7,0.25925925925925924
2024-02-20,question_user_day,5,1,0.2
2024-02-21,answer_user_day,13,8,0.6153846153846154
2024-02-21,comment_only_user_day,18,5,0.2777777777777778
2024-02-21,question_user_day,9,4,0.4444444444444444
2024-02-22,answer_user_day,6,3,0.5
2024-02-22,comment_only_user_day,42,14,0.3333333333333333
2024-02-22,question_user_day,7,2,0.2857142857142857
2024-02-23,answer_user_day,7,4,0.5714285714285714
2024-02-23,comment_only_user_day,30,7,0.23333333333333334
2024-02-23,question_user_day,4,0,0.0
2024-02-24,answer_user_day,5,3,0.6
2024-02-24,comment_only_user_day,16,6,0.375
2024-02-24,question_user_day,5,2,0.4
2024-02-25,answer_user_day,5,3,0.6
2024-02-25,comment_only_user_day,15,5,0.3333333333333333
2024-02-25,question_user_day,7,2,0.2857142857142857
2024-02-26,answer_user_day,5,1,0.2
2024-02-26,comment_only_user_day,26,8,0.3076923076923077
2024-02-26,question_user_day,4,0,0.0
2024-02-27,answer_user_day,7,5,0.7142857142857143
2024-02-27,comment_only_user_day,19,5,0.2631578947368421
2024-02-27,question_user_day,6,2,0.3333333333333333
2024-02-28,answer_user_day,2,2,1.0
2024-02-28,comment_only_user_day,22,8,0.36363636363636365
2024-02-28,question_user_day,5,3,0.6
2024-02-29,answer_user_day,5,0,0.0
2024-02-29,comment_only_user_day,23,7,0.30434782608695654
2024-02-29,question_user_day,3,0,0.0
2024-03-01,answer_user_day,3,0,0.0
2024-03-01,comment_only_user_day,12,5,0.4166666666666667
2024-03-01,question_user_day,3,0,0.0
2024-03-02,answer_user_day,4,3,0.75
2024-03-02,comment_only_user_day,15,3,0.2
2024-03-02,question_user_day,5,2,0.4
2024-03-03,answer_user_day,6,3,0.5
2024-03-03,comment_only_user_day,18,6,0.3333333333333333
2024-03-03,question_user_day,5,1,0.2
2024-03-04,answer_user_day,8,2,0.25
2024-03-04,comment_only_user_day,17,6,0.35294117647058826
2024-03-04,question_user_day,5,1,0.2
2024-03-05,answer_user_day,8,3,0.375
2024-03-05,comment_only_user_day,22,7,0.3181818181818182
2024-03-05,question_user_day,4,3,0.75
2024-03-06,answer_user_day,10,5,0.5
2024-03-06,comment_only_user_day,29,9,0.3103448275862069
2024-03-06,question_user_day,7,1,0.14285714285714285
2024-03-07,answer_user_day,6,2,0.3333333333333333
2024-03-07,comment_only_user_day,29,5,0.1724137931034483
2024-03-07,question_user_day,8,1,0.125
2024-03-08,answer_user_day,8,2,0.25
2024-03-08,comment_only_user_day,18,8,0.4444444444444444
2024-03-08,question_user_day,7,0,0.0
2024-03-09,answer_user_day,7,4,0.5714285714285714
2024-03-09,comment_only_user_day,14,2,0.14285714285714285
2024-03-09,question_user_day,8,4,0.5
2024-03-10,answer_user_day,9,3,0.3333333333333333
2024-03-10,comment_only_user_day,13,7,0.5384615384615384
2024-03-10,question_user_day,11,3,0.2727272727272727
2024-03-11,answer_user_day,9,4,0.4444444444444444
2024-03-11,comment_only_user_day,37,10,0.2702702702702703
2024-03-11,question_user_day,8,1,0.125
2024-03-12,answer_user_day,7,6,0.8571428571428571
2024-03-12,comment_only_user_day,25,7,0.28
2024-03-12,question_user_day,2,0,0.0
2024-03-13,answer_user_day,7,2,0.2857142857142857
2024-03-13,comment_only_user_day,22,3,0.13636363636363635
2024-03-13,question_user_day,6,2,0.3333333333333333
2024-03-14,answer_user_day,6,4,0.6666666666666666
2024-03-14,comment_only_user_day,10,3,0.3
2024-03-14,question_user_day,10,3,0.3
2024-03-15,answer_user_day,17,10,0.5882352941176471
2024-03-15,comment_only_user_day,23,2,0.08695652173913043
2024-03-15,question_user_day,15,4,0.26666666666666666
2024-03-16,answer_user_day,12,8,0.6666666666666666
2024-03-16,comment_only_user_day,18,2,0.1111111111111111
2024-03-16,question_user_day,7,3,0.42857142857142855
2024-03-17,answer_user_day,15,6,0.4
2024-03-17,comment_only_user_day,24,8,0.3333333333333333
2024-03-17,question_user_day,8,1,0.125
2024-03-18,answer_user_day,8,4,0.5
2024-03-18,comment_only_user_day,28,7,0.25
2024-03-18,question_user_day,5,1,0.2
2024-03-19,answer_user_day,9,4,0.4444444444444444
2024-03-19,comment_only_user_day,26,8,0.3076923076923077
2024-03-19,question_user_day,4,0,0.0
2024-03-20,answer_user_day,8,6,0.75
2024-03-20,comment_only_user_day,19,8,0.42105263157894735
2024-03-20,question_user_day,8,1,0.125
2024-03-21,answer_user_day,11,6,0.5454545454545454
2024-03-21,comment_only_user_day,27,3,0.1111111111111111
2024-03-21,question_user_day,8,3,0.375
2024-03-22,answer_user_day,10,2,0.2
2024-03-22,comment_only_user_day,28,7,0.25
2024-03-22,question_user_day,9,0,0.0
2024-03-23,answer_user_day,3,2,0.6666666666666666
2024-03-23,comment_only_user_day,15,5,0.3333333333333333
2024-03-23,question_user_day,1,0,0.0
2024-03-24,answer_user_day,6,1,0.16666666666666666
2024-03-24,comment_only_user_day,10,5,0.5
2024-03-24,question_user_day,2,1,0.5
2024-03-25,answer_user_day,10,6,0.6
2024-03-25,comment_only_user_day,22,8,0.36363636363636365
2024-03-25,question_user_day,7,0,0.0
2024-03-26,answer_user_day,14,3,0.21428571428571427
2024-03-26,comment_only_user_day,31,11,0.3548387096774194
2024-03-26,question_user_day,8,1,0.125
2024-03-27,answer_user_day,9,6,0.6666666666666666
2024-03-27,comment_only_user_day,22,3,0.13636363636363635
2024-03-27,question_user_day,6,2,0.3333333333333333
2024-03-28,answer_user_day,13,3,0.23076923076923078
2024-03-28,comment_only_user_day,18,3,0.16666666666666666
2024-03-28,question_user_day,5,1,0.2
2024-03-29,answer_user_day,4,2,0.5
2024-03-29,comment_only_user_day,19,4,0.21052631578947367
2024-03-29,question_user_day,6,1,0.16666666666666666
2024-03-30,answer_user_day,5,2,0.4
2024-03-30,comment_only_user_day,14,5,0.35714285714285715
2024-03-30,question_user_day,5,2,0.4
2024-03-31,answer_user_day,6,0,0.0
2024-03-31,comment_only_user_day,19,0,0.0
2024-03-31,question_user_day,2,0,0.0
