event_date,base_users,retained_users,d1_retention
2011-06-21,36,22,0.6111111111111112
2011-06-22,52,24,0.46153846153846156
2011-06-23,33,17,0.5151515151515151
2011-06-24,30,12,0.4
2011-06-25,17,10,0.5882352941176471
2011-06-26,14,8,0.5714285714285714
2011-06-27,26,13,0.5
2011-06-28,38,23,0.6052631578947368
2011-06-29,61,17,0.2786885245901639
2011-06-30,25,9,0.36
2011-07-01,18,3,0.16666666666666666
2011-07-02,14,4,0.2857142857142857
2011-07-03,13,4,0.3076923076923077
2011-07-04,16,6,0.375
2011-07-05,21,6,0.2857142857142857
2011-07-06,14,5,0.35714285714285715
2011-07-07,20,6,0.3
2011-07-08,14,5,0.35714285714285715
2011-07-09,13,5,0.38461538461538464
2011-07-10,17,6,0.35294117647058826
2011-07-11,26,11,0.4230769230769231
2011-07-12,21,10,0.47619047619047616
2011-07-13,19,6,0.3157894736842105
2011-07-14,12,7,0.5833333333333334
2011-07-15,17,8,0.47058823529411764
2011-07-16,13,6,0.46153846153846156
2011-07-17,11,4,0.36363636363636365
2011-07-18,21,7,0.3333333333333333
2011-07-19,14,8,0.5714285714285714
2011-07-20,19,7,0.3684210526315789
2011-07-21,13,6,0.46153846153846156
2011-07-22,14,3,0.21428571428571427
2011-07-23,7,4,0.5714285714285714
2011-07-24,9,5,0.5555555555555556
2011-07-25,13,5,0.38461538461538464
2011-07-26,15,4,0.26666666666666666
2011-07-27,11,6,0.5454545454545454
2011-07-28,18,7,0.3888888888888889
2011-07-29,14,3,0.21428571428571427
2011-07-30,7,2,0.2857142857142857
2011-07-31,16,10,0.625
2011-08-01,31,10,0.3225806451612903
2011-08-02,24,8,0.3333333333333333
2011-08-03,15,5,0.3333333333333333
2011-08-04,13,4,0.3076923076923077
2011-08-05,13,5,0.38461538461538464
2011-08-06,20,3,0.15
2011-08-07,12,1,0.08333333333333333
2011-08-08,18,6,0.3333333333333333
2011-08-09,15,7,0.4666666666666667
2011-08-10,17,3,0.17647058823529413
2011-08-11,8,1,0.125
2011-08-12,14,5,0.35714285714285715
2011-08-13,14,6,0.42857142857142855
2011-08-14,9,4,0.4444444444444444
2011-08-15,21,6,0.2857142857142857
2011-08-16,17,6,0.35294117647058826
2011-08-17,15,4,0.26666666666666666
2011-08-18,9,2,0.2222222222222222
2011-08-19,11,0,0.0
2011-08-20,3,1,0.3333333333333333
2011-08-21,5,2,0.4
2011-08-22,19,9,0.47368421052631576
2011-08-23,20,9,0.45
2011-08-24,25,8,0.32
2011-08-25,23,9,0.391304347826087
2011-08-26,25,10,0.4
2011-08-27,15,5,0.3333333333333333
2011-08-28,12,3,0.25
2011-08-29,10,7,0.7
2011-08-30,16,7,0.4375
2011-08-31,18,8,0.4444444444444444
2011-09-01,18,7,0.3888888888888889
2011-09-02,16,2,0.125
2011-09-03,4,1,0.25
2011-09-04,8,3,0.375
2011-09-05,11,6,0.5454545454545454
2011-09-06,24,5,0.20833333333333334
2011-09-07,13,5,0.38461538461538464
2011-09-08,9,3,0.3333333333333333
2011-09-09,17,3,0.17647058823529413
2011-09-10,9,2,0.2222222222222222
2011-09-11,9,5,0.5555555555555556
2011-09-12,16,7,0.4375
2011-09-13,14,7,0.5
2011-09-14,16,7,0.4375
2011-09-15,15,8,0.5333333333333333
2011-09-16,20,8,0.4
2011-09-17,14,3,0.21428571428571427
2011-09-18,10,2,0.2
2011-09-19,11,4,0.36363636363636365
2011-09-20,18,9,0.5
2011-09-21,14,9,0.6428571428571429
2011-09-22,28,12,0.42857142857142855
2011-09-23,18,10,0.5555555555555556
2011-09-24,14,4,0.2857142857142857
2011-09-25,6,3,0.5
2011-09-26,24,8,0.3333333333333333
2011-09-27,21,9,0.42857142857142855
2011-09-28,13,5,0.38461538461538464
2011-09-29,17,6,0.35294117647058826
2011-09-30,13,5,0.38461538461538464
2011-10-01,13,6,0.46153846153846156
2011-10-02,18,8,0.4444444444444444
2011-10-03,23,9,0.391304347826087
2011-10-04,14,8,0.5714285714285714
2011-10-05,16,6,0.375
2011-10-06,9,6,0.6666666666666666
2011-10-07,18,1,0.05555555555555555
2011-10-08,8,3,0.375
2011-10-09,16,7,0.4375
2011-10-10,14,3,0.21428571428571427
2011-10-11,6,3,0.5
2011-10-12,9,4,0.4444444444444444
2011-10-13,17,5,0.29411764705882354
2011-10-14,10,3,0.3
2011-10-15,13,6,0.46153846153846156
2011-10-16,15,6,0.4
2011-10-17,16,5,0.3125
2011-10-18,16,5,0.3125
2011-10-19,23,9,0.391304347826087
2011-10-20,20,6,0.3
2011-10-21,11,6,0.5454545454545454
2011-10-22,14,6,0.42857142857142855
2011-10-23,16,8,0.5
2011-10-24,18,5,0.2777777777777778
2011-10-25,7,3,0.42857142857142855
2011-10-26,26,9,0.34615384615384615
2011-10-27,21,7,0.3333333333333333
2011-10-28,41,6,0.14634146341463414
2011-10-29,17,3,0.17647058823529413
2011-10-30,8,5,0.625
2011-10-31,25,7,0.28
2011-11-01,14,7,0.5
2011-11-02,20,7,0.35
2011-11-03,21,5,0.23809523809523808
2011-11-04,16,7,0.4375
2011-11-05,18,8,0.4444444444444444
2011-11-06,16,10,0.625
2011-11-07,33,16,0.48484848484848486
2011-11-08,21,8,0.38095238095238093
2011-11-09,30,13,0.43333333333333335
2011-11-10,28,4,0.14285714285714285
2011-11-11,7,2,0.2857142857142857
2011-11-12,13,5,0.38461538461538464
2011-11-13,8,3,0.375
2011-11-14,15,7,0.4666666666666667
2011-11-15,19,6,0.3157894736842105
2011-11-16,17,8,0.47058823529411764
2011-11-17,19,8,0.42105263157894735
2011-11-18,18,5,0.2777777777777778
2011-11-19,7,5,0.7142857142857143
2011-11-20,7,5,0.7142857142857143
2011-11-21,16,7,0.4375
2011-11-22,18,6,0.3333333333333333
2011-11-23,20,6,0.3
2011-11-24,11,6,0.5454545454545454
2011-11-25,17,4,0.23529411764705882
2011-11-26,14,4,0.2857142857142857
2011-11-27,10,4,0.4
2011-11-28,18,9,0.5
2011-11-29,32,12,0.375
2011-11-30,24,10,0.4166666666666667
2011-12-01,20,9,0.45
2011-12-02,23,4,0.17391304347826086
2011-12-03,10,2,0.2
2011-12-04,12,6,0.5
2011-12-05,20,6,0.3
2011-12-06,19,9,0.47368421052631576
2011-12-07,29,9,0.3103448275862069
2011-12-08,19,8,0.42105263157894735
2011-12-09,22,5,0.22727272727272727
2011-12-10,13,2,0.15384615384615385
2011-12-11,8,3,0.375
2011-12-12,23,10,0.43478260869565216
2011-12-13,22,12,0.5454545454545454
2011-12-14,22,11,0.5
2011-12-15,19,10,0.5263157894736842
2011-12-16,22,9,0.4090909090909091
2011-12-17,15,5,0.3333333333333333
2011-12-18,12,9,0.75
2011-12-19,21,15,0.7142857142857143
2011-12-20,24,14,0.5833333333333334
2011-12-21,21,11,0.5238095238095238
2011-12-22,22,7,0.3181818181818182
2011-12-23,14,5,0.35714285714285715
2011-12-24,11,4,0.36363636363636365
2011-12-25,10,3,0.3
2011-12-26,12,5,0.4166666666666667
2011-12-27,19,10,0.5263157894736842
2011-12-28,24,11,0.4583333333333333
2011-12-29,23,7,0.30434782608695654
2011-12-30,16,3,0.1875
2011-12-31,5,3,0.6
2012-01-01,10,5,0.5
2012-01-02,16,3,0.1875
2012-01-03,13,5,0.38461538461538464
2012-01-04,23,4,0.17391304347826086
2012-01-05,14,2,0.14285714285714285
2012-01-06,4,2,0.5
2012-01-07,12,5,0.4166666666666667
2012-01-08,16,7,0.4375
2012-01-09,18,7,0.3888888888888889
2012-01-10,21,12,0.5714285714285714
2012-01-11,26,10,0.38461538461538464
2012-01-12,27,12,0.4444444444444444
2012-01-13,25,4,0.16
2012-01-14,8,2,0.25
2012-01-15,10,4,0.4
2012-01-16,24,8,0.3333333333333333
2012-01-17,24,10,0.4166666666666667
2012-01-18,27,11,0.4074074074074074
2012-01-19,24,6,0.25
2012-01-20,21,8,0.38095238095238093
2012-01-21,19,7,0.3684210526315789
2012-01-22,17,12,0.7058823529411765
2012-01-23,33,15,0.45454545454545453
2012-01-24,29,10,0.3448275862068966
2012-01-25,23,9,0.391304347826087
2012-01-26,25,10,0.4
2012-01-27,20,8,0.4
2012-01-28,14,7,0.5
2012-01-29,24,12,0.5
2012-01-30,37,18,0.4864864864864865
2012-01-31,36,11,0.3055555555555556
2012-02-01,21,9,0.42857142857142855
2012-02-02,40,8,0.2
2012-02-03,17,3,0.17647058823529413
2012-02-04,12,3,0.25
2012-02-05,13,5,0.38461538461538464
2012-02-06,15,10,0.6666666666666666
2012-02-07,23,11,0.4782608695652174
2012-02-08,33,12,0.36363636363636365
2012-02-09,25,4,0.16
2012-02-10,17,3,0.17647058823529413
2012-02-11,12,5,0.4166666666666667
2012-02-12,14,10,0.7142857142857143
2012-02-13,28,13,0.4642857142857143
2012-02-14,22,12,0.5454545454545454
2012-02-15,21,11,0.5238095238095238
2012-02-16,26,8,0.3076923076923077
2012-02-17,14,4,0.2857142857142857
2012-02-18,10,2,0.2
2012-02-19,17,12,0.7058823529411765
2012-02-20,31,10,0.3225806451612903
2012-02-21,27,8,0.2962962962962963
2012-02-22,24,10,0.4166666666666667
2012-02-23,20,4,0.2
2012-02-24,17,4,0.23529411764705882
2012-02-25,12,4,0.3333333333333333
2012-02-26,13,6,0.46153846153846156
2012-02-27,20,7,0.35
2012-02-28,17,10,0.5882352941176471
2012-02-29,16,9,0.5625
2012-03-01,19,7,0.3684210526315789
2012-03-02,16,2,0.125
2012-03-03,9,2,0.2222222222222222
2012-03-04,13,8,0.6153846153846154
2012-03-05,22,8,0.36363636363636365
2012-03-06,23,10,0.43478260869565216
2012-03-07,16,10,0.625
2012-03-08,25,7,0.28
2012-03-09,14,1,0.07142857142857142
2012-03-10,9,4,0.4444444444444444
2012-03-11,16,3,0.1875
2012-03-12,13,6,0.46153846153846156
2012-03-13,21,9,0.42857142857142855
2012-03-14,22,10,0.45454545454545453
2012-03-15,26,9,0.34615384615384615
2012-03-16,21,3,0.14285714285714285
2012-03-17,10,5,0.5
2012-03-18,15,6,0.4
2012-03-19,18,7,0.3888888888888889
2012-03-20,29,6,0.20689655172413793
2012-03-21,12,2,0.16666666666666666
2012-03-22,16,7,0.4375
2012-03-23,21,5,0.23809523809523808
2012-03-24,12,5,0.4166666666666667
2012-03-25,17,7,0.4117647058823529
2012-03-26,21,6,0.2857142857142857
2012-03-27,20,9,0.45
2012-03-28,18,11,0.6111111111111112
2012-03-29,21,8,0.38095238095238093
2012-03-30,22,9,0.4090909090909091
2012-03-31,15,5,0.3333333333333333
2012-04-01,9,4,0.4444444444444444
2012-04-02,19,8,0.42105263157894735
2012-04-03,20,3,0.15
2012-04-04,15,6,0.4
2012-04-05,23,5,0.21739130434782608
2012-04-06,11,2,0.18181818181818182
2012-04-07,10,1,0.1
2012-04-08,12,2,0.16666666666666666
2012-04-09,8,0,0.0
2012-04-10,15,4,0.26666666666666666
2012-04-11,18,7,0.3888888888888889
2012-04-12,16,7,0.4375
2012-04-13,23,10,0.43478260869565216
2012-04-14,16,5,0.3125
2012-04-15,25,9,0.36
2012-04-16,18,7,0.3888888888888889
2012-04-17,25,7,0.28
2012-04-18,16,4,0.25
2012-04-19,15,8,0.5333333333333333
2012-04-20,18,6,0.3333333333333333
2012-04-21,9,6,0.6666666666666666
2012-04-22,17,4,0.23529411764705882
2012-04-23,21,9,0.42857142857142855
2012-04-24,21,7,0.3333333333333333
2012-04-25,18,9,0.5
2012-04-26,20,10,0.5
2012-04-27,22,4,0.18181818181818182
2012-04-28,17,2,0.11764705882352941
2012-04-29,8,3,0.375
2012-04-30,21,7,0.3333333333333333
2012-05-01,17,7,0.4117647058823529
2012-05-02,20,10,0.5
2012-05-03,24,12,0.5
2012-05-04,30,5,0.16666666666666666
2012-05-05,12,0,0.0
2012-05-06,11,3,0.2727272727272727
2012-05-07,23,9,0.391304347826087
2012-05-08,25,13,0.52
2012-05-09,30,7,0.23333333333333334
2012-05-10,23,2,0.08695652173913043
2012-05-11,12,3,0.25
2012-05-12,19,7,0.3684210526315789
2012-05-13,15,9,0.6
2012-05-14,31,10,0.3225806451612903
2012-05-15,26,10,0.38461538461538464
2012-05-16,22,7,0.3181818181818182
2012-05-17,18,5,0.2777777777777778
2012-05-18,13,1,0.07692307692307693
2012-05-19,9,1,0.1111111111111111
2012-05-20,17,5,0.29411764705882354
2012-05-21,20,7,0.35
2012-05-22,25,9,0.36
2012-05-23,23,10,0.43478260869565216
2012-05-24,28,9,0.32142857142857145
2012-05-25,22,4,0.18181818181818182
2012-05-26,16,7,0.4375
2012-05-27,21,5,0.23809523809523808
2012-05-28,16,10,0.625
2012-05-29,22,10,0.45454545454545453
2012-05-30,25,11,0.44
2012-05-31,27,8,0.2962962962962963
2012-06-01,23,7,0.30434782608695654
2012-06-02,15,6,0.4
2012-06-03,16,7,0.4375
2012-06-04,20,5,0.25
2012-06-05,15,6,0.4
2012-06-06,20,5,0.25
2012-06-07,21,8,0.38095238095238093
2012-06-08,20,1,0.05
2012-06-09,11,4,0.36363636363636365
2012-06-10,15,8,0.5333333333333333
2012-06-11,27,13,0.48148148148148145
2012-06-12,24,9,0.375
2012-06-13,22,11,0.5
2012-06-14,52,13,0.25
2012-06-15,40,5,0.125
2012-06-16,12,2,0.16666666666666666
2012-06-17,20,6,0.3
2012-06-18,25,14,0.56
2012-06-19,36,10,0.2777777777777778
2012-06-20,20,7,0.35
2012-06-21,29,13,0.4482758620689655
2012-06-22,31,15,0.4838709677419355
2012-06-23,24,10,0.4166666666666667
2012-06-24,21,10,0.47619047619047616
2012-06-25,27,9,0.3333333333333333
2012-06-26,23,5,0.21739130434782608
2012-06-27,17,8,0.47058823529411764
2012-06-28,19,6,0.3157894736842105
2012-06-29,24,7,0.2916666666666667
2012-06-30,20,8,0.4
2012-07-01,19,9,0.47368421052631576
2012-07-02,19,7,0.3684210526315789
2012-07-03,23,6,0.2608695652173913
2012-07-04,14,4,0.2857142857142857
2012-07-05,21,10,0.47619047619047616
2012-07-06,19,2,0.10526315789473684
2012-07-07,7,3,0.42857142857142855
2012-07-08,14,6,0.42857142857142855
2012-07-09,17,6,0.35294117647058826
2012-07-10,27,8,0.2962962962962963
2012-07-11,22,6,0.2727272727272727
2012-07-12,21,3,0.14285714285714285
2012-07-13,9,1,0.1111111111111111
2012-07-14,11,3,0.2727272727272727
2012-07-15,8,2,0.25
2012-07-16,17,9,0.5294117647058824
2012-07-17,19,8,0.42105263157894735
2012-07-18,21,6,0.2857142857142857
2012-07-19,17,5,0.29411764705882354
2012-07-20,20,5,0.25
2012-07-21,9,5,0.5555555555555556
2012-07-22,17,2,0.11764705882352941
2012-07-23,12,5,0.4166666666666667
2012-07-24,34,5,0.14705882352941177
2012-07-25,12,3,0.25
2012-07-26,16,3,0.1875
2012-07-27,20,4,0.2
2012-07-28,6,1,0.16666666666666666
2012-07-29,9,3,0.3333333333333333
2012-07-30,21,7,0.3333333333333333
2012-07-31,17,3,0.17647058823529413
2012-08-01,6,1,0.16666666666666666
2012-08-02,17,5,0.29411764705882354
2012-08-03,18,5,0.2777777777777778
2012-08-04,9,3,0.3333333333333333
2012-08-05,9,5,0.5555555555555556
2012-08-06,21,5,0.23809523809523808
2012-08-07,23,5,0.21739130434782608
2012-08-08,19,4,0.21052631578947367
2012-08-09,19,7,0.3684210526315789
2012-08-10,27,7,0.25925925925925924
2012-08-11,17,7,0.4117647058823529
2012-08-12,22,11,0.5
2012-08-13,24,5,0.20833333333333334
2012-08-14,16,5,0.3125
2012-08-15,18,6,0.3333333333333333
2012-08-16,27,13,0.48148148148148145
2012-08-17,19,4,0.21052631578947367
2012-08-18,11,6,0.5454545454545454
2012-08-19,22,9,0.4090909090909091
2012-08-20,22,9,0.4090909090909091
2012-08-21,22,6,0.2727272727272727
2012-08-22,19,6,0.3157894736842105
2012-08-23,22,4,0.18181818181818182
2012-08-24,19,4,0.21052631578947367
2012-08-25,17,2,0.11764705882352941
2012-08-26,12,4,0.3333333333333333
2012-08-27,25,7,0.28
2012-08-28,25,7,0.28
2012-08-29,21,6,0.2857142857142857
2012-08-30,15,3,0.2
2012-08-31,17,4,0.23529411764705882
2012-09-01,11,3,0.2727272727272727
2012-09-02,10,5,0.5
2012-09-03,29,6,0.20689655172413793
2012-09-04,19,5,0.2631578947368421
2012-09-05,15,5,0.3333333333333333
2012-09-06,21,6,0.2857142857142857
2012-09-07,21,4,0.19047619047619047
2012-09-08,10,5,0.5
2012-09-09,20,4,0.2
2012-09-10,18,10,0.5555555555555556
2012-09-11,21,9,0.42857142857142855
2012-09-12,24,9,0.375
2012-09-13,24,9,0.375
2012-09-14,25,7,0.28
2012-09-15,16,7,0.4375
2012-09-16,20,12,0.6
2012-09-17,26,13,0.5
2012-09-18,24,9,0.375
2012-09-19,23,11,0.4782608695652174
2012-09-20,33,11,0.3333333333333333
2012-09-21,19,4,0.21052631578947367
2012-09-22,11,3,0.2727272727272727
2012-09-23,14,4,0.2857142857142857
2012-09-24,17,5,0.29411764705882354
2012-09-25,22,5,0.22727272727272727
2012-09-26,13,6,0.46153846153846156
2012-09-27,13,5,0.38461538461538464
2012-09-28,19,5,0.2631578947368421
2012-09-29,11,5,0.45454545454545453
2012-09-30,18,6,0.3333333333333333
2012-10-01,18,6,0.3333333333333333
2012-10-02,18,3,0.16666666666666666
2012-10-03,13,5,0.38461538461538464
2012-10-04,17,7,0.4117647058823529
2012-10-05,34,5,0.14705882352941177
2012-10-06,10,1,0.1
2012-10-07,16,6,0.375
2012-10-08,20,7,0.35
2012-10-09,22,6,0.2727272727272727
2012-10-10,28,9,0.32142857142857145
2012-10-11,22,7,0.3181818181818182
2012-10-12,16,2,0.125
2012-10-13,9,3,0.3333333333333333
2012-10-14,15,5,0.3333333333333333
2012-10-15,20,5,0.25
2012-10-16,14,5,0.35714285714285715
2012-10-17,24,8,0.3333333333333333
2012-10-18,22,6,0.2727272727272727
2012-10-19,32,6,0.1875
2012-10-20,13,3,0.23076923076923078
2012-10-21,13,5,0.38461538461538464
2012-10-22,16,8,0.5
2012-10-23,15,3,0.2
2012-10-24,14,4,0.2857142857142857
2012-10-25,17,3,0.17647058823529413
2012-10-26,16,2,0.125
2012-10-27,4,2,0.5
2012-10-28,17,5,0.29411764705882354
2012-10-29,22,7,0.3181818181818182
2012-10-30,24,7,0.2916666666666667
2012-10-31,22,10,0.45454545454545453
2012-11-01,19,7,0.3684210526315789
2012-11-02,17,3,0.17647058823529413
2012-11-03,11,4,0.36363636363636365
2012-11-04,11,4,0.36363636363636365
2012-11-05,13,5,0.38461538461538464
2012-11-06,16,6,0.375
2012-11-07,21,5,0.23809523809523808
2012-11-08,10,3,0.3
2012-11-09,13,6,0.46153846153846156
2012-11-10,12,3,0.25
2012-11-11,10,4,0.4
2012-11-12,30,6,0.2
2012-11-13,22,4,0.18181818181818182
2012-11-14,12,1,0.08333333333333333
2012-11-15,14,3,0.21428571428571427
2012-11-16,16,2,0.125
2012-11-17,11,4,0.36363636363636365
2012-11-18,10,1,0.1
2012-11-19,23,6,0.2608695652173913
2012-11-20,27,7,0.25925925925925924
2012-11-21,18,1,0.05555555555555555
2012-11-22,15,4,0.26666666666666666
2012-11-23,18,5,0.2777777777777778
2012-11-24,18,2,0.1111111111111111
2012-11-25,17,2,0.11764705882352941
2012-11-26,20,4,0.2
2012-11-27,14,2,0.14285714285714285
2012-11-28,26,10,0.38461538461538464
2012-11-29,19,8,0.42105263157894735
2012-11-30,16,2,0.125
2012-12-01,17,1,0.058823529411764705
2012-12-02,9,3,0.3333333333333333
2012-12-03,37,9,0.24324324324324326
2012-12-04,23,7,0.30434782608695654
2012-12-05,17,3,0.17647058823529413
2012-12-06,21,9,0.42857142857142855
2012-12-07,21,8,0.38095238095238093
2012-12-08,14,4,0.2857142857142857
2012-12-09,18,10,0.5555555555555556
2012-12-10,29,11,0.3793103448275862
2012-12-11,22,12,0.5454545454545454
2012-12-12,27,6,0.2222222222222222
2012-12-13,15,5,0.3333333333333333
2012-12-14,15,2,0.13333333333333333
2012-12-15,6,3,0.5
2012-12-16,14,8,0.5714285714285714
2012-12-17,26,12,0.46153846153846156
2012-12-18,22,7,0.3181818181818182
2012-12-19,17,9,0.5294117647058824
2012-12-20,28,6,0.21428571428571427
2012-12-21,14,6,0.42857142857142855
2012-12-22,19,7,0.3684210526315789
2012-12-23,25,8,0.32
2012-12-24,23,8,0.34782608695652173
2012-12-25,12,3,0.25
2012-12-26,16,7,0.4375
2012-12-27,13,1,0.07692307692307693
2012-12-28,12,1,0.08333333333333333
2012-12-29,12,3,0.25
2012-12-30,13,4,0.3076923076923077
2012-12-31,20,0,0.0
2013-01-01,7,2,0.2857142857142857
2013-01-02,17,4,0.23529411764705882
2013-01-03,14,5,0.35714285714285715
2013-01-04,20,7,0.35
2013-01-05,23,6,0.2608695652173913
2013-01-06,22,7,0.3181818181818182
2013-01-07,20,5,0.25
2013-01-08,20,7,0.35
2013-01-09,29,8,0.27586206896551724
2013-01-10,35,11,0.3142857142857143
2013-01-11,23,3,0.13043478260869565
2013-01-12,14,3,0.21428571428571427
2013-01-13,15,4,0.26666666666666666
2013-01-14,17,8,0.47058823529411764
2013-01-15,35,12,0.34285714285714286
2013-01-16,27,8,0.2962962962962963
2013-01-17,19,5,0.2631578947368421
2013-01-18,14,2,0.14285714285714285
2013-01-19,7,1,0.14285714285714285
2013-01-20,16,4,0.25
2013-01-21,20,10,0.5
2013-01-22,36,13,0.3611111111111111
2013-01-23,32,12,0.375
2013-01-24,31,17,0.5483870967741935
2013-01-25,41,11,0.2682926829268293
2013-01-26,18,10,0.5555555555555556
2013-01-27,29,9,0.3103448275862069
2013-01-28,38,17,0.4473684210526316
2013-01-29,37,11,0.2972972972972973
2013-01-30,25,8,0.32
2013-01-31,27,13,0.48148148148148145
2013-02-01,26,7,0.2692307692307692
2013-02-02,19,5,0.2631578947368421
2013-02-03,19,5,0.2631578947368421
2013-02-04,23,7,0.30434782608695654
2013-02-05,28,9,0.32142857142857145
2013-02-06,32,10,0.3125
2013-02-07,37,11,0.2972972972972973
2013-02-08,35,7,0.2
2013-02-09,24,9,0.375
2013-02-10,31,11,0.3548387096774194
2013-02-11,36,16,0.4444444444444444
2013-02-12,38,17,0.4473684210526316
2013-02-13,54,21,0.3888888888888889
2013-02-14,43,14,0.32558139534883723
2013-02-15,26,7,0.2692307692307692
2013-02-16,17,6,0.35294117647058826
2013-02-17,16,11,0.6875
2013-02-18,42,16,0.38095238095238093
2013-02-19,38,14,0.3684210526315789
2013-02-20,37,16,0.43243243243243246
2013-02-21,42,13,0.30952380952380953
2013-02-22,30,5,0.16666666666666666
2013-02-23,16,5,0.3125
2013-02-24,21,10,0.47619047619047616
2013-02-25,41,11,0.2682926829268293
2013-02-26,34,12,0.35294117647058826
2013-02-27,34,10,0.29411764705882354
2013-02-28,27,9,0.3333333333333333
2013-03-01,33,12,0.36363636363636365
2013-03-02,31,13,0.41935483870967744
2013-03-03,41,20,0.4878048780487805
2013-03-04,56,20,0.35714285714285715
2013-03-05,40,17,0.425
2013-03-06,37,17,0.4594594594594595
2013-03-07,42,15,0.35714285714285715
2013-03-08,39,7,0.1794871794871795
2013-03-09,23,12,0.5217391304347826
2013-03-10,33,10,0.30303030303030304
2013-03-11,35,8,0.22857142857142856
2013-03-12,27,10,0.37037037037037035
2013-03-13,31,9,0.2903225806451613
2013-03-14,31,9,0.2903225806451613
2013-03-15,25,5,0.2
2013-03-16,23,9,0.391304347826087
2013-03-17,28,11,0.39285714285714285
2013-03-18,29,12,0.41379310344827586
2013-03-19,33,16,0.48484848484848486
2013-03-20,36,11,0.3055555555555556
2013-03-21,32,12,0.375
2013-03-22,28,3,0.10714285714285714
2013-03-23,15,2,0.13333333333333333
2013-03-24,27,9,0.3333333333333333
2013-03-25,35,19,0.5428571428571428
2013-03-26,42,18,0.42857142857142855
2013-03-27,42,12,0.2857142857142857
2013-03-28,32,4,0.125
2013-03-29,15,5,0.3333333333333333
2013-03-30,19,3,0.15789473684210525
2013-03-31,17,8,0.47058823529411764
2013-04-01,29,12,0.41379310344827586
2013-04-02,30,16,0.5333333333333333
2013-04-03,34,13,0.38235294117647056
2013-04-04,28,10,0.35714285714285715
2013-04-05,20,9,0.45
2013-04-06,27,11,0.4074074074074074
2013-04-07,27,14,0.5185185185185185
2013-04-08,35,15,0.42857142857142855
2013-04-09,33,8,0.24242424242424243
2013-04-10,22,3,0.13636363636363635
2013-04-11,14,6,0.42857142857142855
2013-04-12,27,6,0.2222222222222222
2013-04-13,17,4,0.23529411764705882
2013-04-14,24,6,0.25
2013-04-15,29,9,0.3103448275862069
2013-04-16,31,9,0.2903225806451613
2013-04-17,32,8,0.25
2013-04-18,41,12,0.2926829268292683
2013-04-19,32,6,0.1875
2013-04-20,23,7,0.30434782608695654
2013-04-21,27,4,0.14814814814814814
2013-04-22,33,8,0.24242424242424243
2013-04-23,24,14,0.5833333333333334
2013-04-24,31,11,0.3548387096774194
2013-04-25,30,14,0.4666666666666667
2013-04-26,31,7,0.22580645161290322
2013-04-27,23,7,0.30434782608695654
2013-04-28,18,5,0.2777777777777778
2013-04-29,27,5,0.18518518518518517
2013-04-30,27,7,0.25925925925925924
2013-05-01,27,9,0.3333333333333333
2013-05-02,30,11,0.36666666666666664
2013-05-03,25,7,0.28
2013-05-04,19,6,0.3157894736842105
2013-05-05,19,8,0.42105263157894735
2013-05-06,36,11,0.3055555555555556
2013-05-07,34,6,0.17647058823529413
2013-05-08,28,11,0.39285714285714285
2013-05-09,35,12,0.34285714285714286
2013-05-10,31,10,0.3225806451612903
2013-05-11,18,3,0.16666666666666666
2013-05-12,15,7,0.4666666666666667
2013-05-13,23,10,0.43478260869565216
2013-05-14,38,12,0.3157894736842105
2013-05-15,29,10,0.3448275862068966
2013-05-16,31,11,0.3548387096774194
2013-05-17,40,8,0.2
2013-05-18,18,5,0.2777777777777778
2013-05-19,28,2,0.07142857142857142
2013-05-20,18,4,0.2222222222222222
2013-05-21,28,8,0.2857142857142857
2013-05-22,23,9,0.391304347826087
2013-05-23,25,5,0.2
2013-05-24,22,6,0.2727272727272727
2013-05-25,16,4,0.25
2013-05-26,15,5,0.3333333333333333
2013-05-27,23,7,0.30434782608695654
2013-05-28,31,13,0.41935483870967744
2013-05-29,31,15,0.4838709677419355
2013-05-30,32,10,0.3125
2013-05-31,22,3,0.13636363636363635
2013-06-01,18,6,0.3333333333333333
2013-06-02,28,12,0.42857142857142855
2013-06-03,26,7,0.2692307692307692
2013-06-04,13,5,0.38461538461538464
2013-06-05,20,6,0.3
2013-06-06,20,7,0.35
2013-06-07,23,5,0.21739130434782608
2013-06-08,11,3,0.2727272727272727
2013-06-09,17,6,0.35294117647058826
2013-06-10,34,7,0.20588235294117646
2013-06-11,29,9,0.3103448275862069
2013-06-12,27,10,0.37037037037037035
2013-06-13,37,8,0.21621621621621623
2013-06-14,21,5,0.23809523809523808
2013-06-15,21,12,0.5714285714285714
2013-06-16,38,17,0.4473684210526316
2013-06-17,44,13,0.29545454545454547
2013-06-18,35,9,0.2571428571428571
2013-06-19,23,9,0.391304347826087
2013-06-20,35,11,0.3142857142857143
2013-06-21,28,6,0.21428571428571427
2013-06-22,17,8,0.47058823529411764
2013-06-23,27,8,0.2962962962962963
2013-06-24,19,9,0.47368421052631576
2013-06-25,31,13,0.41935483870967744
2013-06-26,39,14,0.358974358974359
2013-06-27,36,8,0.2222222222222222
2013-06-28,21,3,0.14285714285714285
2013-06-29,11,7,0.6363636363636364
2013-06-30,17,4,0.23529411764705882
2013-07-01,21,6,0.2857142857142857
2013-07-02,17,6,0.35294117647058826
2013-07-03,27,5,0.18518518518518517
2013-07-04,23,9,0.391304347826087
2013-07-05,24,4,0.16666666666666666
2013-07-06,10,5,0.5
2013-07-07,19,9,0.47368421052631576
2013-07-08,33,9,0.2727272727272727
2013-07-09,23,7,0.30434782608695654
2013-07-10,26,8,0.3076923076923077
2013-07-11,24,8,0.3333333333333333
2013-07-12,20,2,0.1
2013-07-13,12,4,0.3333333333333333
2013-07-14,20,8,0.4
2013-07-15,32,12,0.375
2013-07-16,32,11,0.34375
2013-07-17,24,10,0.4166666666666667
2013-07-18,33,12,0.36363636363636365
2013-07-19,28,8,0.2857142857142857
2013-07-20,21,5,0.23809523809523808
2013-07-21,18,9,0.5
2013-07-22,35,14,0.4
2013-07-23,31,9,0.2903225806451613
2013-07-24,25,5,0.2
2013-07-25,31,11,0.3548387096774194
2013-07-26,20,5,0.25
2013-07-27,15,0,0.0
2013-07-28,17,6,0.35294117647058826
2013-07-29,32,11,0.34375
2013-07-30,32,9,0.28125
2013-07-31,39,10,0.2564102564102564
2013-08-01,30,8,0.26666666666666666
2013-08-02,16,6,0.375
2013-08-03,19,7,0.3684210526315789
2013-08-04,25,8,0.32
2013-08-05,23,7,0.30434782608695654
2013-08-06,27,7,0.25925925925925924
2013-08-07,23,8,0.34782608695652173
2013-08-08,22,9,0.4090909090909091
2013-08-09,30,10,0.3333333333333333
2013-08-10,20,7,0.35
2013-08-11,26,12,0.46153846153846156
2013-08-12,29,12,0.41379310344827586
2013-08-13,28,9,0.32142857142857145
2013-08-14,34,5,0.14705882352941177
2013-08-15,28,6,0.21428571428571427
2013-08-16,35,6,0.17142857142857143
2013-08-17,18,5,0.2777777777777778
2013-08-18,28,12,0.42857142857142855
2013-08-19,38,22,0.5789473684210527
2013-08-20,38,13,0.34210526315789475
2013-08-21,21,7,0.3333333333333333
2013-08-22,32,12,0.375
2013-08-23,36,6,0.16666666666666666
2013-08-24,13,5,0.38461538461538464
2013-08-25,16,8,0.5
2013-08-26,22,6,0.2727272727272727
2013-08-27,17,9,0.5294117647058824
2013-08-28,27,9,0.3333333333333333
2013-08-29,19,5,0.2631578947368421
2013-08-30,21,4,0.19047619047619047
2013-08-31,18,6,0.3333333333333333
2013-09-01,18,11,0.6111111111111112
2013-09-02,44,18,0.4090909090909091
2013-09-03,43,11,0.2558139534883721
2013-09-04,24,9,0.375
2013-09-05,20,7,0.35
2013-09-06,22,4,0.18181818181818182
2013-09-07,14,8,0.5714285714285714
2013-09-08,29,10,0.3448275862068966
2013-09-09,27,13,0.48148148148148145
2013-09-10,38,14,0.3684210526315789
2013-09-11,32,13,0.40625
2013-09-12,30,12,0.4
2013-09-13,31,6,0.1935483870967742
2013-09-14,14,4,0.2857142857142857
2013-09-15,9,5,0.5555555555555556
2013-09-16,26,11,0.4230769230769231
2013-09-17,33,11,0.3333333333333333
2013-09-18,30,9,0.3
2013-09-19,25,8,0.32
2013-09-20,25,1,0.04
2013-09-21,7,0,0.0
2013-09-22,20,8,0.4
2013-09-23,29,13,0.4482758620689655
2013-09-24,32,12,0.375
2013-09-25,26,12,0.46153846153846156
2013-09-26,31,13,0.41935483870967744
2013-09-27,42,7,0.16666666666666666
2013-09-28,23,4,0.17391304347826086
2013-09-29,20,7,0.35
2013-09-30,28,10,0.35714285714285715
2013-10-01,26,10,0.38461538461538464
2013-10-02,44,9,0.20454545454545456
2013-10-03,28,7,0.25
2013-10-04,24,7,0.2916666666666667
2013-10-05,17,7,0.4117647058823529
2013-10-06,23,14,0.6086956521739131
2013-10-07,31,13,0.41935483870967744
2013-10-08,35,13,0.37142857142857144
2013-10-09,33,11,0.3333333333333333
2013-10-10,30,7,0.23333333333333334
2013-10-11,21,4,0.19047619047619047
2013-10-12,18,2,0.1111111111111111
2013-10-13,6,2,0.3333333333333333
2013-10-14,19,7,0.3684210526315789
2013-10-15,30,12,0.4
2013-10-16,28,8,0.2857142857142857
2013-10-17,18,8,0.4444444444444444
2013-10-18,19,4,0.21052631578947367
2013-10-19,12,5,0.4166666666666667
2013-10-20,21,10,0.47619047619047616
2013-10-21,31,13,0.41935483870967744
2013-10-22,40,8,0.2
2013-10-23,18,9,0.5
2013-10-24,24,7,0.2916666666666667
2013-10-25,23,7,0.30434782608695654
2013-10-26,15,5,0.3333333333333333
2013-10-27,15,7,0.4666666666666667
2013-10-28,23,8,0.34782608695652173
2013-10-29,18,5,0.2777777777777778
2013-10-30,24,11,0.4583333333333333
2013-10-31,24,7,0.2916666666666667
2013-11-01,23,5,0.21739130434782608
2013-11-02,14,8,0.5714285714285714
2013-11-03,17,5,0.29411764705882354
2013-11-04,28,7,0.25
2013-11-05,27,8,0.2962962962962963
2013-11-06,25,7,0.28
2013-11-07,22,7,0.3181818181818182
2013-11-08,23,6,0.2608695652173913
2013-11-09,14,4,0.2857142857142857
2013-11-10,12,4,0.3333333333333333
2013-11-11,32,6,0.1875
2013-11-12,21,5,0.23809523809523808
2013-11-13,26,4,0.15384615384615385
2013-11-14,24,5,0.20833333333333334
2013-11-15,25,3,0.12
2013-11-16,9,4,0.4444444444444444
2013-11-17,21,3,0.14285714285714285
2013-11-18,23,11,0.4782608695652174
2013-11-19,31,9,0.2903225806451613
2013-11-20,21,11,0.5238095238095238
2013-11-21,34,8,0.23529411764705882
2013-11-22,21,3,0.14285714285714285
2013-11-23,14,7,0.5
2013-11-24,19,9,0.47368421052631576
2013-11-25,29,12,0.41379310344827586
2013-11-26,30,13,0.43333333333333335
2013-11-27,25,8,0.32
2013-11-28,29,10,0.3448275862068966
2013-11-29,21,5,0.23809523809523808
2013-11-30,12,3,0.25
2013-12-01,13,7,0.5384615384615384
2013-12-02,28,7,0.25
2013-12-03,18,9,0.5
2013-12-04,27,8,0.2962962962962963
2013-12-05,30,13,0.43333333333333335
2013-12-06,37,11,0.2972972972972973
2013-12-07,20,9,0.45
2013-12-08,18,7,0.3888888888888889
2013-12-09,18,7,0.3888888888888889
2013-12-10,30,8,0.26666666666666666
2013-12-11,34,7,0.20588235294117646
2013-12-12,25,7,0.28
2013-12-13,20,4,0.2
2013-12-14,16,6,0.375
2013-12-15,24,14,0.5833333333333334
2013-12-16,38,14,0.3684210526315789
2013-12-17,41,14,0.34146341463414637
2013-12-18,37,10,0.2702702702702703
2013-12-19,32,6,0.1875
2013-12-20,18,4,0.2222222222222222
2013-12-21,12,5,0.4166666666666667
2013-12-22,16,6,0.375
2013-12-23,27,7,0.25925925925925924
2013-12-24,17,10,0.5882352941176471
2013-12-25,25,11,0.44
2013-12-26,26,11,0.4230769230769231
2013-12-27,33,14,0.42424242424242425
2013-12-28,33,12,0.36363636363636365
2013-12-29,27,12,0.4444444444444444
2013-12-30,39,8,0.20512820512820512
2013-12-31,19,2,0.10526315789473684
2014-01-01,19,4,0.21052631578947367
2014-01-02,28,10,0.35714285714285715
2014-01-03,23,8,0.34782608695652173
2014-01-04,21,5,0.23809523809523808
2014-01-05,20,11,0.55
2014-01-06,31,9,0.2903225806451613
2014-01-07,36,12,0.3333333333333333
2014-01-08,26,13,0.5
2014-01-09,35,8,0.22857142857142856
2014-01-10,15,8,0.5333333333333333
2014-01-11,21,6,0.2857142857142857
2014-01-12,22,7,0.3181818181818182
2014-01-13,32,11,0.34375
2014-01-14,34,13,0.38235294117647056
2014-01-15,32,12,0.375
2014-01-16,31,12,0.3870967741935484
2014-01-17,25,6,0.24
2014-01-18,24,9,0.375
2014-01-19,22,11,0.5
2014-01-20,51,15,0.29411764705882354
2014-01-21,41,15,0.36585365853658536
2014-01-22,35,14,0.4
2014-01-23,32,16,0.5
2014-01-24,31,9,0.2903225806451613
2014-01-25,21,10,0.47619047619047616
2014-01-26,27,8,0.2962962962962963
2014-01-27,31,14,0.45161290322580644
2014-01-28,38,7,0.18421052631578946
2014-01-29,21,8,0.38095238095238093
2014-01-30,28,9,0.32142857142857145
2014-01-31,34,10,0.29411764705882354
2014-02-01,18,6,0.3333333333333333
2014-02-02,21,7,0.3333333333333333
2014-02-03,34,12,0.35294117647058826
2014-02-04,34,11,0.3235294117647059
2014-02-05,38,11,0.2894736842105263
2014-02-06,30,9,0.3
2014-02-07,37,9,0.24324324324324326
2014-02-08,33,7,0.21212121212121213
2014-02-09,23,3,0.13043478260869565
2014-02-10,22,9,0.4090909090909091
2014-02-11,34,8,0.23529411764705882
2014-02-12,23,8,0.34782608695652173
2014-02-13,38,10,0.2631578947368421
2014-02-14,22,7,0.3181818181818182
2014-02-15,16,5,0.3125
2014-02-16,23,4,0.17391304347826086
2014-02-17,31,11,0.3548387096774194
2014-02-18,31,13,0.41935483870967744
2014-02-19,36,9,0.25
2014-02-20,27,8,0.2962962962962963
2014-02-21,22,6,0.2727272727272727
2014-02-22,21,10,0.47619047619047616
2014-02-23,35,12,0.34285714285714286
2014-02-24,44,18,0.4090909090909091
2014-02-25,41,8,0.1951219512195122
2014-02-26,28,8,0.2857142857142857
2014-02-27,52,13,0.25
2014-02-28,47,8,0.1702127659574468
2014-03-01,25,5,0.2
2014-03-02,26,13,0.5
2014-03-03,46,16,0.34782608695652173
2014-03-04,46,18,0.391304347826087
2014-03-05,49,19,0.3877551020408163
2014-03-06,49,12,0.24489795918367346
2014-03-07,34,9,0.2647058823529412
2014-03-08,25,10,0.4
2014-03-09,23,9,0.391304347826087
2014-03-10,36,17,0.4722222222222222
2014-03-11,50,21,0.42
2014-03-12,59,23,0.3898305084745763
2014-03-13,41,11,0.2682926829268293
2014-03-14,29,4,0.13793103448275862
2014-03-15,12,7,0.5833333333333334
2014-03-16,28,9,0.32142857142857145
2014-03-17,55,19,0.34545454545454546
2014-03-18,54,21,0.3888888888888889
2014-03-19,50,14,0.28
2014-03-20,34,12,0.35294117647058826
2014-03-21,49,8,0.16326530612244897
2014-03-22,32,9,0.28125
2014-03-23,29,14,0.4827586206896552
2014-03-24,57,15,0.2631578947368421
2014-03-25,46,16,0.34782608695652173
2014-03-26,45,16,0.35555555555555557
2014-03-27,44,15,0.3409090909090909
2014-03-28,45,12,0.26666666666666666
2014-03-29,35,11,0.3142857142857143
2014-03-30,27,10,0.37037037037037035
2014-03-31,46,21,0.45652173913043476
2014-04-01,60,11,0.18333333333333332
2014-04-02,32,11,0.34375
2014-04-03,55,21,0.38181818181818183
2014-04-04,49,9,0.1836734693877551
2014-04-05,29,12,0.41379310344827586
2014-04-06,42,13,0.30952380952380953
2014-04-07,48,14,0.2916666666666667
2014-04-08,36,17,0.4722222222222222
2014-04-09,48,13,0.2708333333333333
2014-04-10,38,20,0.5263157894736842
2014-04-11,44,13,0.29545454545454547
2014-04-12,23,9,0.391304347826087
2014-04-13,20,8,0.4
2014-04-14,40,10,0.25
2014-04-15,38,12,0.3157894736842105
2014-04-16,50,15,0.3
2014-04-17,39,9,0.23076923076923078
2014-04-18,27,5,0.18518518518518517
2014-04-19,25,8,0.32
2014-04-20,28,8,0.2857142857142857
2014-04-21,31,10,0.3225806451612903
2014-04-22,39,11,0.28205128205128205
2014-04-23,42,22,0.5238095238095238
2014-04-24,55,17,0.3090909090909091
2014-04-25,38,6,0.15789473684210525
2014-04-26,25,11,0.44
2014-04-27,39,20,0.5128205128205128
2014-04-28,53,15,0.2830188679245283
2014-04-29,41,13,0.3170731707317073
2014-04-30,47,20,0.425531914893617
2014-05-01,40,14,0.35
2014-05-02,45,10,0.2222222222222222
2014-05-03,31,9,0.2903225806451613
2014-05-04,38,15,0.39473684210526316
2014-05-05,42,14,0.3333333333333333
2014-05-06,61,28,0.45901639344262296
2014-05-07,63,19,0.30158730158730157
2014-05-08,44,13,0.29545454545454547
2014-05-09,40,13,0.325
2014-05-10,34,10,0.29411764705882354
2014-05-11,28,11,0.39285714285714285
2014-05-12,58,16,0.27586206896551724
2014-05-13,42,13,0.30952380952380953
2014-05-14,47,16,0.3404255319148936
2014-05-15,36,11,0.3055555555555556
2014-05-16,31,9,0.2903225806451613
2014-05-17,24,7,0.2916666666666667
2014-05-18,20,11,0.55
2014-05-19,84,28,0.3333333333333333
2014-05-20,92,26,0.2826086956521739
2014-05-21,58,20,0.3448275862068966
2014-05-22,47,24,0.5106382978723404
2014-05-23,52,8,0.15384615384615385
2014-05-24,20,6,0.3
2014-05-25,38,13,0.34210526315789475
2014-05-26,45,13,0.28888888888888886
2014-05-27,40,16,0.4
2014-05-28,60,18,0.3
2014-05-29,52,16,0.3076923076923077
2014-05-30,51,11,0.21568627450980393
2014-05-31,34,7,0.20588235294117646
2014-06-01,32,14,0.4375
2014-06-02,44,19,0.4318181818181818
2014-06-03,43,16,0.37209302325581395
2014-06-04,52,15,0.28846153846153844
2014-06-05,42,18,0.42857142857142855
2014-06-06,54,4,0.07407407407407407
2014-06-07,22,4,0.18181818181818182
2014-06-08,32,12,0.375
2014-06-09,50,19,0.38
2014-06-10,64,26,0.40625
2014-06-11,55,16,0.2909090909090909
2014-06-12,49,15,0.30612244897959184
2014-06-13,52,10,0.19230769230769232
2014-06-14,25,11,0.44
2014-06-15,44,13,0.29545454545454547
2014-06-16,59,16,0.2711864406779661
2014-06-17,56,25,0.44642857142857145
2014-06-18,75,29,0.38666666666666666
2014-06-19,86,24,0.27906976744186046
2014-06-20,60,12,0.2
2014-06-21,32,6,0.1875
2014-06-22,35,8,0.22857142857142856
2014-06-23,55,21,0.38181818181818183
2014-06-24,66,22,0.3333333333333333
2014-06-25,52,18,0.34615384615384615
2014-06-26,43,10,0.23255813953488372
2014-06-27,53,10,0.18867924528301888
2014-06-28,37,7,0.1891891891891892
2014-06-29,26,9,0.34615384615384615
2014-06-30,47,13,0.2765957446808511
2014-07-01,43,12,0.27906976744186046
2014-07-02,61,23,0.3770491803278688
2014-07-03,65,16,0.24615384615384617
2014-07-04,54,6,0.1111111111111111
2014-07-05,29,11,0.3793103448275862
2014-07-06,38,11,0.2894736842105263
2014-07-07,54,21,0.3888888888888889
2014-07-08,53,14,0.2641509433962264
2014-07-09,48,11,0.22916666666666666
2014-07-10,37,15,0.40540540540540543
2014-07-11,52,10,0.19230769230769232
2014-07-12,29,10,0.3448275862068966
2014-07-13,51,9,0.17647058823529413
2014-07-14,40,10,0.25
2014-07-15,58,21,0.3620689655172414
2014-07-16,63,17,0.2698412698412698
2014-07-17,61,19,0.3114754098360656
2014-07-18,50,12,0.24
2014-07-19,35,5,0.14285714285714285
2014-07-20,25,8,0.32
2014-07-21,40,16,0.4
2014-07-22,52,16,0.3076923076923077
2014-07-23,47,12,0.2553191489361702
2014-07-24,50,16,0.32
2014-07-25,41,12,0.2926829268292683
2014-07-26,25,6,0.24
2014-07-27,45,10,0.2222222222222222
2014-07-28,53,15,0.2830188679245283
2014-07-29,66,18,0.2727272727272727
2014-07-30,57,22,0.38596491228070173
2014-07-31,62,17,0.27419354838709675
2014-08-01,47,13,0.2765957446808511
2014-08-02,31,7,0.22580645161290322
2014-08-03,29,10,0.3448275862068966
2014-08-04,58,17,0.29310344827586204
2014-08-05,62,15,0.24193548387096775
2014-08-06,55,14,0.2545454545454545
2014-08-07,49,11,0.22448979591836735
2014-08-08,41,11,0.2682926829268293
2014-08-09,36,14,0.3888888888888889
2014-08-10,32,17,0.53125
2014-08-11,65,26,0.4
2014-08-12,78,19,0.24358974358974358
2014-08-13,43,12,0.27906976744186046
2014-08-14,43,10,0.23255813953488372
2014-08-15,27,6,0.2222222222222222
2014-08-16,19,6,0.3157894736842105
2014-08-17,39,13,0.3333333333333333
2014-08-18,62,25,0.4032258064516129
2014-08-19,80,21,0.2625
2014-08-20,49,20,0.40816326530612246
2014-08-21,61,17,0.2786885245901639
2014-08-22,53,8,0.1509433962264151
2014-08-23,32,8,0.25
2014-08-24,30,10,0.3333333333333333
2014-08-25,50,19,0.38
2014-08-26,67,25,0.373134328358209
2014-08-27,66,23,0.3484848484848485
2014-08-28,66,28,0.42424242424242425
2014-08-29,64,12,0.1875
2014-08-30,30,8,0.26666666666666666
2014-08-31,37,11,0.2972972972972973
2014-09-01,63,11,0.1746031746031746
2014-09-02,54,18,0.3333333333333333
2014-09-03,51,13,0.2549019607843137
2014-09-04,50,10,0.2
2014-09-05,34,3,0.08823529411764706
2014-09-06,19,6,0.3157894736842105
2014-09-07,19,6,0.3157894736842105
2014-09-08,55,14,0.2545454545454545
2014-09-09,55,15,0.2727272727272727
2014-09-10,47,15,0.3191489361702128
2014-09-11,55,18,0.32727272727272727
2014-09-12,43,10,0.23255813953488372
2014-09-13,32,4,0.125
2014-09-14,33,11,0.3333333333333333
2014-09-15,58,14,0.2413793103448276
2014-09-16,52,13,0.25
2014-09-17,40,14,0.35
2014-09-18,37,16,0.43243243243243246
2014-09-19,41,8,0.1951219512195122
2014-09-20,22,3,0.13636363636363635
2014-09-21,30,5,0.16666666666666666
2014-09-22,39,13,0.3333333333333333
2014-09-23,47,12,0.2553191489361702
2014-09-24,49,16,0.32653061224489793
2014-09-25,45,16,0.35555555555555557
2014-09-26,40,7,0.175
2014-09-27,16,8,0.5
2014-09-28,28,6,0.21428571428571427
2014-09-29,46,17,0.3695652173913043
2014-09-30,61,20,0.32786885245901637
2014-10-01,55,23,0.41818181818181815
2014-10-02,48,10,0.20833333333333334
2014-10-03,43,2,0.046511627906976744
2014-10-04,21,4,0.19047619047619047
2014-10-05,26,8,0.3076923076923077
2014-10-06,46,9,0.1956521739130435
2014-10-07,33,8,0.24242424242424243
2014-10-08,38,16,0.42105263157894735
2014-10-09,53,10,0.18867924528301888
2014-10-10,40,7,0.175
2014-10-11,25,4,0.16
2014-10-12,24,10,0.4166666666666667
2014-10-13,46,15,0.32608695652173914
2014-10-14,48,13,0.2708333333333333
2014-10-15,55,16,0.2909090909090909
2014-10-16,46,12,0.2608695652173913
2014-10-17,53,14,0.2641509433962264
2014-10-18,37,10,0.2702702702702703
2014-10-19,29,10,0.3448275862068966
2014-10-20,47,15,0.3191489361702128
2014-10-21,55,14,0.2545454545454545
2014-10-22,44,13,0.29545454545454547
2014-10-23,39,15,0.38461538461538464
2014-10-24,46,9,0.1956521739130435
2014-10-25,30,8,0.26666666666666666
2014-10-26,31,14,0.45161290322580644
2014-10-27,39,15,0.38461538461538464
2014-10-28,46,18,0.391304347826087
2014-10-29,57,18,0.3157894736842105
2014-10-30,57,17,0.2982456140350877
2014-10-31,51,9,0.17647058823529413
2014-11-01,33,7,0.21212121212121213
2014-11-02,26,9,0.34615384615384615
2014-11-03,44,15,0.3409090909090909
2014-11-04,61,18,0.29508196721311475
2014-11-05,65,17,0.26153846153846155
2014-11-06,51,15,0.29411764705882354
2014-11-07,40,9,0.225
2014-11-08,21,7,0.3333333333333333
2014-11-09,29,11,0.3793103448275862
2014-11-10,61,17,0.2786885245901639
2014-11-11,38,15,0.39473684210526316
2014-11-12,55,21,0.38181818181818183
2014-11-13,45,11,0.24444444444444444
2014-11-14,32,11,0.34375
2014-11-15,25,7,0.28
2014-11-16,22,9,0.4090909090909091
2014-11-17,46,15,0.32608695652173914
2014-11-18,43,16,0.37209302325581395
2014-11-19,36,12,0.3333333333333333
2014-11-20,38,14,0.3684210526315789
2014-11-21,30,10,0.3333333333333333
2014-11-22,36,9,0.25
2014-11-23,37,15,0.40540540540540543
2014-11-24,61,18,0.29508196721311475
2014-11-25,45,20,0.4444444444444444
2014-11-26,59,23,0.3898305084745763
2014-11-27,69,18,0.2608695652173913
2014-11-28,42,17,0.40476190476190477
2014-11-29,38,18,0.47368421052631576
2014-11-30,39,17,0.4358974358974359
2014-12-01,52,20,0.38461538461538464
2014-12-02,58,17,0.29310344827586204
2014-12-03,63,16,0.25396825396825395
2014-12-04,55,13,0.23636363636363636
2014-12-05,39,13,0.3333333333333333
2014-12-06,37,14,0.3783783783783784
2014-12-07,44,16,0.36363636363636365
2014-12-08,45,16,0.35555555555555557
2014-12-09,53,17,0.32075471698113206
2014-12-10,60,18,0.3
2014-12-11,42,9,0.21428571428571427
2014-12-12,31,5,0.16129032258064516
2014-12-13,23,9,0.391304347826087
2014-12-14,44,15,0.3409090909090909
2014-12-15,75,27,0.36
2014-12-16,72,24,0.3333333333333333
2014-12-17,67,25,0.373134328358209
2014-12-18,65,21,0.3230769230769231
2014-12-19,48,8,0.16666666666666666
2014-12-20,28,9,0.32142857142857145
2014-12-21,32,16,0.5
2014-12-22,67,18,0.26865671641791045
2014-12-23,52,12,0.23076923076923078
2014-12-24,33,12,0.36363636363636365
2014-12-25,36,11,0.3055555555555556
2014-12-26,47,10,0.2127659574468085
2014-12-27,36,7,0.19444444444444445
2014-12-28,36,15,0.4166666666666667
2014-12-29,45,15,0.3333333333333333
2014-12-30,45,11,0.24444444444444444
2014-12-31,31,6,0.1935483870967742
2015-01-01,35,13,0.37142857142857144
2015-01-02,56,13,0.23214285714285715
2015-01-03,38,16,0.42105263157894735
2015-01-04,51,17,0.3333333333333333
2015-01-05,53,18,0.33962264150943394
2015-01-06,47,12,0.2553191489361702
2015-01-07,55,16,0.2909090909090909
2015-01-08,61,14,0.22950819672131148
2015-01-09,49,10,0.20408163265306123
2015-01-10,31,12,0.3870967741935484
2015-01-11,35,15,0.42857142857142855
2015-01-12,64,15,0.234375
2015-01-13,65,25,0.38461538461538464
2015-01-14,73,14,0.1917808219178082
2015-01-15,44,11,0.25
2015-01-16,42,16,0.38095238095238093
2015-01-17,45,17,0.37777777777777777
2015-01-18,38,14,0.3684210526315789
2015-01-19,54,16,0.2962962962962963
2015-01-20,56,15,0.26785714285714285
2015-01-21,46,12,0.2608695652173913
2015-01-22,38,17,0.4473684210526316
2015-01-23,44,9,0.20454545454545456
2015-01-24,34,6,0.17647058823529413
2015-01-25,43,16,0.37209302325581395
2015-01-26,58,14,0.2413793103448276
2015-01-27,48,13,0.2708333333333333
2015-01-28,45,16,0.35555555555555557
2015-01-29,64,18,0.28125
2015-01-30,61,11,0.18032786885245902
2015-01-31,32,11,0.34375
2015-02-01,53,22,0.41509433962264153
2015-02-02,58,18,0.3103448275862069
2015-02-03,54,14,0.25925925925925924
2015-02-04,45,19,0.4222222222222222
2015-02-05,45,15,0.3333333333333333
2015-02-06,34,9,0.2647058823529412
2015-02-07,31,10,0.3225806451612903
2015-02-08,44,14,0.3181818181818182
2015-02-09,47,15,0.3191489361702128
2015-02-10,42,13,0.30952380952380953
2015-02-11,51,20,0.39215686274509803
2015-02-12,48,17,0.3541666666666667
2015-02-13,37,9,0.24324324324324326
2015-02-14,22,9,0.4090909090909091
2015-02-15,33,13,0.3939393939393939
2015-02-16,43,16,0.37209302325581395
2015-02-17,72,24,0.3333333333333333
2015-02-18,62,15,0.24193548387096775
2015-02-19,49,16,0.32653061224489793
2015-02-20,63,12,0.19047619047619047
2015-02-21,64,18,0.28125
2015-02-22,61,13,0.21311475409836064
2015-02-23,62,13,0.20967741935483872
2015-02-24,59,12,0.2033898305084746
2015-02-25,49,13,0.2653061224489796
2015-02-26,45,10,0.2222222222222222
2015-02-27,39,6,0.15384615384615385
2015-02-28,16,5,0.3125
2015-03-01,36,10,0.2777777777777778
2015-03-02,52,16,0.3076923076923077
2015-03-03,52,18,0.34615384615384615
2015-03-04,56,15,0.26785714285714285
2015-03-05,73,21,0.2876712328767123
2015-03-06,60,11,0.18333333333333332
2015-03-07,31,5,0.16129032258064516
2015-03-08,44,19,0.4318181818181818
2015-03-09,80,26,0.325
2015-03-10,66,20,0.30303030303030304
2015-03-11,60,17,0.2833333333333333
2015-03-12,47,13,0.2765957446808511
2015-03-13,47,14,0.2978723404255319
2015-03-14,40,13,0.325
2015-03-15,46,19,0.41304347826086957
2015-03-16,85,24,0.2823529411764706
2015-03-17,60,21,0.35
2015-03-18,68,17,0.25
2015-03-19,52,19,0.36538461538461536
2015-03-20,59,12,0.2033898305084746
2015-03-21,47,11,0.23404255319148937
2015-03-22,45,14,0.3111111111111111
2015-03-23,65,22,0.3384615384615385
2015-03-24,60,15,0.25
2015-03-25,60,23,0.38333333333333336
2015-03-26,62,22,0.3548387096774194
2015-03-27,53,16,0.3018867924528302
2015-03-28,41,12,0.2926829268292683
2015-03-29,30,15,0.5
2015-03-30,45,16,0.35555555555555557
2015-03-31,40,14,0.35
2015-04-01,66,21,0.3181818181818182
2015-04-02,62,18,0.2903225806451613
2015-04-03,42,12,0.2857142857142857
2015-04-04,33,12,0.36363636363636365
2015-04-05,30,14,0.4666666666666667
2015-04-06,51,18,0.35294117647058826
2015-04-07,44,12,0.2727272727272727
2015-04-08,53,14,0.2641509433962264
2015-04-09,50,19,0.38
2015-04-10,61,10,0.16393442622950818
2015-04-11,42,8,0.19047619047619047
2015-04-12,39,13,0.3333333333333333
2015-04-13,59,21,0.3559322033898305
2015-04-14,50,23,0.46
2015-04-15,72,19,0.2638888888888889
2015-04-16,53,13,0.24528301886792453
2015-04-17,43,12,0.27906976744186046
2015-04-18,37,12,0.32432432432432434
2015-04-19,38,12,0.3157894736842105
2015-04-20,53,17,0.32075471698113206
2015-04-21,74,23,0.3108108108108108
2015-04-22,65,21,0.3230769230769231
2015-04-23,63,21,0.3333333333333333
2015-04-24,58,13,0.22413793103448276
2015-04-25,58,13,0.22413793103448276
2015-04-26,40,19,0.475
2015-04-27,77,30,0.38961038961038963
2015-04-28,66,23,0.3484848484848485
2015-04-29,67,23,0.34328358208955223
2015-04-30,57,23,0.40350877192982454
2015-05-01,51,15,0.29411764705882354
2015-05-02,38,8,0.21052631578947367
2015-05-03,34,9,0.2647058823529412
2015-05-04,52,18,0.34615384615384615
2015-05-05,52,16,0.3076923076923077
2015-05-06,107,24,0.22429906542056074
2015-05-07,57,17,0.2982456140350877
2015-05-08,59,11,0.1864406779661017
2015-05-09,30,6,0.2
2015-05-10,41,16,0.3902439024390244
2015-05-11,62,24,0.3870967741935484
2015-05-12,88,24,0.2727272727272727
2015-05-13,79,25,0.31645569620253167
2015-05-14,68,22,0.3235294117647059
2015-05-15,66,11,0.16666666666666666
2015-05-16,52,25,0.4807692307692308
2015-05-17,67,25,0.373134328358209
2015-05-18,115,40,0.34782608695652173
2015-05-19,102,29,0.28431372549019607
2015-05-20,87,25,0.28735632183908044
2015-05-21,70,19,0.2714285714285714
2015-05-22,74,22,0.2972972972972973
2015-05-23,57,16,0.2807017543859649
2015-05-24,57,21,0.3684210526315789
2015-05-25,70,22,0.3142857142857143
2015-05-26,66,18,0.2727272727272727
2015-05-27,65,27,0.4153846153846154
2015-05-28,82,31,0.3780487804878049
2015-05-29,69,13,0.18840579710144928
2015-05-30,32,11,0.34375
2015-05-31,44,20,0.45454545454545453
2015-06-01,99,26,0.26262626262626265
2015-06-02,70,23,0.32857142857142857
2015-06-03,60,19,0.31666666666666665
2015-06-04,57,20,0.3508771929824561
2015-06-05,81,19,0.2345679012345679
2015-06-06,54,12,0.2222222222222222
2015-06-07,64,23,0.359375
2015-06-08,100,26,0.26
2015-06-09,76,29,0.3815789473684211
2015-06-10,91,28,0.3076923076923077
2015-06-11,73,15,0.2054794520547945
2015-06-12,67,13,0.19402985074626866
2015-06-13,53,17,0.32075471698113206
2015-06-14,64,26,0.40625
2015-06-15,97,26,0.26804123711340205
2015-06-16,75,27,0.36
2015-06-17,82,33,0.4024390243902439
2015-06-18,82,31,0.3780487804878049
2015-06-19,88,23,0.26136363636363635
2015-06-20,62,24,0.3870967741935484
2015-06-21,77,27,0.35064935064935066
2015-06-22,85,34,0.4
2015-06-23,96,37,0.3854166666666667
2015-06-24,97,33,0.3402061855670103
2015-06-25,97,32,0.32989690721649484
2015-06-26,81,27,0.3333333333333333
2015-06-27,57,22,0.38596491228070173
2015-06-28,56,29,0.5178571428571429
2015-06-29,90,35,0.3888888888888889
2015-06-30,79,25,0.31645569620253167
2015-07-01,68,23,0.3382352941176471
2015-07-02,63,21,0.3333333333333333
2015-07-03,65,16,0.24615384615384617
2015-07-04,45,19,0.4222222222222222
2015-07-05,56,20,0.35714285714285715
2015-07-06,78,21,0.2692307692307692
2015-07-07,69,28,0.4057971014492754
2015-07-08,91,25,0.27472527472527475
2015-07-09,78,24,0.3076923076923077
2015-07-10,59,13,0.22033898305084745
2015-07-11,40,14,0.35
2015-07-12,41,17,0.4146341463414634
2015-07-13,66,22,0.3333333333333333
2015-07-14,59,24,0.4067796610169492
2015-07-15,60,29,0.48333333333333334
2015-07-16,89,28,0.3146067415730337
2015-07-17,69,12,0.17391304347826086
2015-07-18,31,11,0.3548387096774194
2015-07-19,45,16,0.35555555555555557
2015-07-20,62,19,0.3064516129032258
2015-07-21,66,19,0.2878787878787879
2015-07-22,56,13,0.23214285714285715
2015-07-23,54,19,0.35185185185185186
2015-07-24,68,19,0.27941176470588236
2015-07-25,43,13,0.3023255813953488
2015-07-26,42,14,0.3333333333333333
2015-07-27,59,23,0.3898305084745763
2015-07-28,53,16,0.3018867924528302
2015-07-29,45,14,0.3111111111111111
2015-07-30,70,25,0.35714285714285715
2015-07-31,64,13,0.203125
2015-08-01,36,9,0.25
2015-08-02,44,11,0.25
2015-08-03,43,20,0.46511627906976744
2015-08-04,69,18,0.2608695652173913
2015-08-05,51,22,0.43137254901960786
2015-08-06,56,18,0.32142857142857145
2015-08-07,38,11,0.2894736842105263
2015-08-08,36,12,0.3333333333333333
2015-08-09,34,16,0.47058823529411764
2015-08-10,67,20,0.29850746268656714
2015-08-11,65,17,0.26153846153846155
2015-08-12,73,21,0.2876712328767123
2015-08-13,62,19,0.3064516129032258
2015-08-14,77,11,0.14285714285714285
2015-08-15,32,10,0.3125
2015-08-16,47,17,0.3617021276595745
2015-08-17,63,25,0.3968253968253968
2015-08-18,61,22,0.36065573770491804
2015-08-19,70,27,0.38571428571428573
2015-08-20,65,21,0.3230769230769231
2015-08-21,57,13,0.22807017543859648
2015-08-22,44,15,0.3409090909090909
2015-08-23,60,19,0.31666666666666665
2015-08-24,71,22,0.30985915492957744
2015-08-25,67,19,0.2835820895522388
2015-08-26,64,17,0.265625
2015-08-27,63,25,0.3968253968253968
2015-08-28,89,15,0.16853932584269662
2015-08-29,47,17,0.3617021276595745
2015-08-30,70,19,0.2714285714285714
2015-08-31,86,29,0.3372093023255814
2015-09-01,76,26,0.34210526315789475
2015-09-02,70,28,0.4
2015-09-03,93,27,0.2903225806451613
2015-09-04,71,18,0.2535211267605634
2015-09-05,63,25,0.3968253968253968
2015-09-06,66,25,0.3787878787878788
2015-09-07,69,27,0.391304347826087
2015-09-08,82,28,0.34146341463414637
2015-09-09,76,23,0.3026315789473684
2015-09-10,57,27,0.47368421052631576
2015-09-11,75,14,0.18666666666666668
2015-09-12,50,13,0.26
2015-09-13,46,16,0.34782608695652173
2015-09-14,82,22,0.2682926829268293
2015-09-15,67,18,0.26865671641791045
2015-09-16,53,17,0.32075471698113206
2015-09-17,50,19,0.38
2015-09-18,69,16,0.2318840579710145
2015-09-19,42,10,0.23809523809523808
2015-09-20,58,20,0.3448275862068966
2015-09-21,66,30,0.45454545454545453
2015-09-22,73,28,0.3835616438356164
2015-09-23,78,15,0.19230769230769232
2015-09-24,50,23,0.46
2015-09-25,62,16,0.25806451612903225
2015-09-26,37,9,0.24324324324324326
2015-09-27,54,19,0.35185185185185186
2015-09-28,66,20,0.30303030303030304
2015-09-29,44,17,0.38636363636363635
2015-09-30,49,16,0.32653061224489793
2015-10-01,30,13,0.43333333333333335
2015-10-02,71,7,0.09859154929577464
2015-10-03,34,14,0.4117647058823529
2015-10-04,48,15,0.3125
2015-10-05,49,12,0.24489795918367346
2015-10-06,29,7,0.2413793103448276
2015-10-07,50,14,0.28
2015-10-08,71,14,0.19718309859154928
2015-10-09,43,11,0.2558139534883721
2015-10-10,26,8,0.3076923076923077
2015-10-11,26,11,0.4230769230769231
2015-10-12,44,15,0.3409090909090909
2015-10-13,53,22,0.41509433962264153
2015-10-14,69,16,0.2318840579710145
2015-10-15,63,20,0.31746031746031744
2015-10-16,49,7,0.14285714285714285
2015-10-17,19,6,0.3157894736842105
2015-10-18,37,12,0.32432432432432434
2015-10-19,61,20,0.32786885245901637
2015-10-20,57,15,0.2631578947368421
2015-10-21,51,19,0.37254901960784315
2015-10-22,67,23,0.34328358208955223
2015-10-23,65,13,0.2
2015-10-24,45,10,0.2222222222222222
2015-10-25,39,6,0.15384615384615385
2015-10-26,35,13,0.37142857142857144
2015-10-27,51,16,0.3137254901960784
2015-10-28,42,15,0.35714285714285715
2015-10-29,43,16,0.37209302325581395
2015-10-30,63,11,0.1746031746031746
2015-10-31,32,9,0.28125
2015-11-01,25,14,0.56
2015-11-02,63,19,0.30158730158730157
2015-11-03,64,13,0.203125
2015-11-04,61,20,0.32786885245901637
2015-11-05,70,10,0.14285714285714285
2015-11-06,39,7,0.1794871794871795
2015-11-07,36,12,0.3333333333333333
2015-11-08,41,14,0.34146341463414637
2015-11-09,57,14,0.24561403508771928
2015-11-10,61,19,0.3114754098360656
2015-11-11,57,29,0.5087719298245614
2015-11-12,85,23,0.27058823529411763
2015-11-13,61,15,0.2459016393442623
2015-11-14,42,18,0.42857142857142855
2015-11-15,53,21,0.39622641509433965
2015-11-16,93,18,0.1935483870967742
2015-11-17,63,16,0.25396825396825395
2015-11-18,56,17,0.30357142857142855
2015-11-19,64,18,0.28125
2015-11-20,53,10,0.18867924528301888
2015-11-21,34,11,0.3235294117647059
2015-11-22,61,15,0.2459016393442623
2015-11-23,70,15,0.21428571428571427
2015-11-24,78,17,0.21794871794871795
2015-11-25,47,12,0.2553191489361702
2015-11-26,48,17,0.3541666666666667
2015-11-27,57,10,0.17543859649122806
2015-11-28,35,6,0.17142857142857143
2015-11-29,36,10,0.2777777777777778
2015-11-30,49,16,0.32653061224489793
2015-12-01,46,20,0.43478260869565216
2015-12-02,62,16,0.25806451612903225
2015-12-03,38,13,0.34210526315789475
2015-12-04,38,10,0.2631578947368421
2015-12-05,33,12,0.36363636363636365
2015-12-06,37,9,0.24324324324324326
2015-12-07,41,7,0.17073170731707318
2015-12-08,42,15,0.35714285714285715
2015-12-09,51,23,0.45098039215686275
2015-12-10,55,21,0.38181818181818183
2015-12-11,58,12,0.20689655172413793
2015-12-12,37,11,0.2972972972972973
2015-12-13,29,8,0.27586206896551724
2015-12-14,71,20,0.28169014084507044
2015-12-15,69,27,0.391304347826087
2015-12-16,82,30,0.36585365853658536
2015-12-17,78,22,0.28205128205128205
2015-12-18,65,17,0.26153846153846155
2015-12-19,50,26,0.52
2015-12-20,54,15,0.2777777777777778
2015-12-21,59,24,0.4067796610169492
2015-12-22,64,26,0.40625
2015-12-23,75,26,0.3466666666666667
2015-12-24,58,17,0.29310344827586204
2015-12-25,52,13,0.25
2015-12-26,37,12,0.32432432432432434
2015-12-27,41,16,0.3902439024390244
2015-12-28,63,27,0.42857142857142855
2015-12-29,71,26,0.36619718309859156
2015-12-30,63,21,0.3333333333333333
2015-12-31,70,14,0.2
2016-01-01,38,7,0.18421052631578946
2016-01-02,48,14,0.2916666666666667
2016-01-03,58,19,0.3275862068965517
2016-01-04,79,34,0.43037974683544306
2016-01-05,82,24,0.2926829268292683
2016-01-06,53,12,0.22641509433962265
2016-01-07,66,19,0.2878787878787879
2016-01-08,56,14,0.25
2016-01-09,54,23,0.42592592592592593
2016-01-10,48,23,0.4791666666666667
2016-01-11,69,19,0.2753623188405797
2016-01-12,51,16,0.3137254901960784
2016-01-13,59,18,0.3050847457627119
2016-01-14,59,18,0.3050847457627119
2016-01-15,59,15,0.2542372881355932
2016-01-16,31,7,0.22580645161290322
2016-01-17,41,12,0.2926829268292683
2016-01-18,67,19,0.2835820895522388
2016-01-19,61,22,0.36065573770491804
2016-01-20,69,25,0.36231884057971014
2016-01-21,64,22,0.34375
2016-01-22,56,13,0.23214285714285715
2016-01-23,44,11,0.25
2016-01-24,36,13,0.3611111111111111
2016-01-25,70,26,0.37142857142857144
2016-01-26,73,29,0.3972602739726027
2016-01-27,95,36,0.37894736842105264
2016-01-28,95,22,0.23157894736842105
2016-01-29,70,17,0.24285714285714285
2016-01-30,43,10,0.23255813953488372
2016-01-31,36,18,0.5
2016-02-01,60,24,0.4
2016-02-02,63,23,0.36507936507936506
2016-02-03,72,27,0.375
2016-02-04,62,17,0.27419354838709675
2016-02-05,53,14,0.2641509433962264
2016-02-06,52,15,0.28846153846153844
2016-02-07,39,13,0.3333333333333333
2016-02-08,53,22,0.41509433962264153
2016-02-09,84,23,0.27380952380952384
2016-02-10,63,24,0.38095238095238093
2016-02-11,59,25,0.423728813559322
2016-02-12,55,17,0.3090909090909091
2016-02-13,39,11,0.28205128205128205
2016-02-14,42,15,0.35714285714285715
2016-02-15,58,24,0.41379310344827586
2016-02-16,73,25,0.3424657534246575
2016-02-17,94,16,0.1702127659574468
2016-02-18,66,14,0.21212121212121213
2016-02-19,45,6,0.13333333333333333
2016-02-20,34,11,0.3235294117647059
2016-02-21,41,12,0.2926829268292683
2016-02-22,64,28,0.4375
2016-02-23,80,21,0.2625
2016-02-24,66,17,0.25757575757575757
2016-02-25,62,15,0.24193548387096775
2016-02-26,48,12,0.25
2016-02-27,61,15,0.2459016393442623
2016-02-28,41,16,0.3902439024390244
2016-02-29,58,15,0.25862068965517243
2016-03-01,57,27,0.47368421052631576
2016-03-02,88,36,0.4090909090909091
2016-03-03,85,25,0.29411764705882354
2016-03-04,71,15,0.2112676056338028
2016-03-05,44,9,0.20454545454545456
2016-03-06,56,20,0.35714285714285715
2016-03-07,88,25,0.2840909090909091
2016-03-08,68,19,0.27941176470588236
2016-03-09,60,21,0.35
2016-03-10,56,24,0.42857142857142855
2016-03-11,66,12,0.18181818181818182
2016-03-12,36,13,0.3611111111111111
2016-03-13,44,16,0.36363636363636365
2016-03-14,50,15,0.3
2016-03-15,52,13,0.25
2016-03-16,37,10,0.2702702702702703
2016-03-17,43,16,0.37209302325581395
2016-03-18,48,14,0.2916666666666667
2016-03-19,33,11,0.3333333333333333
2016-03-20,59,22,0.3728813559322034
2016-03-21,71,27,0.38028169014084506
2016-03-22,61,25,0.4098360655737705
2016-03-23,70,24,0.34285714285714286
2016-03-24,72,19,0.2638888888888889
2016-03-25,45,10,0.2222222222222222
2016-03-26,31,12,0.3870967741935484
2016-03-27,66,15,0.22727272727272727
2016-03-28,44,11,0.25
2016-03-29,56,17,0.30357142857142855
2016-03-30,58,16,0.27586206896551724
2016-03-31,67,16,0.23880597014925373
2016-04-01,40,11,0.275
2016-04-02,39,12,0.3076923076923077
2016-04-03,39,20,0.5128205128205128
2016-04-04,64,18,0.28125
2016-04-05,61,19,0.3114754098360656
2016-04-06,54,22,0.4074074074074074
2016-04-07,64,29,0.453125
2016-04-08,66,19,0.2878787878787879
2016-04-09,52,15,0.28846153846153844
2016-04-10,44,20,0.45454545454545453
2016-04-11,83,23,0.27710843373493976
2016-04-12,55,23,0.41818181818181815
2016-04-13,73,22,0.3013698630136986
2016-04-14,71,21,0.29577464788732394
2016-04-15,54,15,0.2777777777777778
2016-04-16,57,23,0.40350877192982454
2016-04-17,61,23,0.3770491803278688
2016-04-18,72,22,0.3055555555555556
2016-04-19,79,27,0.34177215189873417
2016-04-20,78,23,0.2948717948717949
2016-04-21,64,25,0.390625
2016-04-22,87,17,0.19540229885057472
2016-04-23,63,16,0.25396825396825395
2016-04-24,65,21,0.3230769230769231
2016-04-25,83,36,0.43373493975903615
2016-04-26,88,27,0.3068181818181818
2016-04-27,76,23,0.3026315789473684
2016-04-28,73,24,0.3287671232876712
2016-04-29,75,15,0.2
2016-04-30,47,13,0.2765957446808511
2016-05-01,53,24,0.4528301886792453
2016-05-02,74,25,0.33783783783783783
2016-05-03,68,20,0.29411764705882354
2016-05-04,52,26,0.5
2016-05-05,69,29,0.42028985507246375
2016-05-06,71,13,0.18309859154929578
2016-05-07,45,14,0.3111111111111111
2016-05-08,44,17,0.38636363636363635
2016-05-09,84,29,0.34523809523809523
2016-05-10,101,34,0.33663366336633666
2016-05-11,78,30,0.38461538461538464
2016-05-12,95,32,0.3368421052631579
2016-05-13,81,16,0.19753086419753085
2016-05-14,54,11,0.2037037037037037
2016-05-15,67,21,0.31343283582089554
2016-05-16,70,22,0.3142857142857143
2016-05-17,80,24,0.3
2016-05-18,78,22,0.28205128205128205
2016-05-19,72,34,0.4722222222222222
2016-05-20,92,21,0.22826086956521738
2016-05-21,50,18,0.36
2016-05-22,53,20,0.37735849056603776
2016-05-23,83,26,0.3132530120481928
2016-05-24,66,24,0.36363636363636365
2016-05-25,69,28,0.4057971014492754
2016-05-26,93,29,0.3118279569892473
2016-05-27,109,25,0.22935779816513763
2016-05-28,69,19,0.2753623188405797
2016-05-29,77,19,0.24675324675324675
2016-05-30,79,30,0.379746835443038
2016-05-31,123,36,0.2926829268292683
2016-06-01,101,28,0.27722772277227725
2016-06-02,94,29,0.30851063829787234
2016-06-03,102,25,0.24509803921568626
2016-06-04,66,29,0.4393939393939394
2016-06-05,73,34,0.4657534246575342
2016-06-06,148,40,0.2702702702702703
2016-06-07,99,36,0.36363636363636365
2016-06-08,102,30,0.29411764705882354
2016-06-09,79,28,0.35443037974683544
2016-06-10,89,29,0.3258426966292135
2016-06-11,65,27,0.4153846153846154
2016-06-12,71,25,0.352112676056338
2016-06-13,91,39,0.42857142857142855
2016-06-14,127,33,0.25984251968503935
2016-06-15,90,28,0.3111111111111111
2016-06-16,93,32,0.34408602150537637
2016-06-17,69,26,0.37681159420289856
2016-06-18,61,21,0.3442622950819672
2016-06-19,67,27,0.40298507462686567
2016-06-20,96,33,0.34375
2016-06-21,105,26,0.24761904761904763
2016-06-22,75,26,0.3466666666666667
2016-06-23,83,31,0.37349397590361444
2016-06-24,96,26,0.2708333333333333
2016-06-25,60,21,0.35
2016-06-26,67,23,0.34328358208955223
2016-06-27,90,37,0.4111111111111111
2016-06-28,123,41,0.3333333333333333
2016-06-29,122,34,0.2786885245901639
2016-06-30,81,38,0.4691358024691358
2016-07-01,116,28,0.2413793103448276
2016-07-02,67,27,0.40298507462686567
2016-07-03,67,19,0.2835820895522388
2016-07-04,90,27,0.3
2016-07-05,82,21,0.25609756097560976
2016-07-06,69,25,0.36231884057971014
2016-07-07,93,31,0.3333333333333333
2016-07-08,81,28,0.345679012345679
2016-07-09,82,23,0.2804878048780488
2016-07-10,67,23,0.34328358208955223
2016-07-11,103,36,0.34951456310679613
2016-07-12,112,29,0.25892857142857145
2016-07-13,101,38,0.37623762376237624
2016-07-14,104,26,0.25
2016-07-15,71,16,0.22535211267605634
2016-07-16,63,22,0.3492063492063492
2016-07-17,70,29,0.4142857142857143
2016-07-18,100,32,0.32
2016-07-19,101,36,0.3564356435643564
2016-07-20,107,28,0.2616822429906542
2016-07-21,85,29,0.3411764705882353
2016-07-22,122,25,0.20491803278688525
2016-07-23,82,28,0.34146341463414637
2016-07-24,71,23,0.323943661971831
2016-07-25,101,36,0.3564356435643564
2016-07-26,102,34,0.3333333333333333
2016-07-27,112,37,0.33035714285714285
2016-07-28,118,39,0.3305084745762712
2016-07-29,112,33,0.29464285714285715
2016-07-30,79,25,0.31645569620253167
2016-07-31,72,26,0.3611111111111111
2016-08-01,102,34,0.3333333333333333
2016-08-02,98,31,0.3163265306122449
2016-08-03,94,29,0.30851063829787234
2016-08-04,111,29,0.26126126126126126
2016-08-05,79,19,0.24050632911392406
2016-08-06,58,22,0.3793103448275862
2016-08-07,75,29,0.38666666666666666
2016-08-08,113,32,0.2831858407079646
2016-08-09,102,38,0.37254901960784315
2016-08-10,133,46,0.3458646616541353
2016-08-11,129,49,0.3798449612403101
2016-08-12,127,30,0.23622047244094488
2016-08-13,68,18,0.2647058823529412
2016-08-14,72,27,0.375
2016-08-15,108,32,0.2962962962962963
2016-08-16,80,29,0.3625
2016-08-17,104,34,0.3269230769230769
2016-08-18,72,24,0.3333333333333333
2016-08-19,74,21,0.28378378378378377
2016-08-20,67,28,0.417910447761194
2016-08-21,84,31,0.36904761904761907
2016-08-22,89,29,0.3258426966292135
2016-08-23,93,35,0.3763440860215054
2016-08-24,136,42,0.3088235294117647
2016-08-25,109,30,0.27522935779816515
2016-08-26,77,20,0.2597402597402597
2016-08-27,57,21,0.3684210526315789
2016-08-28,62,23,0.3709677419354839
2016-08-29,111,38,0.34234234234234234
2016-08-30,101,38,0.37623762376237624
2016-08-31,122,32,0.26229508196721313
2016-09-01,109,31,0.28440366972477066
2016-09-02,101,34,0.33663366336633666
2016-09-03,84,30,0.35714285714285715
2016-09-04,70,23,0.32857142857142857
2016-09-05,101,34,0.33663366336633666
2016-09-06,101,35,0.3465346534653465
2016-09-07,103,32,0.3106796116504854
2016-09-08,89,35,0.39325842696629215
2016-09-09,98,27,0.2755102040816326
2016-09-10,56,15,0.26785714285714285
2016-09-11,53,19,0.3584905660377358
2016-09-12,92,32,0.34782608695652173
2016-09-13,64,27,0.421875
2016-09-14,66,30,0.45454545454545453
2016-09-15,99,28,0.2828282828282828
2016-09-16,71,26,0.36619718309859156
2016-09-17,70,28,0.4
2016-09-18,88,34,0.38636363636363635
2016-09-19,128,48,0.375
2016-09-20,138,39,0.2826086956521739
2016-09-21,89,40,0.449438202247191
2016-09-22,100,33,0.33
2016-09-23,98,27,0.2755102040816326
2016-09-24,66,25,0.3787878787878788
2016-09-25,83,31,0.37349397590361444
2016-09-26,107,41,0.38317757009345793
2016-09-27,102,33,0.3235294117647059
2016-09-28,101,32,0.31683168316831684
2016-09-29,95,33,0.3473684210526316
2016-09-30,115,28,0.24347826086956523
2016-10-01,66,26,0.3939393939393939
2016-10-02,59,26,0.4406779661016949
2016-10-03,85,40,0.47058823529411764
2016-10-04,103,40,0.3883495145631068
2016-10-05,67,26,0.3880597014925373
2016-10-06,84,22,0.2619047619047619
2016-10-07,72,21,0.2916666666666667
2016-10-08,57,24,0.42105263157894735
2016-10-09,66,27,0.4090909090909091
2016-10-10,97,31,0.31958762886597936
2016-10-11,97,36,0.3711340206185567
2016-10-12,99,29,0.29292929292929293
2016-10-13,88,25,0.2840909090909091
2016-10-14,65,17,0.26153846153846155
2016-10-15,47,19,0.40425531914893614
2016-10-16,63,31,0.49206349206349204
2016-10-17,110,30,0.2727272727272727
2016-10-18,110,36,0.32727272727272727
2016-10-19,99,23,0.23232323232323232
2016-10-20,87,22,0.25287356321839083
2016-10-21,72,15,0.20833333333333334
2016-10-22,56,17,0.30357142857142855
2016-10-23,46,20,0.43478260869565216
2016-10-24,100,39,0.39
2016-10-25,107,33,0.308411214953271
2016-10-26,110,36,0.32727272727272727
2016-10-27,81,25,0.30864197530864196
2016-10-28,74,15,0.20270270270270271
2016-10-29,62,25,0.4032258064516129
2016-10-30,59,21,0.3559322033898305
2016-10-31,76,20,0.2631578947368421
2016-11-01,76,23,0.3026315789473684
2016-11-02,83,24,0.2891566265060241
2016-11-03,61,15,0.2459016393442623
2016-11-04,60,15,0.25
2016-11-05,49,17,0.3469387755102041
2016-11-06,38,14,0.3684210526315789
2016-11-07,59,24,0.4067796610169492
2016-11-08,81,27,0.3333333333333333
2016-11-09,59,21,0.3559322033898305
2016-11-10,53,15,0.2830188679245283
2016-11-11,50,19,0.38
2016-11-12,44,14,0.3181818181818182
2016-11-13,56,18,0.32142857142857145
2016-11-14,91,21,0.23076923076923078
2016-11-15,94,26,0.2765957446808511
2016-11-16,87,31,0.3563218390804598
2016-11-17,81,22,0.2716049382716049
2016-11-18,55,18,0.32727272727272727
2016-11-19,56,14,0.25
2016-11-20,47,18,0.3829787234042553
2016-11-21,84,31,0.36904761904761907
2016-11-22,90,25,0.2777777777777778
2016-11-23,79,25,0.31645569620253167
2016-11-24,71,28,0.39436619718309857
2016-11-25,83,21,0.25301204819277107
2016-11-26,63,10,0.15873015873015872
2016-11-27,38,12,0.3157894736842105
2016-11-28,62,15,0.24193548387096775
2016-11-29,62,25,0.4032258064516129
2016-11-30,80,26,0.325
2016-12-01,80,19,0.2375
2016-12-02,76,18,0.23684210526315788
2016-12-03,53,19,0.3584905660377358
2016-12-04,70,22,0.3142857142857143
2016-12-05,70,20,0.2857142857142857
2016-12-06,61,17,0.2786885245901639
2016-12-07,72,30,0.4166666666666667
2016-12-08,99,35,0.35353535353535354
2016-12-09,92,25,0.2717391304347826
2016-12-10,59,27,0.4576271186440678
2016-12-11,66,21,0.3181818181818182
2016-12-12,69,23,0.3333333333333333
2016-12-13,62,28,0.45161290322580644
2016-12-14,88,36,0.4090909090909091
2016-12-15,99,31,0.31313131313131315
2016-12-16,87,25,0.28735632183908044
2016-12-17,55,18,0.32727272727272727
2016-12-18,55,22,0.4
2016-12-19,86,27,0.313953488372093
2016-12-20,78,31,0.3974358974358974
2016-12-21,72,27,0.375
2016-12-22,74,23,0.3108108108108108
2016-12-23,65,14,0.2153846153846154
2016-12-24,34,15,0.4411764705882353
2016-12-25,43,16,0.37209302325581395
2016-12-26,47,17,0.3617021276595745
2016-12-27,50,16,0.32
2016-12-28,71,24,0.3380281690140845
2016-12-29,90,35,0.3888888888888889
2016-12-30,92,23,0.25
2016-12-31,59,13,0.22033898305084745
2017-01-01,53,19,0.3584905660377358
2017-01-02,91,32,0.3516483516483517
2017-01-03,95,35,0.3684210526315789
2017-01-04,94,27,0.2872340425531915
2017-01-05,88,15,0.17045454545454544
2017-01-06,66,15,0.22727272727272727
2017-01-07,58,19,0.3275862068965517
2017-01-08,61,22,0.36065573770491804
2017-01-09,95,27,0.28421052631578947
2017-01-10,89,29,0.3258426966292135
2017-01-11,99,25,0.25252525252525254
2017-01-12,72,23,0.3194444444444444
2017-01-13,60,17,0.2833333333333333
2017-01-14,52,19,0.36538461538461536
2017-01-15,56,18,0.32142857142857145
2017-01-16,71,26,0.36619718309859156
2017-01-17,100,32,0.32
2017-01-18,80,32,0.4
2017-01-19,95,30,0.3157894736842105
2017-01-20,77,18,0.23376623376623376
2017-01-21,47,21,0.44680851063829785
2017-01-22,63,18,0.2857142857142857
2017-01-23,73,22,0.3013698630136986
2017-01-24,81,24,0.2962962962962963
2017-01-25,83,33,0.39759036144578314
2017-01-26,91,30,0.32967032967032966
2017-01-27,69,14,0.2028985507246377
2017-01-28,43,17,0.3953488372093023
2017-01-29,67,19,0.2835820895522388
2017-01-30,73,18,0.2465753424657534
2017-01-31,65,21,0.3230769230769231
2017-02-01,69,28,0.4057971014492754
2017-02-02,69,22,0.3188405797101449
2017-02-03,81,23,0.2839506172839506
2017-02-04,62,22,0.3548387096774194
2017-02-05,50,21,0.42
2017-02-06,96,25,0.2604166666666667
2017-02-07,65,20,0.3076923076923077
2017-02-08,73,24,0.3287671232876712
2017-02-09,77,22,0.2857142857142857
2017-02-10,59,21,0.3559322033898305
2017-02-11,60,19,0.31666666666666665
2017-02-12,58,27,0.46551724137931033
2017-02-13,81,25,0.30864197530864196
2017-02-14,88,31,0.3522727272727273
2017-02-15,89,28,0.3146067415730337
2017-02-16,73,26,0.3561643835616438
2017-02-17,71,17,0.23943661971830985
2017-02-18,58,23,0.39655172413793105
2017-02-19,55,20,0.36363636363636365
2017-02-20,83,28,0.3373493975903614
2017-02-21,90,24,0.26666666666666666
2017-02-22,72,25,0.3472222222222222
2017-02-23,71,19,0.2676056338028169
2017-02-24,79,22,0.27848101265822783
2017-02-25,62,16,0.25806451612903225
2017-02-26,48,15,0.3125
2017-02-27,88,24,0.2727272727272727
2017-02-28,78,29,0.3717948717948718
2017-03-01,89,35,0.39325842696629215
2017-03-02,119,25,0.21008403361344538
2017-03-03,74,20,0.2702702702702703
2017-03-04,61,17,0.2786885245901639
2017-03-05,55,21,0.38181818181818183
2017-03-06,98,34,0.3469387755102041
2017-03-07,104,33,0.3173076923076923
2017-03-08,86,19,0.22093023255813954
2017-03-09,85,13,0.15294117647058825
2017-03-10,57,11,0.19298245614035087
2017-03-11,37,14,0.3783783783783784
2017-03-12,66,29,0.4393939393939394
2017-03-13,82,28,0.34146341463414637
2017-03-14,94,23,0.24468085106382978
2017-03-15,71,27,0.38028169014084506
2017-03-16,78,21,0.2692307692307692
2017-03-17,63,19,0.30158730158730157
2017-03-18,61,18,0.29508196721311475
2017-03-19,48,16,0.3333333333333333
2017-03-20,71,23,0.323943661971831
2017-03-21,82,21,0.25609756097560976
2017-03-22,79,30,0.379746835443038
2017-03-23,100,32,0.32
2017-03-24,106,22,0.20754716981132076
2017-03-25,61,23,0.3770491803278688
2017-03-26,68,24,0.35294117647058826
2017-03-27,87,26,0.2988505747126437
2017-03-28,73,21,0.2876712328767123
2017-03-29,90,24,0.26666666666666666
2017-03-30,69,25,0.36231884057971014
2017-03-31,67,18,0.26865671641791045
2017-04-01,56,19,0.3392857142857143
2017-04-02,46,17,0.3695652173913043
2017-04-03,66,22,0.3333333333333333
2017-04-04,92,23,0.25
2017-04-05,71,20,0.28169014084507044
2017-04-06,91,20,0.21978021978021978
2017-04-07,58,23,0.39655172413793105
2017-04-08,48,18,0.375
2017-04-09,53,19,0.3584905660377358
2017-04-10,91,27,0.2967032967032967
2017-04-11,80,24,0.3
2017-04-12,77,23,0.2987012987012987
2017-04-13,71,26,0.36619718309859156
2017-04-14,73,16,0.2191780821917808
2017-04-15,52,19,0.36538461538461536
2017-04-16,59,23,0.3898305084745763
2017-04-17,77,20,0.2597402597402597
2017-04-18,68,23,0.3382352941176471
2017-04-19,84,30,0.35714285714285715
2017-04-20,80,28,0.35
2017-04-21,76,24,0.3157894736842105
2017-04-22,65,21,0.3230769230769231
2017-04-23,59,17,0.288135593220339
2017-04-24,59,20,0.3389830508474576
2017-04-25,68,25,0.36764705882352944
2017-04-26,68,29,0.4264705882352941
2017-04-27,86,27,0.313953488372093
2017-04-28,61,16,0.26229508196721313
2017-04-29,36,8,0.2222222222222222
2017-04-30,43,9,0.20930232558139536
2017-05-01,56,12,0.21428571428571427
2017-05-02,55,27,0.4909090909090909
2017-05-03,95,25,0.2631578947368421
2017-05-04,77,19,0.24675324675324675
2017-05-05,63,14,0.2222222222222222
2017-05-06,38,11,0.2894736842105263
2017-05-07,58,28,0.4827586206896552
2017-05-08,80,25,0.3125
2017-05-09,71,26,0.36619718309859156
2017-05-10,90,30,0.3333333333333333
2017-05-11,82,22,0.2682926829268293
2017-05-12,57,16,0.2807017543859649
2017-05-13,44,16,0.36363636363636365
2017-05-14,38,13,0.34210526315789475
2017-05-15,52,19,0.36538461538461536
2017-05-16,95,26,0.2736842105263158
2017-05-17,71,25,0.352112676056338
2017-05-18,88,24,0.2727272727272727
2017-05-19,74,17,0.22972972972972974
2017-05-20,45,13,0.28888888888888886
2017-05-21,45,17,0.37777777777777777
2017-05-22,65,22,0.3384615384615385
2017-05-23,94,9,0.09574468085106383
2017-05-24,58,14,0.2413793103448276
2017-05-25,53,13,0.24528301886792453
2017-05-26,69,15,0.21739130434782608
2017-05-27,49,15,0.30612244897959184
2017-05-28,51,16,0.3137254901960784
2017-05-29,83,33,0.39759036144578314
2017-05-30,94,28,0.2978723404255319
2017-05-31,102,35,0.3431372549019608
2017-06-01,94,27,0.2872340425531915
2017-06-02,86,20,0.23255813953488372
2017-06-03,62,23,0.3709677419354839
2017-06-04,87,31,0.3563218390804598
2017-06-05,113,26,0.23008849557522124
2017-06-06,101,33,0.32673267326732675
2017-06-07,91,29,0.31868131868131866
2017-06-08,69,29,0.42028985507246375
2017-06-09,90,24,0.26666666666666666
2017-06-10,55,20,0.36363636363636365
2017-06-11,51,14,0.27450980392156865
2017-06-12,83,23,0.27710843373493976
2017-06-13,106,28,0.2641509433962264
2017-06-14,80,14,0.175
2017-06-15,60,14,0.23333333333333334
2017-06-16,79,23,0.2911392405063291
2017-06-17,91,25,0.27472527472527475
2017-06-18,77,28,0.36363636363636365
2017-06-19,91,35,0.38461538461538464
2017-06-20,105,28,0.26666666666666666
2017-06-21,81,26,0.32098765432098764
2017-06-22,101,32,0.31683168316831684
2017-06-23,71,17,0.23943661971830985
2017-06-24,70,20,0.2857142857142857
2017-06-25,59,26,0.4406779661016949
2017-06-26,80,22,0.275
2017-06-27,81,19,0.2345679012345679
2017-06-28,67,18,0.26865671641791045
2017-06-29,64,18,0.28125
2017-06-30,69,22,0.3188405797101449
2017-07-01,51,16,0.3137254901960784
2017-07-02,62,17,0.27419354838709675
2017-07-03,80,32,0.4
2017-07-04,98,27,0.2755102040816326
2017-07-05,84,26,0.30952380952380953
2017-07-06,77,22,0.2857142857142857
2017-07-07,66,21,0.3181818181818182
2017-07-08,62,16,0.25806451612903225
2017-07-09,70,27,0.38571428571428573
2017-07-10,121,33,0.2727272727272727
2017-07-11,99,27,0.2727272727272727
2017-07-12,91,29,0.31868131868131866
2017-07-13,83,27,0.3253012048192771
2017-07-14,82,17,0.2073170731707317
2017-07-15,47,19,0.40425531914893614
2017-07-16,77,28,0.36363636363636365
2017-07-17,101,36,0.3564356435643564
2017-07-18,105,27,0.2571428571428571
2017-07-19,81,23,0.2839506172839506
2017-07-20,77,22,0.2857142857142857
2017-07-21,90,16,0.17777777777777778
2017-07-22,59,26,0.4406779661016949
2017-07-23,86,32,0.37209302325581395
2017-07-24,132,40,0.30303030303030304
2017-07-25,114,23,0.20175438596491227
2017-07-26,89,22,0.24719101123595505
2017-07-27,94,13,0.13829787234042554
2017-07-28,72,14,0.19444444444444445
2017-07-29,51,20,0.39215686274509803
2017-07-30,53,15,0.2830188679245283
2017-07-31,68,21,0.3088235294117647
2017-08-01,86,29,0.3372093023255814
2017-08-02,89,24,0.2696629213483146
2017-08-03,80,19,0.2375
2017-08-04,94,27,0.2872340425531915
2017-08-05,75,22,0.29333333333333333
2017-08-06,64,22,0.34375
2017-08-07,79,20,0.25316455696202533
2017-08-08,97,31,0.31958762886597936
2017-08-09,107,32,0.29906542056074764
2017-08-10,86,24,0.27906976744186046
2017-08-11,99,27,0.2727272727272727
2017-08-12,78,24,0.3076923076923077
2017-08-13,58,25,0.43103448275862066
2017-08-14,91,19,0.2087912087912088
2017-08-15,64,19,0.296875
2017-08-16,89,21,0.23595505617977527
2017-08-17,88,29,0.32954545454545453
2017-08-18,95,21,0.22105263157894736
2017-08-19,67,25,0.373134328358209
2017-08-20,78,26,0.3333333333333333
2017-08-21,87,30,0.3448275862068966
2017-08-22,92,29,0.31521739130434784
2017-08-23,87,24,0.27586206896551724
2017-08-24,86,26,0.3023255813953488
2017-08-25,97,21,0.21649484536082475
2017-08-26,59,17,0.288135593220339
2017-08-27,58,14,0.2413793103448276
2017-08-28,59,27,0.4576271186440678
2017-08-29,94,30,0.3191489361702128
2017-08-30,78,22,0.28205128205128205
2017-08-31,74,21,0.28378378378378377
2017-09-01,78,19,0.24358974358974358
2017-09-02,70,22,0.3142857142857143
2017-09-03,76,24,0.3157894736842105
2017-09-04,100,23,0.23
2017-09-05,96,21,0.21875
2017-09-06,71,26,0.36619718309859156
2017-09-07,86,31,0.36046511627906974
2017-09-08,93,11,0.11827956989247312
2017-09-09,40,7,0.175
2017-09-10,54,20,0.37037037037037035
2017-09-11,69,24,0.34782608695652173
2017-09-12,68,19,0.27941176470588236
2017-09-13,72,20,0.2777777777777778
2017-09-14,82,15,0.18292682926829268
2017-09-15,59,8,0.13559322033898305
2017-09-16,34,8,0.23529411764705882
2017-09-17,44,13,0.29545454545454547
2017-09-18,77,26,0.33766233766233766
2017-09-19,95,22,0.23157894736842105
2017-09-20,85,23,0.27058823529411763
2017-09-21,92,19,0.20652173913043478
2017-09-22,78,14,0.1794871794871795
2017-09-23,50,13,0.26
2017-09-24,62,18,0.2903225806451613
2017-09-25,91,26,0.2857142857142857
2017-09-26,74,29,0.3918918918918919
2017-09-27,82,23,0.2804878048780488
2017-09-28,63,20,0.31746031746031744
2017-09-29,77,15,0.19480519480519481
2017-09-30,47,12,0.2553191489361702
2017-10-01,54,16,0.2962962962962963
2017-10-02,98,25,0.25510204081632654
2017-10-03,82,16,0.1951219512195122
2017-10-04,52,17,0.3269230769230769
2017-10-05,53,16,0.3018867924528302
2017-10-06,69,10,0.14492753623188406
2017-10-07,42,13,0.30952380952380953
2017-10-08,49,23,0.46938775510204084
2017-10-09,70,23,0.32857142857142857
2017-10-10,80,14,0.175
2017-10-11,51,20,0.39215686274509803
2017-10-12,68,16,0.23529411764705882
2017-10-13,60,15,0.25
2017-10-14,60,15,0.25
2017-10-15,45,14,0.3111111111111111
2017-10-16,85,21,0.24705882352941178
2017-10-17,73,20,0.273972602739726
2017-10-18,79,25,0.31645569620253167
2017-10-19,73,25,0.3424657534246575
2017-10-20,77,16,0.2077922077922078
2017-10-21,50,18,0.36
2017-10-22,79,20,0.25316455696202533
2017-10-23,99,24,0.24242424242424243
2017-10-24,95,28,0.29473684210526313
2017-10-25,107,20,0.18691588785046728
2017-10-26,70,11,0.15714285714285714
2017-10-27,73,18,0.2465753424657534
2017-10-28,55,14,0.2545454545454545
2017-10-29,52,17,0.3269230769230769
2017-10-30,82,29,0.35365853658536583
2017-10-31,80,21,0.2625
2017-11-01,61,24,0.39344262295081966
2017-11-02,103,25,0.24271844660194175
2017-11-03,72,20,0.2777777777777778
2017-11-04,46,13,0.2826086956521739
2017-11-05,49,12,0.24489795918367346
2017-11-06,76,19,0.25
2017-11-07,77,18,0.23376623376623376
2017-11-08,61,21,0.3442622950819672
2017-11-09,58,19,0.3275862068965517
2017-11-10,50,15,0.3
2017-11-11,48,14,0.2916666666666667
2017-11-12,55,22,0.4
2017-11-13,55,27,0.4909090909090909
2017-11-14,92,25,0.2717391304347826
2017-11-15,74,22,0.2972972972972973
2017-11-16,67,18,0.26865671641791045
2017-11-17,65,16,0.24615384615384617
2017-11-18,50,17,0.34
2017-11-19,51,23,0.45098039215686275
2017-11-20,89,19,0.21348314606741572
2017-11-21,57,11,0.19298245614035087
2017-11-22,56,11,0.19642857142857142
2017-11-23,49,9,0.1836734693877551
2017-11-24,46,15,0.32608695652173914
2017-11-25,59,13,0.22033898305084745
2017-11-26,55,18,0.32727272727272727
2017-11-27,80,26,0.325
2017-11-28,75,26,0.3466666666666667
2017-11-29,73,29,0.3972602739726027
2017-11-30,97,30,0.30927835051546393
2017-12-01,66,14,0.21212121212121213
2017-12-02,54,17,0.3148148148148148
2017-12-03,51,14,0.27450980392156865
2017-12-04,88,21,0.23863636363636365
2017-12-05,70,18,0.2571428571428571
2017-12-06,73,24,0.3287671232876712
2017-12-07,94,17,0.18085106382978725
2017-12-08,58,16,0.27586206896551724
2017-12-09,62,16,0.25806451612903225
2017-12-10,45,11,0.24444444444444444
2017-12-11,73,21,0.2876712328767123
2017-12-12,73,26,0.3561643835616438
2017-12-13,87,23,0.26436781609195403
2017-12-14,65,16,0.24615384615384617
2017-12-15,61,15,0.2459016393442623
2017-12-16,54,15,0.2777777777777778
2017-12-17,51,15,0.29411764705882354
2017-12-18,97,27,0.27835051546391754
2017-12-19,104,31,0.2980769230769231
2017-12-20,87,27,0.3103448275862069
2017-12-21,69,13,0.18840579710144928
2017-12-22,57,20,0.3508771929824561
2017-12-23,65,16,0.24615384615384617
2017-12-24,49,20,0.40816326530612246
2017-12-25,46,15,0.32608695652173914
2017-12-26,42,14,0.3333333333333333
2017-12-27,64,24,0.375
2017-12-28,78,21,0.2692307692307692
2017-12-29,59,13,0.22033898305084745
2017-12-30,43,12,0.27906976744186046
2017-12-31,46,10,0.21739130434782608
2018-01-01,37,18,0.4864864864864865
2018-01-02,89,28,0.3146067415730337
2018-01-03,88,22,0.25
2018-01-04,77,18,0.23376623376623376
2018-01-05,91,24,0.26373626373626374
2018-01-06,54,17,0.3148148148148148
2018-01-07,57,20,0.3508771929824561
2018-01-08,95,32,0.3368421052631579
2018-01-09,92,22,0.2391304347826087
2018-01-10,64,24,0.375
2018-01-11,65,19,0.2923076923076923
2018-01-12,62,11,0.1774193548387097
2018-01-13,39,12,0.3076923076923077
2018-01-14,52,17,0.3269230769230769
2018-01-15,60,21,0.35
2018-01-16,72,15,0.20833333333333334
2018-01-17,67,13,0.19402985074626866
2018-01-18,68,18,0.2647058823529412
2018-01-19,68,14,0.20588235294117646
2018-01-20,40,10,0.25
2018-01-21,43,10,0.23255813953488372
2018-01-22,40,14,0.35
2018-01-23,81,22,0.2716049382716049
2018-01-24,72,33,0.4583333333333333
2018-01-25,68,16,0.23529411764705882
2018-01-26,38,6,0.15789473684210525
2018-01-27,38,13,0.34210526315789475
2018-01-28,60,17,0.2833333333333333
2018-01-29,95,22,0.23157894736842105
2018-01-30,70,18,0.2571428571428571
2018-01-31,72,19,0.2638888888888889
2018-02-01,55,15,0.2727272727272727
2018-02-02,75,23,0.30666666666666664
2018-02-03,55,16,0.2909090909090909
2018-02-04,56,15,0.26785714285714285
2018-02-05,83,24,0.2891566265060241
2018-02-06,58,18,0.3103448275862069
2018-02-07,68,25,0.36764705882352944
2018-02-08,97,29,0.29896907216494845
2018-02-09,88,16,0.18181818181818182
2018-02-10,42,10,0.23809523809523808
2018-02-11,34,12,0.35294117647058826
2018-02-12,74,18,0.24324324324324326
2018-02-13,80,24,0.3
2018-02-14,76,24,0.3157894736842105
2018-02-15,72,16,0.2222222222222222
2018-02-16,54,13,0.24074074074074073
2018-02-17,43,14,0.32558139534883723
2018-02-18,47,13,0.2765957446808511
2018-02-19,68,24,0.35294117647058826
2018-02-20,87,25,0.28735632183908044
2018-02-21,94,21,0.22340425531914893
2018-02-22,69,23,0.3333333333333333
2018-02-23,82,15,0.18292682926829268
2018-02-24,54,24,0.4444444444444444
2018-02-25,66,25,0.3787878787878788
2018-02-26,94,27,0.2872340425531915
2018-02-27,77,18,0.23376623376623376
2018-02-28,75,20,0.26666666666666666
2018-03-01,62,20,0.3225806451612903
2018-03-02,67,16,0.23880597014925373
2018-03-03,50,12,0.24
2018-03-04,53,18,0.33962264150943394
2018-03-05,83,28,0.3373493975903614
2018-03-06,81,25,0.30864197530864196
2018-03-07,80,20,0.25
2018-03-08,58,17,0.29310344827586204
2018-03-09,53,9,0.16981132075471697
2018-03-10,34,11,0.3235294117647059
2018-03-11,53,15,0.2830188679245283
2018-03-12,94,31,0.32978723404255317
2018-03-13,87,16,0.1839080459770115
2018-03-14,62,18,0.2903225806451613
2018-03-15,72,16,0.2222222222222222
2018-03-16,86,11,0.12790697674418605
2018-03-17,42,14,0.3333333333333333
2018-03-18,55,20,0.36363636363636365
2018-03-19,86,22,0.2558139534883721
2018-03-20,80,25,0.3125
2018-03-21,85,26,0.3058823529411765
2018-03-22,92,22,0.2391304347826087
2018-03-23,79,22,0.27848101265822783
2018-03-24,66,12,0.18181818181818182
2018-03-25,54,10,0.18518518518518517
2018-03-26,86,20,0.23255813953488372
2018-03-27,68,17,0.25
2018-03-28,63,18,0.2857142857142857
2018-03-29,58,13,0.22413793103448276
2018-03-30,36,8,0.2222222222222222
2018-03-31,54,17,0.3148148148148148
2018-04-01,53,20,0.37735849056603776
2018-04-02,76,25,0.32894736842105265
2018-04-03,68,24,0.35294117647058826
2018-04-04,68,21,0.3088235294117647
2018-04-05,68,21,0.3088235294117647
2018-04-06,85,22,0.25882352941176473
2018-04-07,57,16,0.2807017543859649
2018-04-08,62,26,0.41935483870967744
2018-04-09,110,32,0.2909090909090909
2018-04-10,82,21,0.25609756097560976
2018-04-11,86,23,0.26744186046511625
2018-04-12,83,23,0.27710843373493976
2018-04-13,80,16,0.2
2018-04-14,47,19,0.40425531914893614
2018-04-15,72,29,0.4027777777777778
2018-04-16,115,31,0.26956521739130435
2018-04-17,114,26,0.22807017543859648
2018-04-18,92,27,0.29347826086956524
2018-04-19,79,25,0.31645569620253167
2018-04-20,73,15,0.2054794520547945
2018-04-21,60,17,0.2833333333333333
2018-04-22,50,18,0.36
2018-04-23,94,27,0.2872340425531915
2018-04-24,92,26,0.2826086956521739
2018-04-25,79,27,0.34177215189873417
2018-04-26,85,25,0.29411764705882354
2018-04-27,81,16,0.19753086419753085
2018-04-28,45,13,0.28888888888888886
2018-04-29,47,19,0.40425531914893614
2018-04-30,89,20,0.2247191011235955
2018-05-01,79,24,0.3037974683544304
2018-05-02,91,28,0.3076923076923077
2018-05-03,80,23,0.2875
2018-05-04,72,22,0.3055555555555556
2018-05-05,62,22,0.3548387096774194
2018-05-06,59,26,0.4406779661016949
2018-05-07,78,27,0.34615384615384615
2018-05-08,87,32,0.367816091954023
2018-05-09,85,24,0.2823529411764706
2018-05-10,80,23,0.2875
2018-05-11,75,18,0.24
2018-05-12,51,18,0.35294117647058826
2018-05-13,82,30,0.36585365853658536
2018-05-14,120,40,0.3333333333333333
2018-05-15,120,30,0.25
2018-05-16,86,25,0.29069767441860467
2018-05-17,88,27,0.3068181818181818
2018-05-18,66,14,0.21212121212121213
2018-05-19,43,11,0.2558139534883721
2018-05-20,66,27,0.4090909090909091
2018-05-21,81,24,0.2962962962962963
2018-05-22,77,25,0.3246753246753247
2018-05-23,98,24,0.24489795918367346
2018-05-24,70,18,0.2571428571428571
2018-05-25,79,19,0.24050632911392406
2018-05-26,53,11,0.20754716981132076
2018-05-27,56,14,0.25
2018-05-28,72,23,0.3194444444444444
2018-05-29,95,26,0.2736842105263158
2018-05-30,107,20,0.18691588785046728
2018-05-31,65,16,0.24615384615384617
2018-06-01,50,9,0.18
2018-06-02,37,13,0.35135135135135137
2018-06-03,53,18,0.33962264150943394
2018-06-04,53,21,0.39622641509433965
2018-06-05,86,28,0.32558139534883723
2018-06-06,87,23,0.26436781609195403
2018-06-07,94,23,0.24468085106382978
2018-06-08,75,18,0.24
2018-06-09,59,20,0.3389830508474576
2018-06-10,53,9,0.16981132075471697
2018-06-11,64,10,0.15625
2018-06-12,93,24,0.25806451612903225
2018-06-13,86,20,0.23255813953488372
2018-06-14,78,17,0.21794871794871795
2018-06-15,65,14,0.2153846153846154
2018-06-16,61,22,0.36065573770491804
2018-06-17,54,17,0.3148148148148148
2018-06-18,74,23,0.3108108108108108
2018-06-19,81,19,0.2345679012345679
2018-06-20,78,19,0.24358974358974358
2018-06-21,71,14,0.19718309859154928
2018-06-22,59,15,0.2542372881355932
2018-06-23,54,13,0.24074074074074073
2018-06-24,48,19,0.3958333333333333
2018-06-25,60,19,0.31666666666666665
2018-06-26,77,15,0.19480519480519481
2018-06-27,90,28,0.3111111111111111
2018-06-28,90,27,0.3
2018-06-29,90,27,0.3
2018-06-30,70,18,0.2571428571428571
2018-07-01,55,25,0.45454545454545453
2018-07-02,115,33,0.28695652173913044
2018-07-03,103,32,0.3106796116504854
2018-07-04,74,26,0.35135135135135137
2018-07-05,86,23,0.26744186046511625
2018-07-06,71,16,0.22535211267605634
2018-07-07,55,18,0.32727272727272727
2018-07-08,59,20,0.3389830508474576
2018-07-09,64,16,0.25
2018-07-10,75,19,0.25333333333333335
2018-07-11,74,17,0.22972972972972974
2018-07-12,81,22,0.2716049382716049
2018-07-13,76,18,0.23684210526315788
2018-07-14,56,5,0.08928571428571429
2018-07-15,48,10,0.20833333333333334
2018-07-16,101,32,0.31683168316831684
2018-07-17,95,35,0.3684210526315789
2018-07-18,103,36,0.34951456310679613
2018-07-19,106,25,0.2358490566037736
2018-07-20,82,20,0.24390243902439024
2018-07-21,69,19,0.2753623188405797
2018-07-22,71,27,0.38028169014084506
2018-07-23,135,31,0.22962962962962963
2018-07-24,93,25,0.26881720430107525
2018-07-25,93,29,0.3118279569892473
2018-07-26,110,28,0.2545454545454545
2018-07-27,77,21,0.2727272727272727
2018-07-28,64,19,0.296875
2018-07-29,80,28,0.35
2018-07-30,89,27,0.30337078651685395
2018-07-31,77,31,0.4025974025974026
2018-08-01,86,26,0.3023255813953488
2018-08-02,68,21,0.3088235294117647
2018-08-03,71,17,0.23943661971830985
2018-08-04,48,22,0.4583333333333333
2018-08-05,66,20,0.30303030303030304
2018-08-06,81,37,0.4567901234567901
2018-08-07,119,32,0.2689075630252101
2018-08-08,102,33,0.3235294117647059
2018-08-09,89,35,0.39325842696629215
2018-08-10,78,25,0.32051282051282054
2018-08-11,66,14,0.21212121212121213
2018-08-12,73,30,0.410958904109589
2018-08-13,117,39,0.3333333333333333
2018-08-14,106,22,0.20754716981132076
2018-08-15,64,16,0.25
2018-08-16,63,14,0.2222222222222222
2018-08-17,56,21,0.375
2018-08-18,42,14,0.3333333333333333
2018-08-19,61,20,0.32786885245901637
2018-08-20,80,22,0.275
2018-08-21,91,23,0.25274725274725274
2018-08-22,86,29,0.3372093023255814
2018-08-23,80,21,0.2625
2018-08-24,72,21,0.2916666666666667
2018-08-25,62,20,0.3225806451612903
2018-08-26,68,22,0.3235294117647059
2018-08-27,77,37,0.4805194805194805
2018-08-28,111,34,0.3063063063063063
2018-08-29,96,34,0.3541666666666667
2018-08-30,79,21,0.26582278481012656
2018-08-31,62,11,0.1774193548387097
2018-09-01,37,12,0.32432432432432434
2018-09-02,54,23,0.42592592592592593
2018-09-03,85,27,0.3176470588235294
2018-09-04,99,25,0.25252525252525254
2018-09-05,84,21,0.25
2018-09-06,78,16,0.20512820512820512
2018-09-07,55,14,0.2545454545454545
2018-09-08,55,15,0.2727272727272727
2018-09-09,48,17,0.3541666666666667
2018-09-10,73,29,0.3972602739726027
2018-09-11,88,19,0.2159090909090909
2018-09-12,69,22,0.3188405797101449
2018-09-13,81,22,0.2716049382716049
2018-09-14,82,19,0.23170731707317074
2018-09-15,50,15,0.3
2018-09-16,46,15,0.32608695652173914
2018-09-17,84,17,0.20238095238095238
2018-09-18,67,14,0.208955223880597
2018-09-19,49,17,0.3469387755102041
2018-09-20,81,18,0.2222222222222222
2018-09-21,61,16,0.26229508196721313
2018-09-22,57,16,0.2807017543859649
2018-09-23,64,22,0.34375
2018-09-24,80,34,0.425
2018-09-25,103,27,0.2621359223300971
2018-09-26,82,14,0.17073170731707318
2018-09-27,50,16,0.32
2018-09-28,82,12,0.14634146341463414
2018-09-29,35,15,0.42857142857142855
2018-09-30,69,20,0.2898550724637681
2018-10-01,63,17,0.2698412698412698
2018-10-02,71,22,0.30985915492957744
2018-10-03,72,21,0.2916666666666667
2018-10-04,81,22,0.2716049382716049
2018-10-05,72,20,0.2777777777777778
2018-10-06,59,14,0.23728813559322035
2018-10-07,43,15,0.3488372093023256
2018-10-08,107,32,0.29906542056074764
2018-10-09,88,37,0.42045454545454547
2018-10-10,106,39,0.36792452830188677
2018-10-11,107,26,0.24299065420560748
2018-10-12,113,20,0.17699115044247787
2018-10-13,67,18,0.26865671641791045
2018-10-14,56,18,0.32142857142857145
2018-10-15,96,31,0.3229166666666667
2018-10-16,96,32,0.3333333333333333
2018-10-17,84,28,0.3333333333333333
2018-10-18,82,23,0.2804878048780488
2018-10-19,64,11,0.171875
2018-10-20,38,14,0.3684210526315789
2018-10-21,47,16,0.3404255319148936
2018-10-22,58,14,0.2413793103448276
2018-10-23,57,21,0.3684210526315789
2018-10-24,67,22,0.3283582089552239
2018-10-25,60,20,0.3333333333333333
2018-10-26,69,14,0.2028985507246377
2018-10-27,41,19,0.4634146341463415
2018-10-28,69,23,0.3333333333333333
2018-10-29,113,35,0.30973451327433627
2018-10-30,126,30,0.23809523809523808
2018-10-31,80,21,0.2625
2018-11-01,64,15,0.234375
2018-11-02,52,12,0.23076923076923078
2018-11-03,48,20,0.4166666666666667
2018-11-04,67,21,0.31343283582089554
2018-11-05,99,31,0.31313131313131315
2018-11-06,88,19,0.2159090909090909
2018-11-07,61,18,0.29508196721311475
2018-11-08,89,20,0.2247191011235955
2018-11-09,75,20,0.26666666666666666
2018-11-10,55,24,0.43636363636363634
2018-11-11,67,25,0.373134328358209
2018-11-12,84,30,0.35714285714285715
2018-11-13,84,22,0.2619047619047619
2018-11-14,72,26,0.3611111111111111
2018-11-15,81,26,0.32098765432098764
2018-11-16,66,26,0.3939393939393939
2018-11-17,55,22,0.4
2018-11-18,47,24,0.5106382978723404
2018-11-19,90,20,0.2222222222222222
2018-11-20,53,16,0.3018867924528302
2018-11-21,67,14,0.208955223880597
2018-11-22,46,12,0.2608695652173913
2018-11-23,44,8,0.18181818181818182
2018-11-24,39,15,0.38461538461538464
2018-11-25,50,19,0.38
2018-11-26,65,27,0.4153846153846154
2018-11-27,98,24,0.24489795918367346
2018-11-28,82,21,0.25609756097560976
2018-11-29,78,23,0.2948717948717949
2018-11-30,78,13,0.16666666666666666
2018-12-01,46,14,0.30434782608695654
2018-12-02,50,15,0.3
2018-12-03,98,27,0.2755102040816326
2018-12-04,91,31,0.34065934065934067
2018-12-05,79,24,0.3037974683544304
2018-12-06,89,25,0.2808988764044944
2018-12-07,77,18,0.23376623376623376
2018-12-08,51,18,0.35294117647058826
2018-12-09,53,19,0.3584905660377358
2018-12-10,77,22,0.2857142857142857
2018-12-11,78,24,0.3076923076923077
2018-12-12,92,31,0.33695652173913043
2018-12-13,93,27,0.2903225806451613
2018-12-14,103,23,0.22330097087378642
2018-12-15,58,14,0.2413793103448276
2018-12-16,51,12,0.23529411764705882
2018-12-17,97,30,0.30927835051546393
2018-12-18,96,23,0.23958333333333334
2018-12-19,79,20,0.25316455696202533
2018-12-20,80,20,0.25
2018-12-21,73,14,0.1917808219178082
2018-12-22,51,8,0.1568627450980392
2018-12-23,44,8,0.18181818181818182
2018-12-24,40,11,0.275
2018-12-25,39,15,0.38461538461538464
2018-12-26,58,21,0.3620689655172414
2018-12-27,55,21,0.38181818181818183
2018-12-28,86,16,0.18604651162790697
2018-12-29,41,17,0.4146341463414634
2018-12-30,60,17,0.2833333333333333
2018-12-31,58,14,0.2413793103448276
2019-01-01,53,17,0.32075471698113206
2019-01-02,129,37,0.2868217054263566
2019-01-03,103,34,0.3300970873786408
2019-01-04,114,24,0.21052631578947367
2019-01-05,64,23,0.359375
2019-01-06,74,26,0.35135135135135137
2019-01-07,95,24,0.25263157894736843
2019-01-08,79,24,0.3037974683544304
2019-01-09,77,25,0.3246753246753247
2019-01-10,84,24,0.2857142857142857
2019-01-11,91,23,0.25274725274725274
2019-01-12,56,21,0.375
2019-01-13,82,29,0.35365853658536583
2019-01-14,94,29,0.30851063829787234
2019-01-15,100,31,0.31
2019-01-16,101,24,0.2376237623762376
2019-01-17,68,17,0.25
2019-01-18,54,17,0.3148148148148148
2019-01-19,53,23,0.4339622641509434
2019-01-20,55,19,0.34545454545454546
2019-01-21,114,32,0.2807017543859649
2019-01-22,104,28,0.2692307692307692
2019-01-23,85,20,0.23529411764705882
2019-01-24,88,26,0.29545454545454547
2019-01-25,101,28,0.27722772277227725
2019-01-26,82,25,0.3048780487804878
2019-01-27,76,22,0.2894736842105263
2019-01-28,84,35,0.4166666666666667
2019-01-29,81,28,0.345679012345679
2019-01-30,90,24,0.26666666666666666
2019-01-31,60,19,0.31666666666666665
2019-02-01,76,21,0.27631578947368424
2019-02-02,58,17,0.29310344827586204
2019-02-03,57,17,0.2982456140350877
2019-02-04,82,23,0.2804878048780488
2019-02-05,80,31,0.3875
2019-02-06,104,33,0.3173076923076923
2019-02-07,96,29,0.3020833333333333
2019-02-08,104,18,0.17307692307692307
2019-02-09,59,15,0.2542372881355932
2019-02-10,54,15,0.2777777777777778
2019-02-11,86,24,0.27906976744186046
2019-02-12,80,22,0.275
2019-02-13,98,30,0.30612244897959184
2019-02-14,101,33,0.32673267326732675
2019-02-15,77,17,0.22077922077922077
2019-02-16,53,14,0.2641509433962264
2019-02-17,50,24,0.48
2019-02-18,109,32,0.29357798165137616
2019-02-19,85,26,0.3058823529411765
2019-02-20,82,28,0.34146341463414637
2019-02-21,76,20,0.2631578947368421
2019-02-22,78,20,0.2564102564102564
2019-02-23,59,19,0.3220338983050847
2019-02-24,58,21,0.3620689655172414
2019-02-25,90,26,0.28888888888888886
2019-02-26,91,29,0.31868131868131866
2019-02-27,77,20,0.2597402597402597
2019-02-28,70,18,0.2571428571428571
2019-03-01,73,24,0.3287671232876712
2019-03-02,63,19,0.30158730158730157
2019-03-03,63,23,0.36507936507936506
2019-03-04,77,25,0.3246753246753247
2019-03-05,80,22,0.275
2019-03-06,72,20,0.2777777777777778
2019-03-07,76,23,0.3026315789473684
2019-03-08,75,14,0.18666666666666668
2019-03-09,56,18,0.32142857142857145
2019-03-10,53,17,0.32075471698113206
2019-03-11,75,24,0.32
2019-03-12,88,25,0.2840909090909091
2019-03-13,99,19,0.1919191919191919
2019-03-14,76,16,0.21052631578947367
2019-03-15,85,10,0.11764705882352941
2019-03-16,46,8,0.17391304347826086
2019-03-17,42,16,0.38095238095238093
2019-03-18,89,25,0.2808988764044944
2019-03-19,80,25,0.3125
2019-03-20,91,26,0.2857142857142857
2019-03-21,79,22,0.27848101265822783
2019-03-22,77,24,0.3116883116883117
2019-03-23,65,18,0.27692307692307694
2019-03-24,52,23,0.4423076923076923
2019-03-25,90,20,0.2222222222222222
2019-03-26,65,23,0.35384615384615387
2019-03-27,64,21,0.328125
2019-03-28,76,29,0.3815789473684211
2019-03-29,74,22,0.2972972972972973
2019-03-30,84,31,0.36904761904761907
2019-03-31,69,26,0.37681159420289856
2019-04-01,80,28,0.35
2019-04-02,98,17,0.17346938775510204
2019-04-03,60,16,0.26666666666666666
2019-04-04,72,21,0.2916666666666667
2019-04-05,62,15,0.24193548387096775
2019-04-06,53,15,0.2830188679245283
2019-04-07,48,15,0.3125
2019-04-08,103,24,0.23300970873786409
2019-04-09,92,17,0.18478260869565216
2019-04-10,84,19,0.2261904761904762
2019-04-11,65,14,0.2153846153846154
2019-04-12,65,16,0.24615384615384617
2019-04-13,59,20,0.3389830508474576
2019-04-14,54,22,0.4074074074074074
2019-04-15,89,20,0.2247191011235955
2019-04-16,74,22,0.2972972972972973
2019-04-17,81,22,0.2716049382716049
2019-04-18,64,21,0.328125
2019-04-19,71,23,0.323943661971831
2019-04-20,64,14,0.21875
2019-04-21,54,23,0.42592592592592593
2019-04-22,84,18,0.21428571428571427
2019-04-23,85,23,0.27058823529411763
2019-04-24,77,15,0.19480519480519481
2019-04-25,61,14,0.22950819672131148
2019-04-26,73,13,0.1780821917808219
2019-04-27,37,7,0.1891891891891892
2019-04-28,52,17,0.3269230769230769
2019-04-29,93,31,0.3333333333333333
2019-04-30,111,21,0.1891891891891892
2019-05-01,90,24,0.26666666666666666
2019-05-02,124,27,0.21774193548387097
2019-05-03,86,19,0.22093023255813954
2019-05-04,63,17,0.2698412698412698
2019-05-05,66,22,0.3333333333333333
2019-05-06,116,40,0.3448275862068966
2019-05-07,104,34,0.3269230769230769
2019-05-08,85,19,0.2235294117647059
2019-05-09,66,23,0.3484848484848485
2019-05-10,113,23,0.20353982300884957
2019-05-11,63,16,0.25396825396825395
2019-05-12,79,27,0.34177215189873417
2019-05-13,107,29,0.27102803738317754
2019-05-14,114,33,0.2894736842105263
2019-05-15,104,29,0.27884615384615385
2019-05-16,105,30,0.2857142857142857
2019-05-17,89,14,0.15730337078651685
2019-05-18,54,18,0.3333333333333333
2019-05-19,58,20,0.3448275862068966
2019-05-20,87,25,0.28735632183908044
2019-05-21,77,20,0.2597402597402597
2019-05-22,79,20,0.25316455696202533
2019-05-23,88,21,0.23863636363636365
2019-05-24,71,15,0.2112676056338028
2019-05-25,60,15,0.25
2019-05-26,46,15,0.32608695652173914
2019-05-27,77,19,0.24675324675324675
2019-05-28,84,24,0.2857142857142857
2019-05-29,99,32,0.32323232323232326
2019-05-30,83,22,0.26506024096385544
2019-05-31,88,21,0.23863636363636365
2019-06-01,65,18,0.27692307692307694
2019-06-02,75,30,0.4
2019-06-03,98,22,0.22448979591836735
2019-06-04,60,19,0.31666666666666665
2019-06-05,80,29,0.3625
2019-06-06,83,23,0.27710843373493976
2019-06-07,69,9,0.13043478260869565
2019-06-08,26,6,0.23076923076923078
2019-06-09,67,22,0.3283582089552239
2019-06-10,94,28,0.2978723404255319
2019-06-11,92,21,0.22826086956521738
2019-06-12,72,13,0.18055555555555555
2019-06-13,68,16,0.23529411764705882
2019-06-14,88,20,0.22727272727272727
2019-06-15,49,13,0.2653061224489796
2019-06-16,48,10,0.20833333333333334
2019-06-17,56,17,0.30357142857142855
2019-06-18,68,17,0.25
2019-06-19,65,24,0.36923076923076925
2019-06-20,64,23,0.359375
2019-06-21,91,17,0.18681318681318682
2019-06-22,48,16,0.3333333333333333
2019-06-23,60,24,0.4
2019-06-24,110,31,0.2818181818181818
2019-06-25,85,21,0.24705882352941178
2019-06-26,86,23,0.26744186046511625
2019-06-27,75,19,0.25333333333333335
2019-06-28,76,14,0.18421052631578946
2019-06-29,60,14,0.23333333333333334
2019-06-30,38,17,0.4473684210526316
2019-07-01,85,26,0.3058823529411765
2019-07-02,77,29,0.37662337662337664
2019-07-03,97,25,0.25773195876288657
2019-07-04,64,24,0.375
2019-07-05,87,19,0.21839080459770116
2019-07-06,60,14,0.23333333333333334
2019-07-07,60,20,0.3333333333333333
2019-07-08,95,28,0.29473684210526313
2019-07-09,69,20,0.2898550724637681
2019-07-10,66,29,0.4393939393939394
2019-07-11,92,28,0.30434782608695654
2019-07-12,97,24,0.24742268041237114
2019-07-13,55,17,0.3090909090909091
2019-07-14,70,20,0.2857142857142857
2019-07-15,75,24,0.32
2019-07-16,74,25,0.33783783783783783
2019-07-17,88,23,0.26136363636363635
2019-07-18,74,20,0.2702702702702703
2019-07-19,97,13,0.13402061855670103
2019-07-20,43,15,0.3488372093023256
2019-07-21,55,13,0.23636363636363636
2019-07-22,88,17,0.19318181818181818
2019-07-23,76,14,0.18421052631578946
2019-07-24,47,16,0.3404255319148936
2019-07-25,55,13,0.23636363636363636
2019-07-26,59,11,0.1864406779661017
2019-07-27,63,12,0.19047619047619047
2019-07-28,48,22,0.4583333333333333
2019-07-29,96,16,0.16666666666666666
2019-07-30,71,25,0.352112676056338
2019-07-31,76,24,0.3157894736842105
2019-08-01,84,31,0.36904761904761907
2019-08-02,82,18,0.21951219512195122
2019-08-03,60,22,0.36666666666666664
2019-08-04,67,20,0.29850746268656714
2019-08-05,85,26,0.3058823529411765
2019-08-06,98,29,0.29591836734693877
2019-08-07,124,27,0.21774193548387097
2019-08-08,92,16,0.17391304347826086
2019-08-09,54,8,0.14814814814814814
2019-08-10,49,14,0.2857142857142857
2019-08-11,34,9,0.2647058823529412
2019-08-12,66,24,0.36363636363636365
2019-08-13,75,18,0.24
2019-08-14,73,21,0.2876712328767123
2019-08-15,86,27,0.313953488372093
2019-08-16,100,21,0.21
2019-08-17,49,16,0.32653061224489793
2019-08-18,53,23,0.4339622641509434
2019-08-19,72,28,0.3888888888888889
2019-08-20,78,26,0.3333333333333333
2019-08-21,94,26,0.2765957446808511
2019-08-22,90,33,0.36666666666666664
2019-08-23,88,15,0.17045454545454544
2019-08-24,62,17,0.27419354838709675
2019-08-25,56,19,0.3392857142857143
2019-08-26,76,18,0.23684210526315788
2019-08-27,67,24,0.3582089552238806
2019-08-28,82,28,0.34146341463414637
2019-08-29,96,29,0.3020833333333333
2019-08-30,89,13,0.14606741573033707
2019-08-31,38,13,0.34210526315789475
2019-09-01,40,18,0.45
2019-09-02,92,32,0.34782608695652173
2019-09-03,97,24,0.24742268041237114
2019-09-04,67,25,0.373134328358209
2019-09-05,93,27,0.2903225806451613
2019-09-06,72,17,0.2361111111111111
2019-09-07,58,27,0.46551724137931033
2019-09-08,55,21,0.38181818181818183
2019-09-09,79,20,0.25316455696202533
2019-09-10,73,23,0.3150684931506849
2019-09-11,78,24,0.3076923076923077
2019-09-12,70,20,0.2857142857142857
2019-09-13,46,17,0.3695652173913043
2019-09-14,59,19,0.3220338983050847
2019-09-15,53,21,0.39622641509433965
2019-09-16,87,30,0.3448275862068966
2019-09-17,100,28,0.28
2019-09-18,92,26,0.2826086956521739
2019-09-19,86,29,0.3372093023255814
2019-09-20,87,21,0.2413793103448276
2019-09-21,61,27,0.4426229508196721
2019-09-22,57,28,0.49122807017543857
2019-09-23,121,38,0.3140495867768595
2019-09-24,118,43,0.3644067796610169
2019-09-25,102,33,0.3235294117647059
2019-09-26,91,23,0.25274725274725274
2019-09-27,72,11,0.1527777777777778
2019-09-28,59,25,0.423728813559322
2019-09-29,63,19,0.30158730158730157
2019-09-30,60,26,0.43333333333333335
2019-10-01,67,25,0.373134328358209
2019-10-02,56,23,0.4107142857142857
2019-10-03,79,25,0.31645569620253167
2019-10-04,82,12,0.14634146341463414
2019-10-05,39,10,0.2564102564102564
2019-10-06,48,18,0.375
2019-10-07,66,16,0.24242424242424243
2019-10-08,64,24,0.375
2019-10-09,70,17,0.24285714285714285
2019-10-10,53,15,0.2830188679245283
2019-10-11,58,13,0.22413793103448276
2019-10-12,55,20,0.36363636363636365
2019-10-13,42,19,0.4523809523809524
2019-10-14,78,23,0.2948717948717949
2019-10-15,83,23,0.27710843373493976
2019-10-16,77,28,0.36363636363636365
2019-10-17,67,24,0.3582089552238806
2019-10-18,54,15,0.2777777777777778
2019-10-19,40,16,0.4
2019-10-20,57,27,0.47368421052631576
2019-10-21,72,23,0.3194444444444444
2019-10-22,59,19,0.3220338983050847
2019-10-23,51,17,0.3333333333333333
2019-10-24,61,20,0.32786885245901637
2019-10-25,72,12,0.16666666666666666
2019-10-26,31,7,0.22580645161290322
2019-10-27,40,17,0.425
2019-10-28,76,20,0.2631578947368421
2019-10-29,58,18,0.3103448275862069
2019-10-30,65,18,0.27692307692307694
2019-10-31,70,18,0.2571428571428571
2019-11-01,77,12,0.15584415584415584
2019-11-02,49,9,0.1836734693877551
2019-11-03,47,15,0.3191489361702128
2019-11-04,71,25,0.352112676056338
2019-11-05,62,24,0.3870967741935484
2019-11-06,69,13,0.18840579710144928
2019-11-07,42,10,0.23809523809523808
2019-11-08,41,12,0.2926829268292683
2019-11-09,38,11,0.2894736842105263
2019-11-10,48,19,0.3958333333333333
2019-11-11,80,25,0.3125
2019-11-12,91,22,0.24175824175824176
2019-11-13,67,20,0.29850746268656714
2019-11-14,49,22,0.4489795918367347
2019-11-15,61,10,0.16393442622950818
2019-11-16,42,17,0.40476190476190477
2019-11-17,53,20,0.37735849056603776
2019-11-18,81,20,0.24691358024691357
2019-11-19,57,20,0.3508771929824561
2019-11-20,74,27,0.36486486486486486
2019-11-21,67,15,0.22388059701492538
2019-11-22,72,13,0.18055555555555555
2019-11-23,43,10,0.23255813953488372
2019-11-24,44,19,0.4318181818181818
2019-11-25,58,18,0.3103448275862069
2019-11-26,79,26,0.3291139240506329
2019-11-27,80,26,0.325
2019-11-28,64,16,0.25
2019-11-29,61,11,0.18032786885245902
2019-11-30,35,15,0.42857142857142855
2019-12-01,41,12,0.2926829268292683
2019-12-02,81,23,0.2839506172839506
2019-12-03,77,22,0.2857142857142857
2019-12-04,69,20,0.2898550724637681
2019-12-05,50,18,0.36
2019-12-06,57,14,0.24561403508771928
2019-12-07,67,15,0.22388059701492538
2019-12-08,47,15,0.3191489361702128
2019-12-09,91,26,0.2857142857142857
2019-12-10,83,18,0.21686746987951808
2019-12-11,76,26,0.34210526315789475
2019-12-12,75,24,0.32
2019-12-13,69,16,0.2318840579710145
2019-12-14,51,19,0.37254901960784315
2019-12-15,60,25,0.4166666666666667
2019-12-16,78,21,0.2692307692307692
2019-12-17,57,17,0.2982456140350877
2019-12-18,69,26,0.37681159420289856
2019-12-19,91,26,0.2857142857142857
2019-12-20,67,19,0.2835820895522388
2019-12-21,53,22,0.41509433962264153
2019-12-22,62,26,0.41935483870967744
2019-12-23,64,17,0.265625
2019-12-24,43,19,0.4418604651162791
2019-12-25,48,21,0.4375
2019-12-26,60,17,0.2833333333333333
2019-12-27,53,13,0.24528301886792453
2019-12-28,49,16,0.32653061224489793
2019-12-29,48,19,0.3958333333333333
2019-12-30,61,14,0.22950819672131148
2019-12-31,51,11,0.21568627450980393
2020-01-01,34,14,0.4117647058823529
2020-01-02,53,14,0.2641509433962264
2020-01-03,54,13,0.24074074074074073
2020-01-04,47,12,0.2553191489361702
2020-01-05,50,18,0.36
2020-01-06,71,15,0.2112676056338028
2020-01-07,46,17,0.3695652173913043
2020-01-08,86,28,0.32558139534883723
2020-01-09,84,27,0.32142857142857145
2020-01-10,95,19,0.2
2020-01-11,59,19,0.3220338983050847
2020-01-12,69,22,0.3188405797101449
2020-01-13,77,19,0.24675324675324675
2020-01-14,97,22,0.2268041237113402
2020-01-15,82,22,0.2682926829268293
2020-01-16,85,25,0.29411764705882354
2020-01-17,73,15,0.2054794520547945
2020-01-18,59,19,0.3220338983050847
2020-01-19,56,22,0.39285714285714285
2020-01-20,74,24,0.32432432432432434
2020-01-21,98,28,0.2857142857142857
2020-01-22,86,23,0.26744186046511625
2020-01-23,73,23,0.3150684931506849
2020-01-24,75,21,0.28
2020-01-25,73,23,0.3150684931506849
2020-01-26,67,24,0.3582089552238806
2020-01-27,88,23,0.26136363636363635
2020-01-28,82,28,0.34146341463414637
2020-01-29,95,31,0.3263157894736842
2020-01-30,92,20,0.21739130434782608
2020-01-31,81,13,0.16049382716049382
2020-02-01,53,12,0.22641509433962265
2020-02-02,51,23,0.45098039215686275
2020-02-03,95,23,0.24210526315789474
2020-02-04,75,15,0.2
2020-02-05,75,20,0.26666666666666666
2020-02-06,75,20,0.26666666666666666
2020-02-07,79,15,0.189873417721519
2020-02-08,55,16,0.2909090909090909
2020-02-09,59,18,0.3050847457627119
2020-02-10,77,22,0.2857142857142857
2020-02-11,81,21,0.25925925925925924
2020-02-12,74,21,0.28378378378378377
2020-02-13,62,12,0.1935483870967742
2020-02-14,74,17,0.22972972972972974
2020-02-15,52,17,0.3269230769230769
2020-02-16,53,23,0.4339622641509434
2020-02-17,96,31,0.3229166666666667
2020-02-18,91,26,0.2857142857142857
2020-02-19,82,22,0.2682926829268293
2020-02-20,78,21,0.2692307692307692
2020-02-21,65,13,0.2
2020-02-22,38,12,0.3157894736842105
2020-02-23,35,13,0.37142857142857144
2020-02-24,56,18,0.32142857142857145
2020-02-25,61,25,0.4098360655737705
2020-02-26,72,19,0.2638888888888889
2020-02-27,57,14,0.24561403508771928
2020-02-28,57,16,0.2807017543859649
2020-02-29,53,15,0.2830188679245283
2020-03-01,45,14,0.3111111111111111
2020-03-02,89,23,0.25842696629213485
2020-03-03,75,17,0.22666666666666666
2020-03-04,63,19,0.30158730158730157
2020-03-05,64,21,0.328125
2020-03-06,59,11,0.1864406779661017
2020-03-07,39,7,0.1794871794871795
2020-03-08,23,4,0.17391304347826086
2020-03-09,48,18,0.375
2020-03-10,72,24,0.3333333333333333
2020-03-11,100,27,0.27
2020-03-12,77,18,0.23376623376623376
2020-03-13,57,10,0.17543859649122806
2020-03-14,32,11,0.34375
2020-03-15,34,10,0.29411764705882354
2020-03-16,52,18,0.34615384615384615
2020-03-17,51,13,0.2549019607843137
2020-03-18,51,14,0.27450980392156865
2020-03-19,35,16,0.45714285714285713
2020-03-20,50,13,0.26
2020-03-21,40,13,0.325
2020-03-22,39,15,0.38461538461538464
2020-03-23,51,15,0.29411764705882354
2020-03-24,46,9,0.1956521739130435
2020-03-25,36,13,0.3611111111111111
2020-03-26,36,13,0.3611111111111111
2020-03-27,39,10,0.2564102564102564
2020-03-28,31,15,0.4838709677419355
2020-03-29,52,14,0.2692307692307692
2020-03-30,65,15,0.23076923076923078
2020-03-31,43,16,0.37209302325581395
2020-04-01,50,10,0.2
2020-04-02,20,4,0.2
2020-04-03,34,7,0.20588235294117646
2020-04-04,25,8,0.32
2020-04-05,26,10,0.38461538461538464
2020-04-06,28,4,0.14285714285714285
2020-04-07,16,3,0.1875
2020-04-08,39,10,0.2564102564102564
2020-04-09,41,11,0.2682926829268293
2020-04-10,30,10,0.3333333333333333
2020-04-11,34,10,0.29411764705882354
2020-04-12,29,9,0.3103448275862069
2020-04-13,36,11,0.3055555555555556
2020-04-14,31,7,0.22580645161290322
2020-04-15,19,3,0.15789473684210525
2020-04-16,20,5,0.25
2020-04-17,21,3,0.14285714285714285
2020-04-18,16,2,0.125
2020-04-19,24,5,0.20833333333333334
2020-04-20,51,17,0.3333333333333333
2020-04-21,44,16,0.36363636363636365
2020-04-22,36,12,0.3333333333333333
2020-04-23,40,13,0.325
2020-04-24,31,9,0.2903225806451613
2020-04-25,25,8,0.32
2020-04-26,31,13,0.41935483870967744
2020-04-27,33,11,0.3333333333333333
2020-04-28,66,17,0.25757575757575757
2020-04-29,47,10,0.2127659574468085
2020-04-30,29,9,0.3103448275862069
2020-05-01,32,5,0.15625
2020-05-02,24,9,0.375
2020-05-03,33,11,0.3333333333333333
2020-05-04,37,11,0.2972972972972973
2020-05-05,38,7,0.18421052631578946
2020-05-06,20,4,0.2
2020-05-07,21,6,0.2857142857142857
2020-05-08,17,8,0.47058823529411764
2020-05-09,18,4,0.2222222222222222
2020-05-10,12,7,0.5833333333333334
2020-05-11,41,10,0.24390243902439024
2020-05-12,28,10,0.35714285714285715
2020-05-13,31,11,0.3548387096774194
2020-05-14,44,5,0.11363636363636363
2020-05-15,21,3,0.14285714285714285
2020-05-16,22,3,0.13636363636363635
2020-05-17,12,4,0.3333333333333333
2020-05-18,32,10,0.3125
2020-05-19,34,11,0.3235294117647059
2020-05-20,36,10,0.2777777777777778
2020-05-21,30,3,0.1
2020-05-22,15,6,0.4
2020-05-23,14,3,0.21428571428571427
2020-05-24,8,3,0.375
2020-05-25,23,7,0.30434782608695654
2020-05-26,41,5,0.12195121951219512
2020-05-27,26,8,0.3076923076923077
2020-05-28,36,10,0.2777777777777778
2020-05-29,23,9,0.391304347826087
2020-05-30,20,3,0.15
2020-05-31,14,4,0.2857142857142857
2020-06-01,24,9,0.375
2020-06-02,22,3,0.13636363636363635
2020-06-03,19,5,0.2631578947368421
2020-06-04,27,7,0.25925925925925924
2020-06-05,25,9,0.36
2020-06-06,29,5,0.1724137931034483
2020-06-07,31,13,0.41935483870967744
2020-06-08,70,18,0.2571428571428571
2020-06-09,49,14,0.2857142857142857
2020-06-10,44,5,0.11363636363636363
2020-06-11,20,7,0.35
2020-06-12,38,8,0.21052631578947367
2020-06-13,17,3,0.17647058823529413
2020-06-14,19,6,0.3157894736842105
2020-06-15,46,13,0.2826086956521739
2020-06-16,32,6,0.1875
2020-06-17,23,3,0.13043478260869565
2020-06-18,15,4,0.26666666666666666
2020-06-19,22,9,0.4090909090909091
2020-06-20,34,11,0.3235294117647059
2020-06-21,32,13,0.40625
2020-06-22,36,15,0.4166666666666667
2020-06-23,37,8,0.21621621621621623
2020-06-24,23,10,0.43478260869565216
2020-06-25,28,6,0.21428571428571427
2020-06-26,39,7,0.1794871794871795
2020-06-27,20,5,0.25
2020-06-28,28,8,0.2857142857142857
2020-06-29,40,9,0.225
2020-06-30,31,15,0.4838709677419355
2020-07-01,50,12,0.24
2020-07-02,31,11,0.3548387096774194
2020-07-03,37,16,0.43243243243243246
2020-07-04,39,10,0.2564102564102564
2020-07-05,36,9,0.25
2020-07-06,46,12,0.2608695652173913
2020-07-07,43,13,0.3023255813953488
2020-07-08,42,12,0.2857142857142857
2020-07-09,53,17,0.32075471698113206
2020-07-10,45,8,0.17777777777777778
2020-07-11,29,8,0.27586206896551724
2020-07-12,24,9,0.375
2020-07-13,34,8,0.23529411764705882
2020-07-14,36,5,0.1388888888888889
2020-07-15,33,13,0.3939393939393939
2020-07-16,37,9,0.24324324324324326
2020-07-17,29,6,0.20689655172413793
2020-07-18,28,4,0.14285714285714285
2020-07-19,29,12,0.41379310344827586
2020-07-20,43,11,0.2558139534883721
2020-07-21,31,11,0.3548387096774194
2020-07-22,42,16,0.38095238095238093
2020-07-23,43,13,0.3023255813953488
2020-07-24,36,10,0.2777777777777778
2020-07-25,32,11,0.34375
2020-07-26,27,8,0.2962962962962963
2020-07-27,40,10,0.25
2020-07-28,29,6,0.20689655172413793
2020-07-29,23,9,0.391304347826087
2020-07-30,36,9,0.25
2020-07-31,35,2,0.05714285714285714
2020-08-01,17,5,0.29411764705882354
2020-08-02,21,7,0.3333333333333333
2020-08-03,47,15,0.3191489361702128
2020-08-04,43,14,0.32558139534883723
2020-08-05,36,8,0.2222222222222222
2020-08-06,36,3,0.08333333333333333
2020-08-07,12,5,0.4166666666666667
2020-08-08,25,6,0.24
2020-08-09,22,9,0.4090909090909091
2020-08-10,31,10,0.3225806451612903
2020-08-11,26,10,0.38461538461538464
2020-08-12,23,6,0.2608695652173913
2020-08-13,26,9,0.34615384615384615
2020-08-14,36,5,0.1388888888888889
2020-08-15,28,13,0.4642857142857143
2020-08-16,36,14,0.3888888888888889
2020-08-17,44,16,0.36363636363636365
2020-08-18,36,11,0.3055555555555556
2020-08-19,35,15,0.42857142857142855
2020-08-20,39,12,0.3076923076923077
2020-08-21,40,7,0.175
2020-08-22,27,4,0.14814814814814814
2020-08-23,17,9,0.5294117647058824
2020-08-24,56,11,0.19642857142857142
2020-08-25,36,11,0.3055555555555556
2020-08-26,40,11,0.275
2020-08-27,39,14,0.358974358974359
2020-08-28,26,7,0.2692307692307692
2020-08-29,28,12,0.42857142857142855
2020-08-30,31,10,0.3225806451612903
2020-08-31,46,14,0.30434782608695654
2020-09-01,40,14,0.35
2020-09-02,38,12,0.3157894736842105
2020-09-03,42,10,0.23809523809523808
2020-09-04,27,6,0.2222222222222222
2020-09-05,30,7,0.23333333333333334
2020-09-06,20,8,0.4
2020-09-07,25,3,0.12
2020-09-08,21,3,0.14285714285714285
2020-09-09,15,5,0.3333333333333333
2020-09-10,27,8,0.2962962962962963
2020-09-11,19,2,0.10526315789473684
2020-09-12,17,6,0.35294117647058826
2020-09-13,14,5,0.35714285714285715
2020-09-14,11,3,0.2727272727272727
2020-09-15,25,9,0.36
2020-09-16,36,15,0.4166666666666667
2020-09-17,39,9,0.23076923076923078
2020-09-18,22,7,0.3181818181818182
2020-09-19,21,8,0.38095238095238093
2020-09-20,23,6,0.2608695652173913
2020-09-21,19,7,0.3684210526315789
2020-09-22,32,12,0.375
2020-09-23,40,13,0.325
2020-09-24,36,11,0.3055555555555556
2020-09-25,33,8,0.24242424242424243
2020-09-26,20,9,0.45
2020-09-27,16,7,0.4375
2020-09-28,23,6,0.2608695652173913
2020-09-29,31,12,0.3870967741935484
2020-09-30,50,14,0.28
2020-10-01,50,18,0.36
2020-10-02,45,8,0.17777777777777778
2020-10-03,22,3,0.13636363636363635
2020-10-04,16,4,0.25
2020-10-05,24,5,0.20833333333333334
2020-10-06,29,8,0.27586206896551724
2020-10-07,39,11,0.28205128205128205
2020-10-08,47,11,0.23404255319148937
2020-10-09,32,5,0.15625
2020-10-10,15,5,0.3333333333333333
2020-10-11,31,8,0.25806451612903225
2020-10-12,27,8,0.2962962962962963
2020-10-13,39,9,0.23076923076923078
2020-10-14,30,6,0.2
2020-10-15,28,5,0.17857142857142858
2020-10-16,34,4,0.11764705882352941
2020-10-17,14,5,0.35714285714285715
2020-10-18,23,7,0.30434782608695654
2020-10-19,35,6,0.17142857142857143
2020-10-20,22,6,0.2727272727272727
2020-10-21,27,9,0.3333333333333333
2020-10-22,24,7,0.2916666666666667
2020-10-23,22,7,0.3181818181818182
2020-10-24,26,6,0.23076923076923078
2020-10-25,21,6,0.2857142857142857
2020-10-26,29,13,0.4482758620689655
2020-10-27,39,5,0.1282051282051282
2020-10-28,28,4,0.14285714285714285
2020-10-29,18,5,0.2777777777777778
2020-10-30,27,5,0.18518518518518517
2020-10-31,15,6,0.4
2020-11-01,19,1,0.05263157894736842
2020-11-02,10,2,0.2
2020-11-03,22,7,0.3181818181818182
2020-11-04,25,7,0.28
2020-11-05,23,3,0.13043478260869565
2020-11-06,22,2,0.09090909090909091
2020-11-07,15,2,0.13333333333333333
2020-11-08,19,3,0.15789473684210525
2020-11-09,14,5,0.35714285714285715
2020-11-10,12,3,0.25
2020-11-11,17,2,0.11764705882352941
2020-11-12,16,0,0.0
2020-11-13,15,3,0.2
2020-11-14,10,4,0.4
2020-11-15,19,6,0.3157894736842105
2020-11-16,27,10,0.37037037037037035
2020-11-17,44,8,0.18181818181818182
2020-11-18,23,3,0.13043478260869565
2020-11-19,19,5,0.2631578947368421
2020-11-20,15,4,0.26666666666666666
2020-11-21,10,4,0.4
2020-11-22,21,2,0.09523809523809523
2020-11-23,12,4,0.3333333333333333
2020-11-24,30,5,0.16666666666666666
2020-11-25,22,3,0.13636363636363635
2020-11-26,21,8,0.38095238095238093
2020-11-27,27,8,0.2962962962962963
2020-11-28,31,6,0.1935483870967742
2020-11-29,24,6,0.25
2020-11-30,30,4,0.13333333333333333
2020-12-01,21,7,0.3333333333333333
2020-12-02,26,6,0.23076923076923078
2020-12-03,18,3,0.16666666666666666
2020-12-04,31,5,0.16129032258064516
2020-12-05,20,6,0.3
2020-12-06,13,7,0.5384615384615384
2020-12-07,48,18,0.375
2020-12-08,44,5,0.11363636363636363
2020-12-09,20,5,0.25
2020-12-10,20,6,0.3
2020-12-11,19,8,0.42105263157894735
2020-12-12,29,7,0.2413793103448276
2020-12-13,22,5,0.22727272727272727
2020-12-14,30,3,0.1
2020-12-15,31,9,0.2903225806451613
2020-12-16,32,5,0.15625
2020-12-17,29,5,0.1724137931034483
2020-12-18,24,3,0.125
2020-12-19,20,8,0.4
2020-12-20,21,9,0.42857142857142855
2020-12-21,41,5,0.12195121951219512
2020-12-22,32,11,0.34375
2020-12-23,42,8,0.19047619047619047
2020-12-24,36,8,0.2222222222222222
2020-12-25,29,7,0.2413793103448276
2020-12-26,16,8,0.5
2020-12-27,31,3,0.0967741935483871
2020-12-28,8,4,0.5
2020-12-29,29,14,0.4827586206896552
2020-12-30,39,13,0.3333333333333333
2020-12-31,40,9,0.225
2021-01-01,31,9,0.2903225806451613
2021-01-02,19,1,0.05263157894736842
2021-01-03,15,1,0.06666666666666667
2021-01-04,22,7,0.3181818181818182
2021-01-05,44,6,0.13636363636363635
2021-01-06,19,5,0.2631578947368421
2021-01-07,29,5,0.1724137931034483
2021-01-08,24,8,0.3333333333333333
2021-01-09,20,9,0.45
2021-01-10,33,12,0.36363636363636365
2021-01-11,46,8,0.17391304347826086
2021-01-12,35,5,0.14285714285714285
2021-01-13,32,5,0.15625
2021-01-14,22,6,0.2727272727272727
2021-01-15,45,8,0.17777777777777778
2021-01-16,24,6,0.25
2021-01-17,30,10,0.3333333333333333
2021-01-18,52,20,0.38461538461538464
2021-01-19,44,15,0.3409090909090909
2021-01-20,33,7,0.21212121212121213
2021-01-21,37,11,0.2972972972972973
2021-01-22,25,7,0.28
2021-01-23,32,11,0.34375
2021-01-24,35,8,0.22857142857142856
2021-01-25,32,11,0.34375
2021-01-26,25,6,0.24
2021-01-27,42,7,0.16666666666666666
2021-01-28,23,10,0.43478260869565216
2021-01-29,35,9,0.2571428571428571
2021-01-30,21,8,0.38095238095238093
2021-01-31,20,2,0.1
2021-02-01,29,12,0.41379310344827586
2021-02-02,33,8,0.24242424242424243
2021-02-03,17,3,0.17647058823529413
2021-02-04,24,5,0.20833333333333334
2021-02-05,40,4,0.1
2021-02-06,28,2,0.07142857142857142
2021-02-07,16,6,0.375
2021-02-08,27,9,0.3333333333333333
2021-02-09,25,5,0.2
2021-02-10,30,5,0.16666666666666666
2021-02-11,23,3,0.13043478260869565
2021-02-12,7,3,0.42857142857142855
2021-02-13,22,6,0.2727272727272727
2021-02-14,16,3,0.1875
2021-02-15,21,5,0.23809523809523808
2021-02-16,16,6,0.375
2021-02-17,21,6,0.2857142857142857
2021-02-18,25,7,0.28
2021-02-19,15,4,0.26666666666666666
2021-02-20,9,2,0.2222222222222222
2021-02-21,16,2,0.125
2021-02-22,22,2,0.09090909090909091
2021-02-23,14,3,0.21428571428571427
2021-02-24,29,11,0.3793103448275862
2021-02-25,29,7,0.2413793103448276
2021-02-26,34,6,0.17647058823529413
2021-02-27,25,7,0.28
2021-02-28,20,5,0.25
2021-03-01,20,10,0.5
2021-03-02,46,6,0.13043478260869565
2021-03-03,26,4,0.15384615384615385
2021-03-04,22,1,0.045454545454545456
2021-03-05,13,0,0.0
2021-03-06,16,8,0.5
2021-03-07,23,7,0.30434782608695654
2021-03-08,29,8,0.27586206896551724
2021-03-09,32,11,0.34375
2021-03-10,43,10,0.23255813953488372
2021-03-11,36,14,0.3888888888888889
2021-03-12,26,8,0.3076923076923077
2021-03-13,17,5,0.29411764705882354
2021-03-14,15,3,0.2
2021-03-15,18,6,0.3333333333333333
2021-03-16,22,4,0.18181818181818182
2021-03-17,25,2,0.08
2021-03-18,16,4,0.25
2021-03-19,23,3,0.13043478260869565
2021-03-20,12,2,0.16666666666666666
2021-03-21,21,4,0.19047619047619047
2021-03-22,26,7,0.2692307692307692
2021-03-23,31,13,0.41935483870967744
2021-03-24,31,11,0.3548387096774194
2021-03-25,33,11,0.3333333333333333
2021-03-26,32,8,0.25
2021-03-27,27,10,0.37037037037037035
2021-03-28,20,6,0.3
2021-03-29,27,5,0.18518518518518517
2021-03-30,28,8,0.2857142857142857
2021-03-31,30,7,0.23333333333333334
2021-04-01,22,7,0.3181818181818182
2021-04-02,34,6,0.17647058823529413
2021-04-03,23,6,0.2608695652173913
2021-04-04,40,11,0.275
2021-04-05,36,9,0.25
2021-04-06,32,5,0.15625
2021-04-07,15,4,0.26666666666666666
2021-04-08,18,5,0.2777777777777778
2021-04-09,27,2,0.07407407407407407
2021-04-10,20,8,0.4
2021-04-11,32,15,0.46875
2021-04-12,34,8,0.23529411764705882
2021-04-13,23,3,0.13043478260869565
2021-04-14,15,5,0.3333333333333333
2021-04-15,18,7,0.3888888888888889
2021-04-16,23,7,0.30434782608695654
2021-04-17,30,4,0.13333333333333333
2021-04-18,15,5,0.3333333333333333
2021-04-19,20,7,0.35
2021-04-20,30,8,0.26666666666666666
2021-04-21,23,6,0.2608695652173913
2021-04-22,25,7,0.28
2021-04-23,35,5,0.14285714285714285
2021-04-24,18,4,0.2222222222222222
2021-04-25,19,9,0.47368421052631576
2021-04-26,22,7,0.3181818181818182
2021-04-27,18,4,0.2222222222222222
2021-04-28,16,6,0.375
2021-04-29,35,10,0.2857142857142857
2021-04-30,24,3,0.125
2021-05-01,18,5,0.2777777777777778
2021-05-02,35,9,0.2571428571428571
2021-05-03,32,8,0.25
2021-05-04,34,9,0.2647058823529412
2021-05-05,40,6,0.15
2021-05-06,17,4,0.23529411764705882
2021-05-07,30,15,0.5
2021-05-08,28,8,0.2857142857142857
2021-05-09,33,12,0.36363636363636365
2021-05-10,33,8,0.24242424242424243
2021-05-11,20,3,0.15
2021-05-12,22,6,0.2727272727272727
2021-05-13,25,9,0.36
2021-05-14,34,13,0.38235294117647056
2021-05-15,34,6,0.17647058823529413
2021-05-16,26,8,0.3076923076923077
2021-05-17,29,8,0.27586206896551724
2021-05-18,31,8,0.25806451612903225
2021-05-19,21,5,0.23809523809523808
2021-05-20,26,9,0.34615384615384615
2021-05-21,26,6,0.23076923076923078
2021-05-22,15,5,0.3333333333333333
2021-05-23,21,7,0.3333333333333333
2021-05-24,20,7,0.35
2021-05-25,26,10,0.38461538461538464
2021-05-26,34,10,0.29411764705882354
2021-05-27,46,7,0.15217391304347827
2021-05-28,40,10,0.25
2021-05-29,31,12,0.3870967741935484
2021-05-30,41,9,0.21951219512195122
2021-05-31,29,9,0.3103448275862069
2021-06-01,39,7,0.1794871794871795
2021-06-02,29,4,0.13793103448275862
2021-06-03,15,1,0.06666666666666667
2021-06-04,14,4,0.2857142857142857
2021-06-05,35,10,0.2857142857142857
2021-06-06,27,11,0.4074074074074074
2021-06-07,44,15,0.3409090909090909
2021-06-08,45,13,0.28888888888888886
2021-06-09,36,11,0.3055555555555556
2021-06-10,21,4,0.19047619047619047
2021-06-11,31,10,0.3225806451612903
2021-06-12,20,7,0.35
2021-06-13,19,7,0.3684210526315789
2021-06-14,37,12,0.32432432432432434
2021-06-15,43,12,0.27906976744186046
2021-06-16,41,8,0.1951219512195122
2021-06-17,35,6,0.17142857142857143
2021-06-18,19,5,0.2631578947368421
2021-06-19,20,6,0.3
2021-06-20,24,10,0.4166666666666667
2021-06-21,37,8,0.21621621621621623
2021-06-22,35,14,0.4
2021-06-23,34,18,0.5294117647058824
2021-06-24,42,13,0.30952380952380953
2021-06-25,34,6,0.17647058823529413
2021-06-26,25,4,0.16
2021-06-27,29,7,0.2413793103448276
2021-06-28,33,4,0.12121212121212122
2021-06-29,28,6,0.21428571428571427
2021-06-30,33,17,0.5151515151515151
2021-07-01,60,21,0.35
2021-07-02,49,6,0.12244897959183673
2021-07-03,20,1,0.05
2021-07-04,18,4,0.2222222222222222
2021-07-05,21,3,0.14285714285714285
2021-07-06,13,2,0.15384615384615385
2021-07-07,25,10,0.4
2021-07-08,40,10,0.25
2021-07-09,29,1,0.034482758620689655
2021-07-10,18,3,0.16666666666666666
2021-07-11,20,3,0.15
2021-07-12,22,4,0.18181818181818182
2021-07-13,43,9,0.20930232558139536
2021-07-14,33,10,0.30303030303030304
2021-07-15,30,11,0.36666666666666664
2021-07-16,35,6,0.17142857142857143
2021-07-17,21,7,0.3333333333333333
2021-07-18,13,4,0.3076923076923077
2021-07-19,17,5,0.29411764705882354
2021-07-20,22,8,0.36363636363636365
2021-07-21,23,6,0.2608695652173913
2021-07-22,22,9,0.4090909090909091
2021-07-23,47,11,0.23404255319148937
2021-07-24,30,8,0.26666666666666666
2021-07-25,31,13,0.41935483870967744
2021-07-26,52,7,0.1346153846153846
2021-07-27,25,8,0.32
2021-07-28,27,9,0.3333333333333333
2021-07-29,40,9,0.225
2021-07-30,33,4,0.12121212121212122
2021-07-31,22,8,0.36363636363636365
2021-08-01,22,12,0.5454545454545454
2021-08-02,41,7,0.17073170731707318
2021-08-03,43,5,0.11627906976744186
2021-08-04,33,5,0.15151515151515152
2021-08-05,24,3,0.125
2021-08-06,13,3,0.23076923076923078
2021-08-07,13,8,0.6153846153846154
2021-08-08,23,5,0.21739130434782608
2021-08-09,18,6,0.3333333333333333
2021-08-10,32,7,0.21875
2021-08-11,26,6,0.23076923076923078
2021-08-12,28,7,0.25
2021-08-13,25,5,0.2
2021-08-14,23,5,0.21739130434782608
2021-08-15,27,11,0.4074074074074074
2021-08-16,46,10,0.21739130434782608
2021-08-17,32,11,0.34375
2021-08-18,52,5,0.09615384615384616
2021-08-19,25,5,0.2
2021-08-20,26,8,0.3076923076923077
2021-08-21,25,7,0.28
2021-08-22,35,10,0.2857142857142857
2021-08-23,42,9,0.21428571428571427
2021-08-24,42,11,0.2619047619047619
2021-08-25,34,11,0.3235294117647059
2021-08-26,28,8,0.2857142857142857
2021-08-27,24,7,0.2916666666666667
2021-08-28,28,9,0.32142857142857145
2021-08-29,34,9,0.2647058823529412
2021-08-30,58,19,0.3275862068965517
2021-08-31,54,9,0.16666666666666666
2021-09-01,38,9,0.23684210526315788
2021-09-02,29,8,0.27586206896551724
2021-09-03,21,4,0.19047619047619047
2021-09-04,30,6,0.2
2021-09-05,29,3,0.10344827586206896
2021-09-06,17,3,0.17647058823529413
2021-09-07,26,5,0.19230769230769232
2021-09-08,16,3,0.1875
2021-09-09,26,7,0.2692307692307692
2021-09-10,29,9,0.3103448275862069
2021-09-11,35,13,0.37142857142857144
2021-09-12,28,11,0.39285714285714285
2021-09-13,39,7,0.1794871794871795
2021-09-14,19,3,0.15789473684210525
2021-09-15,22,10,0.45454545454545453
2021-09-16,37,8,0.21621621621621623
2021-09-17,48,9,0.1875
2021-09-18,36,6,0.16666666666666666
2021-09-19,21,7,0.3333333333333333
2021-09-20,31,7,0.22580645161290322
2021-09-21,20,9,0.45
2021-09-22,37,12,0.32432432432432434
2021-09-23,39,11,0.28205128205128205
2021-09-24,31,4,0.12903225806451613
2021-09-25,20,7,0.35
2021-09-26,19,10,0.5263157894736842
2021-09-27,40,10,0.25
2021-09-28,38,16,0.42105263157894735
2021-09-29,40,13,0.325
2021-09-30,28,10,0.35714285714285715
2021-10-01,34,8,0.23529411764705882
2021-10-02,29,8,0.27586206896551724
2021-10-03,26,7,0.2692307692307692
2021-10-04,53,16,0.3018867924528302
2021-10-05,46,11,0.2391304347826087
2021-10-06,41,14,0.34146341463414637
2021-10-07,54,17,0.3148148148148148
2021-10-08,41,6,0.14634146341463414
2021-10-09,22,4,0.18181818181818182
2021-10-10,26,4,0.15384615384615385
2021-10-11,33,10,0.30303030303030304
2021-10-12,27,16,0.5925925925925926
2021-10-13,57,16,0.2807017543859649
2021-10-14,54,11,0.2037037037037037
2021-10-15,35,4,0.11428571428571428
2021-10-16,24,7,0.2916666666666667
2021-10-17,28,11,0.39285714285714285
2021-10-18,39,4,0.10256410256410256
2021-10-19,32,11,0.34375
2021-10-20,32,5,0.15625
2021-10-21,17,4,0.23529411764705882
2021-10-22,18,6,0.3333333333333333
2021-10-23,31,10,0.3225806451612903
2021-10-24,31,7,0.22580645161290322
2021-10-25,26,4,0.15384615384615385
2021-10-26,25,8,0.32
2021-10-27,28,8,0.2857142857142857
2021-10-28,22,6,0.2727272727272727
2021-10-29,20,4,0.2
2021-10-30,24,4,0.16666666666666666
2021-10-31,21,5,0.23809523809523808
2021-11-01,28,10,0.35714285714285715
2021-11-02,39,13,0.3333333333333333
2021-11-03,32,8,0.25
2021-11-04,31,7,0.22580645161290322
2021-11-05,26,4,0.15384615384615385
2021-11-06,22,3,0.13636363636363635
2021-11-07,23,13,0.5652173913043478
2021-11-08,37,12,0.32432432432432434
2021-11-09,34,7,0.20588235294117646
2021-11-10,20,3,0.15
2021-11-11,26,10,0.38461538461538464
2021-11-12,33,11,0.3333333333333333
2021-11-13,16,7,0.4375
2021-11-14,26,10,0.38461538461538464
2021-11-15,38,16,0.42105263157894735
2021-11-16,46,12,0.2608695652173913
2021-11-17,44,8,0.18181818181818182
2021-11-18,25,5,0.2
2021-11-19,12,2,0.16666666666666666
2021-11-20,20,9,0.45
2021-11-21,35,10,0.2857142857142857
2021-11-22,38,14,0.3684210526315789
2021-11-23,36,4,0.1111111111111111
2021-11-24,21,3,0.14285714285714285
2021-11-25,23,8,0.34782608695652173
2021-11-26,27,6,0.2222222222222222
2021-11-27,30,6,0.2
2021-11-28,30,10,0.3333333333333333
2021-11-29,44,5,0.11363636363636363
2021-11-30,31,6,0.1935483870967742
2021-12-01,38,14,0.3684210526315789
2021-12-02,43,7,0.16279069767441862
2021-12-03,33,3,0.09090909090909091
2021-12-04,21,7,0.3333333333333333
2021-12-05,18,2,0.1111111111111111
2021-12-06,24,8,0.3333333333333333
2021-12-07,29,4,0.13793103448275862
2021-12-08,28,4,0.14285714285714285
2021-12-09,31,8,0.25806451612903225
2021-12-10,24,5,0.20833333333333334
2021-12-11,14,4,0.2857142857142857
2021-12-12,25,10,0.4
2021-12-13,34,8,0.23529411764705882
2021-12-14,18,6,0.3333333333333333
2021-12-15,27,7,0.25925925925925924
2021-12-16,28,4,0.14285714285714285
2021-12-17,30,6,0.2
2021-12-18,18,9,0.5
2021-12-19,24,6,0.25
2021-12-20,34,9,0.2647058823529412
2021-12-21,30,9,0.3
2021-12-22,29,10,0.3448275862068966
2021-12-23,32,4,0.125
2021-12-24,19,5,0.2631578947368421
2021-12-25,19,8,0.42105263157894735
2021-12-26,29,12,0.41379310344827586
2021-12-27,35,6,0.17142857142857143
2021-12-28,26,9,0.34615384615384615
2021-12-29,24,8,0.3333333333333333
2021-12-30,34,8,0.23529411764705882
2021-12-31,29,9,0.3103448275862069
2022-01-01,24,8,0.3333333333333333
2022-01-02,30,12,0.4
2022-01-03,37,10,0.2702702702702703
2022-01-04,51,12,0.23529411764705882
2022-01-05,37,9,0.24324324324324326
2022-01-06,40,9,0.225
2022-01-07,28,11,0.39285714285714285
2022-01-08,25,6,0.24
2022-01-09,19,5,0.2631578947368421
2022-01-10,30,8,0.26666666666666666
2022-01-11,32,9,0.28125
2022-01-12,40,15,0.375
2022-01-13,46,11,0.2391304347826087
2022-01-14,22,5,0.22727272727272727
2022-01-15,23,6,0.2608695652173913
2022-01-16,14,6,0.42857142857142855
2022-01-17,42,13,0.30952380952380953
2022-01-18,39,10,0.2564102564102564
2022-01-19,25,4,0.16
2022-01-20,15,3,0.2
2022-01-21,23,6,0.2608695652173913
2022-01-22,20,2,0.1
2022-01-23,15,5,0.3333333333333333
2022-01-24,23,9,0.391304347826087
2022-01-25,33,8,0.24242424242424243
2022-01-26,19,8,0.42105263157894735
2022-01-27,27,3,0.1111111111111111
2022-01-28,22,7,0.3181818181818182
2022-01-29,21,9,0.42857142857142855
2022-01-30,30,9,0.3
2022-01-31,27,4,0.14814814814814814
2022-02-01,15,2,0.13333333333333333
2022-02-02,22,7,0.3181818181818182
2022-02-03,41,14,0.34146341463414637
2022-02-04,40,3,0.075
2022-02-05,12,2,0.16666666666666666
2022-02-06,21,6,0.2857142857142857
2022-02-07,36,9,0.25
2022-02-08,23,3,0.13043478260869565
2022-02-09,19,4,0.21052631578947367
2022-02-10,33,8,0.24242424242424243
2022-02-11,26,5,0.19230769230769232
2022-02-12,17,4,0.23529411764705882
2022-02-13,25,7,0.28
2022-02-14,36,9,0.25
2022-02-15,37,10,0.2702702702702703
2022-02-16,31,5,0.16129032258064516
2022-02-17,18,3,0.16666666666666666
2022-02-18,14,5,0.35714285714285715
2022-02-19,16,7,0.4375
2022-02-20,17,7,0.4117647058823529
2022-02-21,44,14,0.3181818181818182
2022-02-22,33,6,0.18181818181818182
2022-02-23,18,1,0.05555555555555555
2022-02-24,15,4,0.26666666666666666
2022-02-25,17,6,0.35294117647058826
2022-02-26,21,8,0.38095238095238093
2022-02-27,19,5,0.2631578947368421
2022-02-28,26,8,0.3076923076923077
2022-03-01,38,14,0.3684210526315789
2022-03-02,36,11,0.3055555555555556
2022-03-03,33,9,0.2727272727272727
2022-03-04,21,5,0.23809523809523808
2022-03-05,13,5,0.38461538461538464
2022-03-06,29,6,0.20689655172413793
2022-03-07,38,8,0.21052631578947367
2022-03-08,29,9,0.3103448275862069
2022-03-09,45,11,0.24444444444444444
2022-03-10,22,6,0.2727272727272727
2022-03-11,33,8,0.24242424242424243
2022-03-12,22,8,0.36363636363636365
2022-03-13,25,8,0.32
2022-03-14,28,14,0.5
2022-03-15,42,12,0.2857142857142857
2022-03-16,43,10,0.23255813953488372
2022-03-17,28,7,0.25
2022-03-18,39,10,0.2564102564102564
2022-03-19,31,8,0.25806451612903225
2022-03-20,24,6,0.25
2022-03-21,23,5,0.21739130434782608
2022-03-22,27,16,0.5925925925925926
2022-03-23,37,17,0.4594594594594595
2022-03-24,33,17,0.5151515151515151
2022-03-25,33,13,0.3939393939393939
2022-03-26,27,8,0.2962962962962963
2022-03-27,15,7,0.4666666666666667
2022-03-28,31,12,0.3870967741935484
2022-03-29,40,9,0.225
2022-03-30,22,9,0.4090909090909091
2022-03-31,22,5,0.22727272727272727
2022-04-01,20,6,0.3
2022-04-02,24,13,0.5416666666666666
2022-04-03,42,12,0.2857142857142857
2022-04-04,41,8,0.1951219512195122
2022-04-05,27,9,0.3333333333333333
2022-04-06,34,7,0.20588235294117646
2022-04-07,27,5,0.18518518518518517
2022-04-08,22,8,0.36363636363636365
2022-04-09,30,13,0.43333333333333335
2022-04-10,24,9,0.375
2022-04-11,46,16,0.34782608695652173
2022-04-12,49,7,0.14285714285714285
2022-04-13,22,8,0.36363636363636365
2022-04-14,29,8,0.27586206896551724
2022-04-15,23,3,0.13043478260869565
2022-04-16,9,0,0.0
2022-04-17,18,7,0.3888888888888889
2022-04-18,40,5,0.125
2022-04-19,28,4,0.14285714285714285
2022-04-20,36,7,0.19444444444444445
2022-04-21,31,8,0.25806451612903225
2022-04-22,36,7,0.19444444444444445
2022-04-23,20,5,0.25
2022-04-24,21,2,0.09523809523809523
2022-04-25,13,2,0.15384615384615385
2022-04-26,20,5,0.25
2022-04-27,22,9,0.4090909090909091
2022-04-28,50,14,0.28
2022-04-29,32,6,0.1875
2022-04-30,20,8,0.4
2022-05-01,28,11,0.39285714285714285
2022-05-02,30,10,0.3333333333333333
2022-05-03,26,10,0.38461538461538464
2022-05-04,32,10,0.3125
2022-05-05,32,9,0.28125
2022-05-06,24,4,0.16666666666666666
2022-05-07,24,6,0.25
2022-05-08,23,7,0.30434782608695654
2022-05-09,40,10,0.25
2022-05-10,34,11,0.3235294117647059
2022-05-11,41,11,0.2682926829268293
2022-05-12,38,5,0.13157894736842105
2022-05-13,23,4,0.17391304347826086
2022-05-14,21,9,0.42857142857142855
2022-05-15,22,4,0.18181818181818182
2022-05-16,13,6,0.46153846153846156
2022-05-17,29,6,0.20689655172413793
2022-05-18,28,9,0.32142857142857145
2022-05-19,26,7,0.2692307692307692
2022-05-20,31,9,0.2903225806451613
2022-05-21,23,10,0.43478260869565216
2022-05-22,27,8,0.2962962962962963
2022-05-23,23,7,0.30434782608695654
2022-05-24,30,8,0.26666666666666666
2022-05-25,39,9,0.23076923076923078
2022-05-26,31,7,0.22580645161290322
2022-05-27,33,9,0.2727272727272727
2022-05-28,22,7,0.3181818181818182
2022-05-29,29,8,0.27586206896551724
2022-05-30,38,7,0.18421052631578946
2022-05-31,33,9,0.2727272727272727
2022-06-01,41,15,0.36585365853658536
2022-06-02,43,10,0.23255813953488372
2022-06-03,31,6,0.1935483870967742
2022-06-04,23,9,0.391304347826087
2022-06-05,32,7,0.21875
2022-06-06,41,9,0.21951219512195122
2022-06-07,45,12,0.26666666666666666
2022-06-08,60,23,0.38333333333333336
2022-06-09,76,21,0.27631578947368424
2022-06-10,59,11,0.1864406779661017
2022-06-11,29,8,0.27586206896551724
2022-06-12,22,10,0.45454545454545453
2022-06-13,54,11,0.2037037037037037
2022-06-14,33,9,0.2727272727272727
2022-06-15,21,5,0.23809523809523808
2022-06-16,34,17,0.5
2022-06-17,57,9,0.15789473684210525
2022-06-18,21,1,0.047619047619047616
2022-06-19,10,1,0.1
2022-06-20,38,14,0.3684210526315789
2022-06-21,47,10,0.2127659574468085
2022-06-22,35,10,0.2857142857142857
2022-06-23,54,14,0.25925925925925924
2022-06-24,47,5,0.10638297872340426
2022-06-25,21,4,0.19047619047619047
2022-06-26,28,8,0.2857142857142857
2022-06-27,47,14,0.2978723404255319
2022-06-28,51,6,0.11764705882352941
2022-06-29,26,9,0.34615384615384615
2022-06-30,33,7,0.21212121212121213
2022-07-01,22,4,0.18181818181818182
2022-07-02,32,10,0.3125
2022-07-03,41,16,0.3902439024390244
2022-07-04,50,13,0.26
2022-07-05,47,13,0.2765957446808511
2022-07-06,48,24,0.5
2022-07-07,56,16,0.2857142857142857
2022-07-08,39,10,0.2564102564102564
2022-07-09,23,10,0.43478260869565216
2022-07-10,27,4,0.14814814814814814
2022-07-11,18,6,0.3333333333333333
2022-07-12,34,17,0.5
2022-07-13,45,10,0.2222222222222222
2022-07-14,35,8,0.22857142857142856
2022-07-15,44,8,0.18181818181818182
2022-07-16,24,12,0.5
2022-07-17,39,14,0.358974358974359
2022-07-18,53,15,0.2830188679245283
2022-07-19,38,9,0.23684210526315788
2022-07-20,51,17,0.3333333333333333
2022-07-21,60,22,0.36666666666666664
2022-07-22,48,9,0.1875
2022-07-23,19,8,0.42105263157894735
2022-07-24,30,11,0.36666666666666664
2022-07-25,40,21,0.525
2022-07-26,56,17,0.30357142857142855
2022-07-27,46,12,0.2608695652173913
2022-07-28,40,12,0.3
2022-07-29,30,7,0.23333333333333334
2022-07-30,25,10,0.4
2022-07-31,31,15,0.4838709677419355
2022-08-01,56,15,0.26785714285714285
2022-08-02,42,10,0.23809523809523808
2022-08-03,38,8,0.21052631578947367
2022-08-04,30,6,0.2
2022-08-05,26,9,0.34615384615384615
2022-08-06,39,19,0.48717948717948717
2022-08-07,52,15,0.28846153846153844
2022-08-08,43,11,0.2558139534883721
2022-08-09,41,17,0.4146341463414634
2022-08-10,34,15,0.4411764705882353
2022-08-11,41,16,0.3902439024390244
2022-08-12,37,9,0.24324324324324326
2022-08-13,23,8,0.34782608695652173
2022-08-14,29,15,0.5172413793103449
2022-08-15,50,16,0.32
2022-08-16,53,22,0.41509433962264153
2022-08-17,54,19,0.35185185185185186
2022-08-18,39,13,0.3333333333333333
2022-08-19,47,11,0.23404255319148937
2022-08-20,33,13,0.3939393939393939
2022-08-21,34,10,0.29411764705882354
2022-08-22,43,16,0.37209302325581395
2022-08-23,40,15,0.375
2022-08-24,47,14,0.2978723404255319
2022-08-25,41,12,0.2926829268292683
2022-08-26,29,9,0.3103448275862069
2022-08-27,24,15,0.625
2022-08-28,48,19,0.3958333333333333
2022-08-29,45,12,0.26666666666666666
2022-08-30,49,14,0.2857142857142857
2022-08-31,50,15,0.3
2022-09-01,30,6,0.2
2022-09-02,23,5,0.21739130434782608
2022-09-03,18,3,0.16666666666666666
2022-09-04,15,4,0.26666666666666666
2022-09-05,30,16,0.5333333333333333
2022-09-06,57,16,0.2807017543859649
2022-09-07,54,18,0.3333333333333333
2022-09-08,49,12,0.24489795918367346
2022-09-09,37,9,0.24324324324324326
2022-09-10,21,11,0.5238095238095238
2022-09-11,45,13,0.28888888888888886
2022-09-12,36,10,0.2777777777777778
2022-09-13,34,14,0.4117647058823529
2022-09-14,45,7,0.15555555555555556
2022-09-15,32,6,0.1875
2022-09-16,36,6,0.16666666666666666
2022-09-17,21,5,0.23809523809523808
2022-09-18,26,7,0.2692307692307692
2022-09-19,40,9,0.225
2022-09-20,42,9,0.21428571428571427
2022-09-21,41,9,0.21951219512195122
2022-09-22,32,9,0.28125
2022-09-23,27,8,0.2962962962962963
2022-09-24,32,5,0.15625
2022-09-25,25,10,0.4
2022-09-26,42,16,0.38095238095238093
2022-09-27,43,14,0.32558139534883723
2022-09-28,43,17,0.3953488372093023
2022-09-29,47,20,0.425531914893617
2022-09-30,53,4,0.07547169811320754
2022-10-01,17,6,0.35294117647058826
2022-10-02,29,10,0.3448275862068966
2022-10-03,41,18,0.43902439024390244
2022-10-04,47,12,0.2553191489361702
2022-10-05,34,9,0.2647058823529412
2022-10-06,42,10,0.23809523809523808
2022-10-07,32,9,0.28125
2022-10-08,30,9,0.3
2022-10-09,36,15,0.4166666666666667
2022-10-10,59,17,0.288135593220339
2022-10-11,49,15,0.30612244897959184
2022-10-12,43,14,0.32558139534883723
2022-10-13,48,11,0.22916666666666666
2022-10-14,34,8,0.23529411764705882
2022-10-15,27,7,0.25925925925925924
2022-10-16,32,11,0.34375
2022-10-17,59,10,0.1694915254237288
2022-10-18,32,8,0.25
2022-10-19,42,10,0.23809523809523808
2022-10-20,38,10,0.2631578947368421
2022-10-21,33,8,0.24242424242424243
2022-10-22,37,15,0.40540540540540543
2022-10-23,41,13,0.3170731707317073
2022-10-24,30,12,0.4
2022-10-25,51,18,0.35294117647058826
2022-10-26,55,12,0.21818181818181817
2022-10-27,43,14,0.32558139534883723
2022-10-28,38,10,0.2631578947368421
2022-10-29,30,3,0.1
2022-10-30,20,9,0.45
2022-10-31,37,11,0.2972972972972973
2022-11-01,41,12,0.2926829268292683
2022-11-02,32,8,0.25
2022-11-03,25,6,0.24
2022-11-04,19,3,0.15789473684210525
2022-11-05,11,6,0.5454545454545454
2022-11-06,26,12,0.46153846153846156
2022-11-07,45,17,0.37777777777777777
2022-11-08,52,11,0.21153846153846154
2022-11-09,37,5,0.13513513513513514
2022-11-10,29,6,0.20689655172413793
2022-11-11,32,9,0.28125
2022-11-12,40,12,0.3
2022-11-13,39,12,0.3076923076923077
2022-11-14,46,8,0.17391304347826086
2022-11-15,27,6,0.2222222222222222
2022-11-16,23,5,0.21739130434782608
2022-11-17,24,9,0.375
2022-11-18,40,4,0.1
2022-11-19,22,2,0.09090909090909091
2022-11-20,27,8,0.2962962962962963
2022-11-21,43,9,0.20930232558139536
2022-11-22,26,8,0.3076923076923077
2022-11-23,42,16,0.38095238095238093
2022-11-24,52,16,0.3076923076923077
2022-11-25,34,8,0.23529411764705882
2022-11-26,23,9,0.391304347826087
2022-11-27,32,14,0.4375
2022-11-28,59,19,0.3220338983050847
2022-11-29,66,16,0.24242424242424243
2022-11-30,68,15,0.22058823529411764
2022-12-01,50,16,0.32
2022-12-02,58,10,0.1724137931034483
2022-12-03,33,5,0.15151515151515152
2022-12-04,22,3,0.13636363636363635
2022-12-05,22,4,0.18181818181818182
2022-12-06,31,6,0.1935483870967742
2022-12-07,18,3,0.16666666666666666
2022-12-08,37,12,0.32432432432432434
2022-12-09,44,5,0.11363636363636363
2022-12-10,19,5,0.2631578947368421
2022-12-11,31,10,0.3225806451612903
2022-12-12,45,9,0.2
2022-12-13,36,12,0.3333333333333333
2022-12-14,40,8,0.2
2022-12-15,31,11,0.3548387096774194
2022-12-16,22,9,0.4090909090909091
2022-12-17,37,8,0.21621621621621623
2022-12-18,23,13,0.5652173913043478
2022-12-19,69,24,0.34782608695652173
2022-12-20,51,17,0.3333333333333333
2022-12-21,59,17,0.288135593220339
2022-12-22,41,13,0.3170731707317073
2022-12-23,39,14,0.358974358974359
2022-12-24,34,9,0.2647058823529412
2022-12-25,25,12,0.48
2022-12-26,33,14,0.42424242424242425
2022-12-27,45,12,0.26666666666666666
2022-12-28,37,9,0.24324324324324326
2022-12-29,43,10,0.23255813953488372
2022-12-30,33,10,0.30303030303030304
2022-12-31,27,12,0.4444444444444444
2023-01-01,36,14,0.3888888888888889
2023-01-02,34,8,0.23529411764705882
2023-01-03,30,6,0.2
2023-01-04,38,13,0.34210526315789475
2023-01-05,44,11,0.25
2023-01-06,35,11,0.3142857142857143
2023-01-07,38,14,0.3684210526315789
2023-01-08,35,14,0.4
2023-01-09,44,19,0.4318181818181818
2023-01-10,39,11,0.28205128205128205
2023-01-11,26,12,0.46153846153846156
2023-01-12,40,13,0.325
2023-01-13,35,12,0.34285714285714286
2023-01-14,33,17,0.5151515151515151
2023-01-15,39,13,0.3333333333333333
2023-01-16,51,17,0.3333333333333333
2023-01-17,45,11,0.24444444444444444
2023-01-18,19,6,0.3157894736842105
2023-01-19,33,16,0.48484848484848486
2023-01-20,40,10,0.25
2023-01-21,26,5,0.19230769230769232
2023-01-22,16,6,0.375
2023-01-23,32,5,0.15625
2023-01-24,28,12,0.42857142857142855
2023-01-25,32,15,0.46875
2023-01-26,48,9,0.1875
2023-01-27,29,6,0.20689655172413793
2023-01-28,25,9,0.36
2023-01-29,26,11,0.4230769230769231
2023-01-30,30,12,0.4
2023-01-31,34,7,0.20588235294117646
2023-02-01,34,8,0.23529411764705882
2023-02-02,38,9,0.23684210526315788
2023-02-03,43,10,0.23255813953488372
2023-02-04,34,10,0.29411764705882354
2023-02-05,28,11,0.39285714285714285
2023-02-06,40,7,0.175
2023-02-07,31,11,0.3548387096774194
2023-02-08,40,5,0.125
2023-02-09,23,6,0.2608695652173913
2023-02-10,40,9,0.225
2023-02-11,24,10,0.4166666666666667
2023-02-12,42,12,0.2857142857142857
2023-02-13,42,15,0.35714285714285715
2023-02-14,45,17,0.37777777777777777
2023-02-15,42,14,0.3333333333333333
2023-02-16,45,15,0.3333333333333333
2023-02-17,40,6,0.15
2023-02-18,27,8,0.2962962962962963
2023-02-19,24,9,0.375
2023-02-20,40,13,0.325
2023-02-21,54,18,0.3333333333333333
2023-02-22,50,13,0.26
2023-02-23,52,15,0.28846153846153844
2023-02-24,45,13,0.28888888888888886
2023-02-25,33,12,0.36363636363636365
2023-02-26,33,6,0.18181818181818182
2023-02-27,35,10,0.2857142857142857
2023-02-28,33,11,0.3333333333333333
2023-03-01,46,17,0.3695652173913043
2023-03-02,51,20,0.39215686274509803
2023-03-03,57,12,0.21052631578947367
2023-03-04,32,8,0.25
2023-03-05,26,6,0.23076923076923078
2023-03-06,49,17,0.3469387755102041
2023-03-07,47,12,0.2553191489361702
2023-03-08,38,11,0.2894736842105263
2023-03-09,36,7,0.19444444444444445
2023-03-10,33,7,0.21212121212121213
2023-03-11,22,10,0.45454545454545453
2023-03-12,37,10,0.2702702702702703
2023-03-13,37,15,0.40540540540540543
2023-03-14,63,14,0.2222222222222222
2023-03-15,44,8,0.18181818181818182
2023-03-16,32,8,0.25
2023-03-17,47,12,0.2553191489361702
2023-03-18,35,8,0.22857142857142856
2023-03-19,15,6,0.4
2023-03-20,46,9,0.1956521739130435
2023-03-21,25,9,0.36
2023-03-22,37,13,0.35135135135135137
2023-03-23,51,9,0.17647058823529413
2023-03-24,23,4,0.17391304347826086
2023-03-25,18,7,0.3888888888888889
2023-03-26,25,7,0.28
2023-03-27,44,10,0.22727272727272727
2023-03-28,43,12,0.27906976744186046
2023-03-29,41,15,0.36585365853658536
2023-03-30,42,10,0.23809523809523808
2023-03-31,29,5,0.1724137931034483
2023-04-01,11,5,0.45454545454545453
2023-04-02,27,12,0.4444444444444444
2023-04-03,37,13,0.35135135135135137
2023-04-04,33,7,0.21212121212121213
2023-04-05,34,8,0.23529411764705882
2023-04-06,20,5,0.25
2023-04-07,22,6,0.2727272727272727
2023-04-08,27,8,0.2962962962962963
2023-04-09,20,4,0.2
2023-04-10,37,11,0.2972972972972973
2023-04-11,35,12,0.34285714285714286
2023-04-12,43,16,0.37209302325581395
2023-04-13,35,6,0.17142857142857143
2023-04-14,28,3,0.10714285714285714
2023-04-15,34,10,0.29411764705882354
2023-04-16,35,7,0.2
2023-04-17,27,8,0.2962962962962963
2023-04-18,35,9,0.2571428571428571
2023-04-19,30,9,0.3
2023-04-20,42,10,0.23809523809523808
2023-04-21,43,11,0.2558139534883721
2023-04-22,26,8,0.3076923076923077
2023-04-23,26,14,0.5384615384615384
2023-04-24,40,9,0.225
2023-04-25,23,10,0.43478260869565216
2023-04-26,36,12,0.3333333333333333
2023-04-27,39,12,0.3076923076923077
2023-04-28,40,7,0.175
2023-04-29,24,8,0.3333333333333333
2023-04-30,34,8,0.23529411764705882
2023-05-01,29,6,0.20689655172413793
2023-05-02,29,9,0.3103448275862069
2023-05-03,43,17,0.3953488372093023
2023-05-04,39,16,0.41025641025641024
2023-05-05,43,13,0.3023255813953488
2023-05-06,30,9,0.3
2023-05-07,27,11,0.4074074074074074
2023-05-08,46,13,0.2826086956521739
2023-05-09,41,8,0.1951219512195122
2023-05-10,35,11,0.3142857142857143
2023-05-11,44,13,0.29545454545454547
2023-05-12,46,9,0.1956521739130435
2023-05-13,17,5,0.29411764705882354
2023-05-14,27,8,0.2962962962962963
2023-05-15,33,17,0.5151515151515151
2023-05-16,56,15,0.26785714285714285
2023-05-17,63,6,0.09523809523809523
2023-05-18,40,12,0.3
2023-05-19,39,8,0.20512820512820512
2023-05-20,21,13,0.6190476190476191
2023-05-21,32,7,0.21875
2023-05-22,37,10,0.2702702702702703
2023-05-23,34,10,0.29411764705882354
2023-05-24,31,9,0.2903225806451613
2023-05-25,29,6,0.20689655172413793
2023-05-26,33,9,0.2727272727272727
2023-05-27,28,6,0.21428571428571427
2023-05-28,26,3,0.11538461538461539
2023-05-29,18,7,0.3888888888888889
2023-05-30,38,15,0.39473684210526316
2023-05-31,58,20,0.3448275862068966
2023-06-01,54,14,0.25925925925925924
2023-06-02,55,7,0.12727272727272726
2023-06-03,22,9,0.4090909090909091
2023-06-04,36,16,0.4444444444444444
2023-06-05,53,16,0.3018867924528302
2023-06-06,33,10,0.30303030303030304
2023-06-07,25,7,0.28
2023-06-08,31,12,0.3870967741935484
2023-06-09,43,10,0.23255813953488372
2023-06-10,26,3,0.11538461538461539
2023-06-11,19,6,0.3157894736842105
2023-06-12,40,16,0.4
2023-06-13,53,19,0.3584905660377358
2023-06-14,42,21,0.5
2023-06-15,42,13,0.30952380952380953
2023-06-16,32,10,0.3125
2023-06-17,23,8,0.34782608695652173
2023-06-18,25,10,0.4
2023-06-19,39,14,0.358974358974359
2023-06-20,71,20,0.28169014084507044
2023-06-21,45,13,0.28888888888888886
2023-06-22,45,12,0.26666666666666666
2023-06-23,44,15,0.3409090909090909
2023-06-24,35,6,0.17142857142857143
2023-06-25,13,6,0.46153846153846156
2023-06-26,34,6,0.17647058823529413
2023-06-27,21,7,0.3333333333333333
2023-06-28,32,10,0.3125
2023-06-29,37,15,0.40540540540540543
2023-06-30,46,15,0.32608695652173914
2023-07-01,37,12,0.32432432432432434
2023-07-02,31,12,0.3870967741935484
2023-07-03,50,8,0.16
2023-07-04,42,11,0.2619047619047619
2023-07-05,49,15,0.30612244897959184
2023-07-06,42,15,0.35714285714285715
2023-07-07,38,11,0.2894736842105263
2023-07-08,28,13,0.4642857142857143
2023-07-09,25,6,0.24
2023-07-10,20,5,0.25
2023-07-11,28,14,0.5
2023-07-12,42,12,0.2857142857142857
2023-07-13,44,13,0.29545454545454547
2023-07-14,32,8,0.25
2023-07-15,23,8,0.34782608695652173
2023-07-16,32,13,0.40625
2023-07-17,38,8,0.21052631578947367
2023-07-18,20,5,0.25
2023-07-19,19,8,0.42105263157894735
2023-07-20,38,17,0.4473684210526316
2023-07-21,46,14,0.30434782608695654
2023-07-22,40,17,0.425
2023-07-23,43,14,0.32558139534883723
2023-07-24,49,13,0.2653061224489796
2023-07-25,40,14,0.35
2023-07-26,31,9,0.2903225806451613
2023-07-27,26,6,0.23076923076923078
2023-07-28,37,14,0.3783783783783784
2023-07-29,34,8,0.23529411764705882
2023-07-30,40,18,0.45
2023-07-31,60,20,0.3333333333333333
2023-08-01,50,13,0.26
2023-08-02,40,9,0.225
2023-08-03,29,10,0.3448275862068966
2023-08-04,29,7,0.2413793103448276
2023-08-05,27,11,0.4074074074074074
2023-08-06,38,10,0.2631578947368421
2023-08-07,44,11,0.25
2023-08-08,35,7,0.2
2023-08-09,37,8,0.21621621621621623
2023-08-10,33,9,0.2727272727272727
2023-08-11,38,8,0.21052631578947367
2023-08-12,28,7,0.25
2023-08-13,36,9,0.25
2023-08-14,31,12,0.3870967741935484
2023-08-15,39,12,0.3076923076923077
2023-08-16,40,11,0.275
2023-08-17,36,12,0.3333333333333333
2023-08-18,43,7,0.16279069767441862
2023-08-19,30,11,0.36666666666666664
2023-08-20,33,11,0.3333333333333333
2023-08-21,43,11,0.2558139534883721
2023-08-22,32,11,0.34375
2023-08-23,38,8,0.21052631578947367
2023-08-24,28,8,0.2857142857142857
2023-08-25,46,10,0.21739130434782608
2023-08-26,28,9,0.32142857142857145
2023-08-27,34,13,0.38235294117647056
2023-08-28,59,14,0.23728813559322035
2023-08-29,45,4,0.08888888888888889
2023-08-30,32,7,0.21875
2023-08-31,27,6,0.2222222222222222
2023-09-01,30,8,0.26666666666666666
2023-09-02,26,8,0.3076923076923077
2023-09-03,24,10,0.4166666666666667
2023-09-04,34,12,0.35294117647058826
2023-09-05,43,12,0.27906976744186046
2023-09-06,37,9,0.24324324324324326
2023-09-07,29,10,0.3448275862068966
2023-09-08,41,8,0.1951219512195122
2023-09-09,23,6,0.2608695652173913
2023-09-10,28,10,0.35714285714285715
2023-09-11,29,9,0.3103448275862069
2023-09-12,29,13,0.4482758620689655
2023-09-13,35,10,0.2857142857142857
2023-09-14,36,8,0.2222222222222222
2023-09-15,33,9,0.2727272727272727
2023-09-16,32,10,0.3125
2023-09-17,34,10,0.29411764705882354
2023-09-18,41,9,0.21951219512195122
2023-09-19,48,14,0.2916666666666667
2023-09-20,53,18,0.33962264150943394
2023-09-21,43,14,0.32558139534883723
2023-09-22,48,9,0.1875
2023-09-23,23,6,0.2608695652173913
2023-09-24,13,5,0.38461538461538464
2023-09-25,25,9,0.36
2023-09-26,32,13,0.40625
2023-09-27,34,16,0.47058823529411764
2023-09-28,47,11,0.23404255319148937
2023-09-29,36,9,0.25
2023-09-30,28,8,0.2857142857142857
2023-10-01,31,7,0.22580645161290322
2023-10-02,34,9,0.2647058823529412
2023-10-03,36,9,0.25
2023-10-04,34,11,0.3235294117647059
2023-10-05,45,11,0.24444444444444444
2023-10-06,36,9,0.25
2023-10-07,34,12,0.35294117647058826
2023-10-08,36,14,0.3888888888888889
2023-10-09,44,10,0.22727272727272727
2023-10-10,43,11,0.2558139534883721
2023-10-11,40,14,0.35
2023-10-12,39,8,0.20512820512820512
2023-10-13,38,9,0.23684210526315788
2023-10-14,22,6,0.2727272727272727
2023-10-15,25,6,0.24
2023-10-16,31,7,0.22580645161290322
2023-10-17,47,9,0.19148936170212766
2023-10-18,30,7,0.23333333333333334
2023-10-19,39,12,0.3076923076923077
2023-10-20,31,10,0.3225806451612903
2023-10-21,26,2,0.07692307692307693
2023-10-22,19,5,0.2631578947368421
2023-10-23,31,12,0.3870967741935484
2023-10-24,42,11,0.2619047619047619
2023-10-25,43,10,0.23255813953488372
2023-10-26,33,11,0.3333333333333333
2023-10-27,34,9,0.2647058823529412
2023-10-28,16,4,0.25
2023-10-29,25,8,0.32
2023-10-30,21,5,0.23809523809523808
2023-10-31,21,6,0.2857142857142857
2023-11-01,23,6,0.2608695652173913
2023-11-02,35,12,0.34285714285714286
2023-11-03,31,10,0.3225806451612903
2023-11-04,26,7,0.2692307692307692
2023-11-05,18,3,0.16666666666666666
2023-11-06,41,11,0.2682926829268293
2023-11-07,29,11,0.3793103448275862
2023-11-08,37,12,0.32432432432432434
2023-11-09,38,9,0.23684210526315788
2023-11-10,27,10,0.37037037037037035
2023-11-11,27,13,0.48148148148148145
2023-11-12,27,11,0.4074074074074074
2023-11-13,38,10,0.2631578947368421
2023-11-14,30,3,0.1
2023-11-15,15,5,0.3333333333333333
2023-11-16,21,6,0.2857142857142857
2023-11-17,32,8,0.25
2023-11-18,24,9,0.375
2023-11-19,26,7,0.2692307692307692
2023-11-20,24,8,0.3333333333333333
2023-11-21,25,10,0.4
2023-11-22,33,11,0.3333333333333333
2023-11-23,33,9,0.2727272727272727
2023-11-24,34,13,0.38235294117647056
2023-11-25,34,15,0.4411764705882353
2023-11-26,34,9,0.2647058823529412
2023-11-27,26,11,0.4230769230769231
2023-11-28,36,10,0.2777777777777778
2023-11-29,27,10,0.37037037037037035
2023-11-30,28,11,0.39285714285714285
2023-12-01,37,9,0.24324324324324326
2023-12-02,23,4,0.17391304347826086
2023-12-03,16,6,0.375
2023-12-04,49,11,0.22448979591836735
2023-12-05,27,8,0.2962962962962963
2023-12-06,25,10,0.4
2023-12-07,31,12,0.3870967741935484
2023-12-08,36,12,0.3333333333333333
2023-12-09,28,8,0.2857142857142857
2023-12-10,28,11,0.39285714285714285
2023-12-11,36,9,0.25
2023-12-12,29,11,0.3793103448275862
2023-12-13,34,12,0.35294117647058826
2023-12-14,35,15,0.42857142857142855
2023-12-15,42,9,0.21428571428571427
2023-12-16,30,13,0.43333333333333335
2023-12-17,28,12,0.42857142857142855
2023-12-18,42,16,0.38095238095238093
2023-12-19,50,11,0.22
2023-12-20,36,7,0.19444444444444445
2023-12-21,33,10,0.30303030303030304
2023-12-22,31,7,0.22580645161290322
2023-12-23,39,8,0.20512820512820512
2023-12-24,20,4,0.2
2023-12-25,12,3,0.25
2023-12-26,21,9,0.42857142857142855
2023-12-27,34,10,0.29411764705882354
2023-12-28,33,10,0.30303030303030304
2023-12-29,35,10,0.2857142857142857
2023-12-30,31,9,0.2903225806451613
2023-12-31,23,3,0.13043478260869565
2024-01-01,18,9,0.5
2024-01-02,36,11,0.3055555555555556
2024-01-03,51,10,0.19607843137254902
2024-01-04,29,8,0.27586206896551724
2024-01-05,39,14,0.358974358974359
2024-01-06,42,12,0.2857142857142857
2024-01-07,45,14,0.3111111111111111
2024-01-08,52,17,0.3269230769230769
2024-01-09,46,16,0.34782608695652173
2024-01-10,43,14,0.32558139534883723
2024-01-11,35,10,0.2857142857142857
2024-01-12,40,2,0.05
2024-01-13,31,11,0.3548387096774194
2024-01-14,35,10,0.2857142857142857
2024-01-15,37,14,0.3783783783783784
2024-01-16,50,17,0.34
2024-01-17,39,11,0.28205128205128205
2024-01-18,34,12,0.35294117647058826
2024-01-19,32,9,0.28125
2024-01-20,28,10,0.35714285714285715
2024-01-21,21,10,0.47619047619047616
2024-01-22,29,14,0.4827586206896552
2024-01-23,44,15,0.3409090909090909
2024-01-24,41,11,0.2682926829268293
2024-01-25,41,14,0.34146341463414637
2024-01-26,40,12,0.3
2024-01-27,21,4,0.19047619047619047
2024-01-28,24,7,0.2916666666666667
2024-01-29,40,17,0.425
2024-01-30,46,16,0.34782608695652173
2024-01-31,44,8,0.18181818181818182
2024-02-01,34,15,0.4411764705882353
2024-02-02,45,7,0.15555555555555556
2024-02-03,30,10,0.3333333333333333
2024-02-04,23,9,0.391304347826087
2024-02-05,36,17,0.4722222222222222
2024-02-06,51,18,0.35294117647058826
2024-02-07,69,13,0.18840579710144928
2024-02-08,41,10,0.24390243902439024
2024-02-09,34,7,0.20588235294117646
2024-02-10,30,7,0.23333333333333334
2024-02-11,35,10,0.2857142857142857
2024-02-12,46,11,0.2391304347826087
2024-02-13,34,9,0.2647058823529412
2024-02-14,39,11,0.28205128205128205
2024-02-15,32,13,0.40625
2024-02-16,39,9,0.23076923076923078
2024-02-17,24,7,0.2916666666666667
2024-02-18,29,11,0.3793103448275862
2024-02-19,61,19,0.3114754098360656
2024-02-20,41,15,0.36585365853658536
2024-02-21,40,17,0.425
2024-02-22,55,19,0.34545454545454546
2024-02-23,41,11,0.2682926829268293
2024-02-24,26,11,0.4230769230769231
2024-02-25,27,10,0.37037037037037035
2024-02-26,35,9,0.2571428571428571
2024-02-27,32,12,0.375
2024-02-28,29,13,0.4482758620689655
2024-02-29,31,7,0.22580645161290322
2024-03-01,18,5,0.2777777777777778
2024-03-02,24,8,0.3333333333333333
2024-03-03,29,10,0.3448275862068966
2024-03-04,30,9,0.3
2024-03-05,34,13,0.38235294117647056
2024-03-06,46,15,0.32608695652173914
2024-03-07,43,8,0.18604651162790697
2024-03-08,33,10,0.30303030303030304
2024-03-09,29,10,0.3448275862068966
2024-03-10,33,13,0.3939393939393939
2024-03-11,54,15,0.2777777777777778
2024-03-12,34,13,0.38235294117647056
2024-03-13,35,7,0.2
2024-03-14,26,10,0.38461538461538464
2024-03-15,55,16,0.2909090909090909
2024-03-16,37,13,0.35135135135135137
2024-03-17,47,15,0.3191489361702128
2024-03-18,41,12,0.2926829268292683
2024-03-19,39,12,0.3076923076923077
2024-03-20,35,15,0.42857142857142855
2024-03-21,46,12,0.2608695652173913
2024-03-22,47,9,0.19148936170212766
2024-03-23,19,7,0.3684210526315789
2024-03-24,18,7,0.3888888888888889
2024-03-25,39,14,0.358974358974359
2024-03-26,53,15,0.2830188679245283
2024-03-27,37,11,0.2972972972972973
2024-03-28,36,7,0.19444444444444445
2024-03-29,29,7,0.2413793103448276
2024-03-30,24,9,0.375
2024-03-31,27,0,0.0
